[2m2026-09-02T18:33:05.219995Z[0m [32m INFO[0m [2mtushare_sync[0m[2m:[0m === sync start === [3mcode[0m[2m=[0m"159776"
[2m2026-09-02T18:33:15.686601Z[0m [32m INFO[0m [2mtushare_sync[0m[2m:[0m first data year found [3mcode[0m[2m=[0m"159776" [3mfirst_year[0m[2m=[0m2022
[2m2026-09-02T18:33:16.308497Z[0m [32m INFO[0m [2mtushare_sync[0m[2m:[0m window synced [3mcode[0m[2m=[0m"159776" [3mwindow[0m[2m=[0m2022-01-01..2022-01-30 [3mtotal[0m[2m=[0m0
[2m2026-09-02T18:33:17.309724Z[0m [32m INFO[0m [2mtushare_sync[0m[2m:[0m window synced [3mcode[0m[2m=[0m"159776" [3mwindow[0m[2m=[0m2022-01-31..2022-03-01 [3mtotal[0m[2m=[0m0
[2m2026-09-02T18:33:18.400385Z[0m [32m INFO[0m [2mtushare_sync[0m[2m:[0m window synced [3mcode[0m[2m=[0m"159776" [3mwindow[0m[2m=[0m2022-03-02..2022-03-31 [3mtotal[0m[2m=[0m1205
[2m2026-09-02T18:33:19.501531Z[0m [32m INFO[0m [2mtushare_sync[0m[2m:[0m window synced [3mcode[0m[2m=[0m"159776" [3mwindow[0m[2m=[0m2022-04-01..2022-04-30 [3mtotal[0m[2m=[0m5784
[2m2026-09-02T18:33:20.483276Z[0m [32m INFO[0m [2mtushare_sync[0m[2m:[0m window synced [3mcode[0m[2m=[0m"159776" [3mwindow[0m[2m=[0m2022-05-01..2022-05-30 [3mtotal[0m[2m=[0m10122
[2m2026-09-02T18:33:21.526406Z[0m [32m INFO[0m [2mtushare_sync[0m[2m:[0m window synced [3mcode[0m[2m=[0m"159776" [3mwindow[0m[2m=[0m2022-05-31..2022-06-29 [3mtotal[0m[2m=[0m15183
[2m2026-09-02T18:33:22.518682Z[0m [32m INFO[0m [2mtushare_sync[0m[2m:[0m window synced [3mcode[0m[2m=[0m"159776" [3mwindow[0m[2m=[0m2022-06-30..2022-07-29 [3mtotal[0m[2m=[0m20485
[2m2026-09-02T18:33:23.487084Z[0m [32m INFO[0m [2mtushare_sync[0m[2m:[0m window synced [3mcode[0m[2m=[0m"159776" [3mwindow[0m[2m=[0m2022-07-30..2022-08-28 [3mtotal[0m[2m=[0m25305
[2m2026-09-02T18:33:24.518934Z[0m [32m INFO[0m [2mtushare_sync[0m[2m:[0m window synced [3mcode[0m[2m=[0m"159776" [3mwindow[0m[2m=[0m2022-08-29..2022-09-27 [3mtotal[0m[2m=[0m30366
[2m2026-09-02T18:33:25.457487Z[0m [32m INFO[0m [2mtushare_sync[0m[2m:[0m window synced [3mcode[0m[2m=[0m"159776" [3mwindow[0m[2m=[0m2022-09-28..2022-10-27 [3mtotal[0m[2m=[0m34463
[2m2026-09-02T18:33:26.505996Z[0m [32m INFO[0m [2mtushare_sync[0m[2m:[0m window synced [3mcode[0m[2m=[0m"159776" [3mwindow[0m[2m=[0m2022-10-28..2022-11-26 [3mtotal[0m[2m=[0m39524
[2m2026-09-02T18:33:27.506809Z[0m [32m INFO[0m [2mtushare_sync[0m[2m:[0m window synced [3mcode[0m[2m=[0m"159776" [3mwindow[0m[2m=[0m2022-11-27..2022-12-26 [3mtotal[0m[2m=[0m44585
[2m2026-09-02T18:33:28.495736Z[0m [32m INFO[0m [2mtushare_sync[0m[2m:[0m window synced [3mcode[0m[2m=[0m"159776" [3mwindow[0m[2m=[0m2022-12-27..2023-01-25 [3mtotal[0m[2m=[0m48923
[2m2026-09-02T18:33:29.503048Z[0m [32m INFO[0m [2mtushare_sync[0m[2m:[0m window synced [3mcode[0m[2m=[0m"159776" [3mwindow[0m[2m=[0m2023-01-26..2023-02-24 [3mtotal[0m[2m=[0m53743
[2m2026-09-02T18:33:30.488251Z[0m [32m INFO[0m [2mtushare_sync[0m[2m:[0m window synced [3mcode[0m[2m=[0m"159776" [3mwindow[0m[2m=[0m2023-02-25..2023-03-26 [3mtotal[0m[2m=[0m58563
[2m2026-09-02T18:33:31.509192Z[0m [32m INFO[0m [2mtushare_sync[0m[2m:[0m window synced [3mcode[0m[2m=[0m"159776" [3mwindow[0m[2m=[0m2023-03-27..2023-04-25 [3mtotal[0m[2m=[0m63624
[2m2026-09-02T18:33:32.488672Z[0m [32m INFO[0m [2mtushare_sync[0m[2m:[0m window synced [3mcode[0m[2m=[0m"159776" [3mwindow[0m[2m=[0m2023-04-26..2023-05-25 [3mtotal[0m[2m=[0m68203
[2m2026-09-02T18:33:33.499585Z[0m [32m INFO[0m [2mtushare_sync[0m[2m:[0m window synced [3mcode[0m[2m=[0m"159776" [3mwindow[0m[2m=[0m2023-05-26..2023-06-24 [3mtotal[0m[2m=[0m72782
[2m2026-09-02T18:33:34.510411Z[0m [32m INFO[0m [2mtushare_sync[0m[2m:[0m window synced [3mcode[0m[2m=[0m"159776" [3mwindow[0m[2m=[0m2023-06-25..2023-07-24 [3mtotal[0m[2m=[0m77843
[2m2026-09-02T18:33:35.528643Z[0m [32m INFO[0m [2mtushare_sync[0m[2m:[0m window synced [3mcode[0m[2m=[0m"159776" [3mwindow[0m[2m=[0m2023-07-25..2023-08-23 [3mtotal[0m[2m=[0m83145
[2m2026-09-02T18:33:36.527940Z[0m [32m INFO[0m [2mtushare_sync[0m[2m:[0m window synced [3mcode[0m[2m=[0m"159776" [3mwindow[0m[2m=[0m2023-08-24..2023-09-22 [3mtotal[0m[2m=[0m88447
[2m2026-09-02T18:33:37.473752Z[0m [32m INFO[0m [2mtushare_sync[0m[2m:[0m window synced [3mcode[0m[2m=[0m"159776" [3mwindow[0m[2m=[0m2023-09-23..2023-10-22 [3mtotal[0m[2m=[0m91821
[2m2026-09-02T18:33:38.609105Z[0m [32m INFO[0m [2mtushare_sync[0m[2m:[0m window synced [3mcode[0m[2m=[0m"159776" [3mwindow[0m[2m=[0m2023-10-23..2023-11-21 [3mtotal[0m[2m=[0m97123
[2m2026-09-02T18:33:39.540990Z[0m [32m INFO[0m [2mtushare_sync[0m[2m:[0m window synced [3mcode[0m[2m=[0m"159776" [3mwindow[0m[2m=[0m2023-11-22..2023-12-21 [3mtotal[0m[2m=[0m102425
[2m2026-09-02T18:33:40.497573Z[0m [32m INFO[0m [2mtushare_sync[0m[2m:[0m window synced [3mcode[0m[2m=[0m"159776" [3mwindow[0m[2m=[0m2023-12-22..2024-01-20 [3mtotal[0m[2m=[0m107245
[2m2026-09-02T18:33:41.536684Z[0m [32m INFO[0m [2mtushare_sync[0m[2m:[0m window synced [3mcode[0m[2m=[0m"159776" [3mwindow[0m[2m=[0m2024-01-21..2024-02-19 [3mtotal[0m[2m=[0m110860
[2m2026-09-02T18:33:42.618026Z[0m [32m INFO[0m [2mtushare_sync[0m[2m:[0m window synced [3mcode[0m[2m=[0m"159776" [3mwindow[0m[2m=[0m2024-02-20..2024-03-20 [3mtotal[0m[2m=[0m116162
[2m2026-09-02T18:33:43.547345Z[0m [32m INFO[0m [2mtushare_sync[0m[2m:[0m window synced [3mcode[0m[2m=[0m"159776" [3mwindow[0m[2m=[0m2024-03-21..2024-04-19 [3mtotal[0m[2m=[0m120982
[2m2026-09-02T18:33:44.491324Z[0m [32m INFO[0m [2mtushare_sync[0m[2m:[0m window synced [3mcode[0m[2m=[0m"159776" [3mwindow[0m[2m=[0m2024-04-20..2024-05-19 [3mtotal[0m[2m=[0m125079
[2m2026-09-02T18:33:45.530081Z[0m [32m INFO[0m [2mtushare_sync[0m[2m:[0m window synced [3mcode[0m[2m=[0m"159776" [3mwindow[0m[2m=[0m2024-05-20..2024-06-18 [3mtotal[0m[2m=[0m130140
[2m2026-09-02T18:33:46.543892Z[0m [32m INFO[0m [2mtushare_sync[0m[2m:[0m window synced [3mcode[0m[2m=[0m"159776" [3mwindow[0m[2m=[0m2024-06-19..2024-07-18 [3mtotal[0m[2m=[0m135442
[2m2026-09-02T18:33:47.530946Z[0m [32m INFO[0m [2mtushare_sync[0m[2m:[0m window synced [3mcode[0m[2m=[0m"159776" [3mwindow[0m[2m=[0m2024-07-19..2024-08-17 [3mtotal[0m[2m=[0m140503
[2m2026-09-02T18:33:48.552137Z[0m [32m INFO[0m [2mtushare_sync[0m[2m:[0m window synced [3mcode[0m[2m=[0m"159776" [3mwindow[0m[2m=[0m2024-08-18..2024-09-16 [3mtotal[0m[2m=[0m145323
[2m2026-09-02T18:33:49.525758Z[0m [32m INFO[0m [2mtushare_sync[0m[2m:[0m window synced [3mcode[0m[2m=[0m"159776" [3mwindow[0m[2m=[0m2024-09-17..2024-10-16 [3mtotal[0m[2m=[0m149179
[2m2026-09-02T18:33:50.533870Z[0m [32m INFO[0m [2mtushare_sync[0m[2m:[0m window synced [3mcode[0m[2m=[0m"159776" [3mwindow[0m[2m=[0m2024-10-17..2024-11-15 [3mtotal[0m[2m=[0m154481
[2m2026-09-02T18:33:51.553581Z[0m [32m INFO[0m [2mtushare_sync[0m[2m:[0m window synced [3mcode[0m[2m=[0m"159776" [3mwindow[0m[2m=[0m2024-11-16..2024-12-15 [3mtotal[0m[2m=[0m159301
[2m2026-09-02T18:33:52.544620Z[0m [32m INFO[0m [2mtushare_sync[0m[2m:[0m window synced [3mcode[0m[2m=[0m"159776" [3mwindow[0m[2m=[0m2024-12-16..2025-01-14 [3mtotal[0m[2m=[0m164362
[2m2026-09-02T18:33:53.491069Z[0m [32m INFO[0m [2mtushare_sync[0m[2m:[0m window synced [3mcode[0m[2m=[0m"159776" [3mwindow[0m[2m=[0m2025-01-15..2025-02-13 [3mtotal[0m[2m=[0m168218
[2m2026-09-02T18:33:54.512495Z[0m [32m INFO[0m [2mtushare_sync[0m[2m:[0m window synced [3mcode[0m[2m=[0m"159776" [3mwindow[0m[2m=[0m2025-02-14..2025-03-15 [3mtotal[0m[2m=[0m173279
[2m2026-09-02T18:33:55.503079Z[0m [32m INFO[0m [2mtushare_sync[0m[2m:[0m window synced [3mcode[0m[2m=[0m"159776" [3mwindow[0m[2m=[0m2025-03-16..2025-04-14 [3mtotal[0m[2m=[0m178099
[2m2026-09-02T18:33:56.491970Z[0m [32m INFO[0m [2mtushare_sync[0m[2m:[0m window synced [3mcode[0m[2m=[0m"159776" [3mwindow[0m[2m=[0m2025-04-15..2025-05-14 [3mtotal[0m[2m=[0m182678
[2m2026-09-02T18:33:57.510180Z[0m [32m INFO[0m [2mtushare_sync[0m[2m:[0m window synced [3mcode[0m[2m=[0m"159776" [3mwindow[0m[2m=[0m2025-05-15..2025-06-13 [3mtotal[0m[2m=[0m187739
[2m2026-09-02T18:33:58.512700Z[0m [32m INFO[0m [2mtushare_sync[0m[2m:[0m window synced [3mcode[0m[2m=[0m"159776" [3mwindow[0m[2m=[0m2025-06-14..2025-07-13 [3mtotal[0m[2m=[0m192559
[2m2026-09-02T18:33:59.523254Z[0m [32m INFO[0m [2mtushare_sync[0m[2m:[0m window synced [3mcode[0m[2m=[0m"159776" [3mwindow[0m[2m=[0m2025-07-14..2025-08-12 [3mtotal[0m[2m=[0m197861
[2m2026-09-02T18:34:00.547588Z[0m [32m INFO[0m [2mtushare_sync[0m[2m:[0m window synced [3mcode[0m[2m=[0m"159776" [3mwindow[0m[2m=[0m2025-08-13..2025-09-11 [3mtotal[0m[2m=[0m203163
[2m2026-09-02T18:34:01.547159Z[0m [32m INFO[0m [2mtushare_sync[0m[2m:[0m window synced [3mcode[0m[2m=[0m"159776" [3mwindow[0m[2m=[0m2025-09-12..2025-10-11 [3mtotal[0m[2m=[0m206778
[2m2026-09-02T18:34:02.519723Z[0m [32m INFO[0m [2mtushare_sync[0m[2m:[0m window synced [3mcode[0m[2m=[0m"159776" [3mwindow[0m[2m=[0m2025-10-12..2025-11-10 [3mtotal[0m[2m=[0m211839
[2m2026-09-02T18:34:03.564110Z[0m [32m INFO[0m [2mtushare_sync[0m[2m:[0m window synced [3mcode[0m[2m=[0m"159776" [3mwindow[0m[2m=[0m2025-11-11..2025-12-10 [3mtotal[0m[2m=[0m217141
[2m2026-09-02T18:34:04.522359Z[0m [32m INFO[0m [2mtushare_sync[0m[2m:[0m window synced [3mcode[0m[2m=[0m"159776" [3mwindow[0m[2m=[0m2025-12-11..2026-01-09 [3mtotal[0m[2m=[0m221961
[2m2026-09-02T18:34:05.513033Z[0m [32m INFO[0m [2mtushare_sync[0m[2m:[0m window synced [3mcode[0m[2m=[0m"159776" [3mwindow[0m[2m=[0m2026-01-10..2026-02-08 [3mtotal[0m[2m=[0m226781
[2m2026-09-02T18:34:06.484864Z[0m [32m INFO[0m [2mtushare_sync[0m[2m:[0m window synced [3mcode[0m[2m=[0m"159776" [3mwindow[0m[2m=[0m2026-02-09..2026-03-10 [3mtotal[0m[2m=[0m230637
[2m2026-09-02T18:34:07.533620Z[0m [32m INFO[0m [2mtushare_sync[0m[2m:[0m window synced [3mcode[0m[2m=[0m"159776" [3mwindow[0m[2m=[0m2026-03-11..2026-04-09 [3mtotal[0m[2m=[0m235698
[2m2026-09-02T18:34:08.502783Z[0m [32m INFO[0m [2mtushare_sync[0m[2m:[0m window synced [3mcode[0m[2m=[0m"159776" [3mwindow[0m[2m=[0m2026-04-10..2026-05-09 [3mtotal[0m[2m=[0m240036
[2m2026-09-02T18:34:09.505925Z[0m [32m INFO[0m [2mtushare_sync[0m[2m:[0m window synced [3mcode[0m[2m=[0m"159776" [3mwindow[0m[2m=[0m2026-05-10..2026-06-08 [3mtotal[0m[2m=[0m245097
[2m2026-09-02T18:34:10.506599Z[0m [32m INFO[0m [2mtushare_sync[0m[2m:[0m window synced [3mcode[0m[2m=[0m"159776" [3mwindow[0m[2m=[0m2026-06-09..2026-07-08 [3mtotal[0m[2m=[0m250158
[2m2026-09-02T18:34:11.503523Z[0m [32m INFO[0m [2mtushare_sync[0m[2m:[0m window synced [3mcode[0m[2m=[0m"159776" [3mwindow[0m[2m=[0m2026-07-09..2026-08-07 [3mtotal[0m[2m=[0m255460
[2m2026-09-02T18:34:12.495016Z[0m [32m INFO[0m [2mtushare_sync[0m[2m:[0m window synced [3mcode[0m[2m=[0m"159776" [3mwindow[0m[2m=[0m2026-08-08..2026-09-03 [3mtotal[0m[2m=[0m259798
[2m2026-09-02T18:34:12.495057Z[0m [32m INFO[0m [2mtushare_sync[0m[2m:[0m === sync done === [3mcode[0m[2m=[0m"159776" [3mbars[0m[2m=[0m259798
[2m2026-09-02T18:34:12.495064Z[0m [32m INFO[0m [2mtushare_sync[0m[2m:[0m === sync start === [3mcode[0m[2m=[0m"161226"
[2m2026-09-02T18:34:16.535403Z[0m [32m INFO[0m [2mtushare_sync[0m[2m:[0m first data year found [3mcode[0m[2m=[0m"161226" [3mfirst_year[0m[2m=[0m2015
[2m2026-09-02T18:34:17.369794Z[0m [32m INFO[0m [2mtushare_sync[0m[2m:[0m window synced [3mcode[0m[2m=[0m"161226" [3mwindow[0m[2m=[0m2015-01-01..2015-01-30 [3mtotal[0m[2m=[0m0
[2m2026-09-02T18:34:18.367082Z[0m [32m INFO[0m [2mtushare_sync[0m[2m:[0m window synced [3mcode[0m[2m=[0m"161226" [3mwindow[0m[2m=[0m2015-01-31..2015-03-01 [3mtotal[0m[2m=[0m0
[2m2026-09-02T18:34:19.366976Z[0m [32m INFO[0m [2mtushare_sync[0m[2m:[0m window synced [3mcode[0m[2m=[0m"161226" [3mwindow[0m[2m=[0m2015-03-02..2015-03-31 [3mtotal[0m[2m=[0m0
[2m2026-09-02T18:34:20.374274Z[0m [32m INFO[0m [2mtushare_sync[0m[2m:[0m window synced [3mcode[0m[2m=[0m"161226" [3mwindow[0m[2m=[0m2015-04-01..2015-04-30 [3mtotal[0m[2m=[0m0
[2m2026-09-02T18:34:21.406433Z[0m [32m INFO[0m [2mtushare_sync[0m[2m:[0m window synced [3mcode[0m[2m=[0m"161226" [3mwindow[0m[2m=[0m2015-05-01..2015-05-30 [3mtotal[0m[2m=[0m0
[2m2026-09-02T18:34:22.600146Z[0m [32m INFO[0m [2mtushare_sync[0m[2m:[0m window synced [3mcode[0m[2m=[0m"161226" [3mwindow[0m[2m=[0m2015-05-31..2015-06-29 [3mtotal[0m[2m=[0m0
[2m2026-09-02T18:34:23.378051Z[0m [32m INFO[0m [2mtushare_sync[0m[2m:[0m window synced [3mcode[0m[2m=[0m"161226" [3mwindow[0m[2m=[0m2015-06-30..2015-07-29 [3mtotal[0m[2m=[0m0
[2m2026-09-02T18:34:24.479950Z[0m [32m INFO[0m [2mtushare_sync[0m[2m:[0m window synced [3mcode[0m[2m=[0m"161226" [3mwindow[0m[2m=[0m2015-07-30..2015-08-28 [3mtotal[0m[2m=[0m2410
[2m2026-09-02T18:34:25.546470Z[0m [32m INFO[0m [2mtushare_sync[0m[2m:[0m window synced [3mcode[0m[2m=[0m"161226" [3mwindow[0m[2m=[0m2015-08-29..2015-09-27 [3mtotal[0m[2m=[0m6748
[2m2026-09-02T18:34:26.543476Z[0m [32m INFO[0m [2mtushare_sync[0m[2m:[0m window synced [3mcode[0m[2m=[0m"161226" [3mwindow[0m[2m=[0m2015-09-28..2015-10-27 [3mtotal[0m[2m=[0m10845
[2m2026-09-02T18:34:27.590738Z[0m [32m INFO[0m [2mtushare_sync[0m[2m:[0m window synced [3mcode[0m[2m=[0m"161226" [3mwindow[0m[2m=[0m2015-10-28..2015-11-26 [3mtotal[0m[2m=[0m16147
[2m2026-09-02T18:34:28.563444Z[0m [32m INFO[0m [2mtushare_sync[0m[2m:[0m window synced [3mcode[0m[2m=[0m"161226" [3mwindow[0m[2m=[0m2015-11-27..2015-12-26 [3mtotal[0m[2m=[0m21208
[2m2026-09-02T18:34:29.560829Z[0m [32m INFO[0m [2mtushare_sync[0m[2m:[0m window synced [3mcode[0m[2m=[0m"161226" [3mwindow[0m[2m=[0m2015-12-27..2016-01-25 [3mtotal[0m[2m=[0m26028
[2m2026-09-02T18:34:30.555393Z[0m [32m INFO[0m [2mtushare_sync[0m[2m:[0m window synced [3mcode[0m[2m=[0m"161226" [3mwindow[0m[2m=[0m2016-01-26..2016-02-24 [3mtotal[0m[2m=[0m30125
[2m2026-09-02T18:34:31.579494Z[0m [32m INFO[0m [2mtushare_sync[0m[2m:[0m window synced [3mcode[0m[2m=[0m"161226" [3mwindow[0m[2m=[0m2016-02-25..2016-03-25 [3mtotal[0m[2m=[0m35427
[2m2026-09-02T18:34:32.549569Z[0m [32m INFO[0m [2mtushare_sync[0m[2m:[0m window synced [3mcode[0m[2m=[0m"161226" [3mwindow[0m[2m=[0m2016-03-26..2016-04-24 [3mtotal[0m[2m=[0m40006
[2m2026-09-02T18:34:33.585966Z[0m [32m INFO[0m [2mtushare_sync[0m[2m:[0m window synced [3mcode[0m[2m=[0m"161226" [3mwindow[0m[2m=[0m2016-04-25..2016-05-24 [3mtotal[0m[2m=[0m45067
[2m2026-09-02T18:34:34.646282Z[0m [32m INFO[0m [2mtushare_sync[0m[2m:[0m window synced [3mcode[0m[2m=[0m"161226" [3mwindow[0m[2m=[0m2016-05-25..2016-06-23 [3mtotal[0m[2m=[0m49887
[2m2026-09-02T18:34:35.547821Z[0m [32m INFO[0m [2mtushare_sync[0m[2m:[0m window synced [3mcode[0m[2m=[0m"161226" [3mwindow[0m[2m=[0m2016-06-24..2016-07-23 [3mtotal[0m[2m=[0m54948
[2m2026-09-02T18:34:36.553906Z[0m [32m INFO[0m [2mtushare_sync[0m[2m:[0m window synced [3mcode[0m[2m=[0m"161226" [3mwindow[0m[2m=[0m2016-07-24..2016-08-22 [3mtotal[0m[2m=[0m60009
[2m2026-09-02T18:34:37.613610Z[0m [32m INFO[0m [2mtushare_sync[0m[2m:[0m window synced [3mcode[0m[2m=[0m"161226" [3mwindow[0m[2m=[0m2016-08-23..2016-09-21 [3mtotal[0m[2m=[0m64829
[2m2026-09-02T18:34:38.545253Z[0m [32m INFO[0m [2mtushare_sync[0m[2m:[0m window synced [3mcode[0m[2m=[0m"161226" [3mwindow[0m[2m=[0m2016-09-22..2016-10-21 [3mtotal[0m[2m=[0m68926
[2m2026-09-02T18:34:39.560183Z[0m [32m INFO[0m [2mtushare_sync[0m[2m:[0m window synced [3mcode[0m[2m=[0m"161226" [3mwindow[0m[2m=[0m2016-10-22..2016-11-20 [3mtotal[0m[2m=[0m73746
[2m2026-09-02T18:34:40.578611Z[0m [32m INFO[0m [2mtushare_sync[0m[2m:[0m window synced [3mcode[0m[2m=[0m"161226" [3mwindow[0m[2m=[0m2016-11-21..2016-12-20 [3mtotal[0m[2m=[0m79048
[2m2026-09-02T18:34:41.585335Z[0m [32m INFO[0m [2mtushare_sync[0m[2m:[0m window synced [3mcode[0m[2m=[0m"161226" [3mwindow[0m[2m=[0m2016-12-21..2017-01-19 [3mtotal[0m[2m=[0m84109
[2m2026-09-02T18:34:42.539575Z[0m [32m INFO[0m [2mtushare_sync[0m[2m:[0m window synced [3mcode[0m[2m=[0m"161226" [3mwindow[0m[2m=[0m2017-01-20..2017-02-18 [3mtotal[0m[2m=[0m87965
[2m2026-09-02T18:34:43.589458Z[0m [32m INFO[0m [2mtushare_sync[0m[2m:[0m window synced [3mcode[0m[2m=[0m"161226" [3mwindow[0m[2m=[0m2017-02-19..2017-03-20 [3mtotal[0m[2m=[0m93026
[2m2026-09-02T18:34:44.573631Z[0m [32m INFO[0m [2mtushare_sync[0m[2m:[0m window synced [3mcode[0m[2m=[0m"161226" [3mwindow[0m[2m=[0m2017-03-21..2017-04-19 [3mtotal[0m[2m=[0m97846
[2m2026-09-02T18:34:45.891974Z[0m [32m INFO[0m [2mtushare_sync[0m[2m:[0m window synced [3mcode[0m[2m=[0m"161226" [3mwindow[0m[2m=[0m2017-04-20..2017-05-19 [3mtotal[0m[2m=[0m102907
[2m2026-09-02T18:34:46.577302Z[0m [32m INFO[0m [2mtushare_sync[0m[2m:[0m window synced [3mcode[0m[2m=[0m"161226" [3mwindow[0m[2m=[0m2017-05-20..2017-06-18 [3mtotal[0m[2m=[0m107245
[2m2026-09-02T18:34:47.596198Z[0m [32m INFO[0m [2mtushare_sync[0m[2m:[0m window synced [3mcode[0m[2m=[0m"161226" [3mwindow[0m[2m=[0m2017-06-19..2017-07-18 [3mtotal[0m[2m=[0m112547
[2m2026-09-02T18:34:48.589287Z[0m [32m INFO[0m [2mtushare_sync[0m[2m:[0m window synced [3mcode[0m[2m=[0m"161226" [3mwindow[0m[2m=[0m2017-07-19..2017-08-17 [3mtotal[0m[2m=[0m117849
[2m2026-09-02T18:34:49.578986Z[0m [32m INFO[0m [2mtushare_sync[0m[2m:[0m window synced [3mcode[0m[2m=[0m"161226" [3mwindow[0m[2m=[0m2017-08-18..2017-09-16 [3mtotal[0m[2m=[0m122910
[2m2026-09-02T18:34:50.560705Z[0m [32m INFO[0m [2mtushare_sync[0m[2m:[0m window synced [3mcode[0m[2m=[0m"161226" [3mwindow[0m[2m=[0m2017-09-17..2017-10-16 [3mtotal[0m[2m=[0m126766
[2m2026-09-02T18:34:51.574313Z[0m [32m INFO[0m [2mtushare_sync[0m[2m:[0m window synced [3mcode[0m[2m=[0m"161226" [3mwindow[0m[2m=[0m2017-10-17..2017-11-15 [3mtotal[0m[2m=[0m132068
[2m2026-09-02T18:34:52.609918Z[0m [32m INFO[0m [2mtushare_sync[0m[2m:[0m window synced [3mcode[0m[2m=[0m"161226" [3mwindow[0m[2m=[0m2017-11-16..2017-12-15 [3mtotal[0m[2m=[0m137370
[2m2026-09-02T18:34:53.618692Z[0m [32m INFO[0m [2mtushare_sync[0m[2m:[0m window synced [3mcode[0m[2m=[0m"161226" [3mwindow[0m[2m=[0m2017-12-16..2018-01-14 [3mtotal[0m[2m=[0m141949
[2m2026-09-02T18:34:54.578425Z[0m [32m INFO[0m [2mtushare_sync[0m[2m:[0m window synced [3mcode[0m[2m=[0m"161226" [3mwindow[0m[2m=[0m2018-01-15..2018-02-13 [3mtotal[0m[2m=[0m147251
[2m2026-09-02T18:34:55.578648Z[0m [32m INFO[0m [2mtushare_sync[0m[2m:[0m window synced [3mcode[0m[2m=[0m"161226" [3mwindow[0m[2m=[0m2018-02-14..2018-03-15 [3mtotal[0m[2m=[0m151348
[2m2026-09-02T18:34:56.582728Z[0m [32m INFO[0m [2mtushare_sync[0m[2m:[0m window synced [3mcode[0m[2m=[0m"161226" [3mwindow[0m[2m=[0m2018-03-16..2018-04-14 [3mtotal[0m[2m=[0m155927
[2m2026-09-02T18:34:57.578941Z[0m [32m INFO[0m [2mtushare_sync[0m[2m:[0m window synced [3mcode[0m[2m=[0m"161226" [3mwindow[0m[2m=[0m2018-04-15..2018-05-14 [3mtotal[0m[2m=[0m160506
[2m2026-09-02T18:34:58.597440Z[0m [32m INFO[0m [2mtushare_sync[0m[2m:[0m window synced [3mcode[0m[2m=[0m"161226" [3mwindow[0m[2m=[0m2018-05-15..2018-06-13 [3mtotal[0m[2m=[0m165808
[2m2026-09-02T18:34:59.606426Z[0m [32m INFO[0m [2mtushare_sync[0m[2m:[0m window synced [3mcode[0m[2m=[0m"161226" [3mwindow[0m[2m=[0m2018-06-14..2018-07-13 [3mtotal[0m[2m=[0m170869
[2m2026-09-02T18:35:00.577817Z[0m [32m INFO[0m [2mtushare_sync[0m[2m:[0m window synced [3mcode[0m[2m=[0m"161226" [3mwindow[0m[2m=[0m2018-07-14..2018-08-12 [3mtotal[0m[2m=[0m175689
[2m2026-09-02T18:35:01.639987Z[0m [32m INFO[0m [2mtushare_sync[0m[2m:[0m window synced [3mcode[0m[2m=[0m"161226" [3mwindow[0m[2m=[0m2018-08-13..2018-09-11 [3mtotal[0m[2m=[0m180991
[2m2026-09-02T18:35:02.566431Z[0m [32m INFO[0m [2mtushare_sync[0m[2m:[0m window synced [3mcode[0m[2m=[0m"161226" [3mwindow[0m[2m=[0m2018-09-12..2018-10-11 [3mtotal[0m[2m=[0m184847
[2m2026-09-02T18:35:03.589762Z[0m [32m INFO[0m [2mtushare_sync[0m[2m:[0m window synced [3mcode[0m[2m=[0m"161226" [3mwindow[0m[2m=[0m2018-10-12..2018-11-10 [3mtotal[0m[2m=[0m189908
[2m2026-09-02T18:35:04.602287Z[0m [32m INFO[0m [2mtushare_sync[0m[2m:[0m window synced [3mcode[0m[2m=[0m"161226" [3mwindow[0m[2m=[0m2018-11-11..2018-12-10 [3mtotal[0m[2m=[0m194969
[2m2026-09-02T18:35:05.890068Z[0m [32m INFO[0m [2mtushare_sync[0m[2m:[0m window synced [3mcode[0m[2m=[0m"161226" [3mwindow[0m[2m=[0m2018-12-11..2019-01-09 [3mtotal[0m[2m=[0m199789
[2m2026-09-02T18:35:06.584996Z[0m [32m INFO[0m [2mtushare_sync[0m[2m:[0m window synced [3mcode[0m[2m=[0m"161226" [3mwindow[0m[2m=[0m2019-01-10..2019-02-08 [3mtotal[0m[2m=[0m203886
[2m2026-09-02T18:35:07.598850Z[0m [32m INFO[0m [2mtushare_sync[0m[2m:[0m window synced [3mcode[0m[2m=[0m"161226" [3mwindow[0m[2m=[0m2019-02-09..2019-03-10 [3mtotal[0m[2m=[0m208706
[2m2026-09-02T18:35:08.658910Z[0m [32m INFO[0m [2mtushare_sync[0m[2m:[0m window synced [3mcode[0m[2m=[0m"161226" [3mwindow[0m[2m=[0m2019-03-11..2019-04-09 [3mtotal[0m[2m=[0m213767
[2m2026-09-02T18:35:09.625575Z[0m [32m INFO[0m [2mtushare_sync[0m[2m:[0m window synced [3mcode[0m[2m=[0m"161226" [3mwindow[0m[2m=[0m2019-04-10..2019-05-09 [3mtotal[0m[2m=[0m218346
[2m2026-09-02T18:35:10.698237Z[0m [32m INFO[0m [2mtushare_sync[0m[2m:[0m window synced [3mcode[0m[2m=[0m"161226" [3mwindow[0m[2m=[0m2019-05-10..2019-06-08 [3mtotal[0m[2m=[0m223166
[2m2026-09-02T18:35:11.619036Z[0m [32m INFO[0m [2mtushare_sync[0m[2m:[0m window synced [3mcode[0m[2m=[0m"161226" [3mwindow[0m[2m=[0m2019-06-09..2019-07-08 [3mtotal[0m[2m=[0m228227
[2m2026-09-02T18:35:12.609259Z[0m [32m INFO[0m [2mtushare_sync[0m[2m:[0m window synced [3mcode[0m[2m=[0m"161226" [3mwindow[0m[2m=[0m2019-07-09..2019-08-07 [3mtotal[0m[2m=[0m233529
[2m2026-09-02T18:35:13.656763Z[0m [32m INFO[0m [2mtushare_sync[0m[2m:[0m window synced [3mcode[0m[2m=[0m"161226" [3mwindow[0m[2m=[0m2019-08-08..2019-09-06 [3mtotal[0m[2m=[0m238831
[2m2026-09-02T18:35:14.576790Z[0m [32m INFO[0m [2mtushare_sync[0m[2m:[0m window synced [3mcode[0m[2m=[0m"161226" [3mwindow[0m[2m=[0m2019-09-07..2019-10-06 [3mtotal[0m[2m=[0m242446
[2m2026-09-02T18:35:15.617510Z[0m [32m INFO[0m [2mtushare_sync[0m[2m:[0m window synced [3mcode[0m[2m=[0m"161226" [3mwindow[0m[2m=[0m2019-10-07..2019-11-05 [3mtotal[0m[2m=[0m247507
[2m2026-09-02T18:35:16.634328Z[0m [32m INFO[0m [2mtushare_sync[0m[2m:[0m window synced [3mcode[0m[2m=[0m"161226" [3mwindow[0m[2m=[0m2019-11-06..2019-12-05 [3mtotal[0m[2m=[0m252809
[2m2026-09-02T18:35:17.662763Z[0m [32m INFO[0m [2mtushare_sync[0m[2m:[0m window synced [3mcode[0m[2m=[0m"161226" [3mwindow[0m[2m=[0m2019-12-06..2020-01-04 [3mtotal[0m[2m=[0m257629
[2m2026-09-02T18:35:18.569866Z[0m [32m INFO[0m [2mtushare_sync[0m[2m:[0m window synced [3mcode[0m[2m=[0m"161226" [3mwindow[0m[2m=[0m2020-01-05..2020-02-03 [3mtotal[0m[2m=[0m261244
[2m2026-09-02T18:35:19.621285Z[0m [32m INFO[0m [2mtushare_sync[0m[2m:[0m window synced [3mcode[0m[2m=[0m"161226" [3mwindow[0m[2m=[0m2020-02-04..2020-03-04 [3mtotal[0m[2m=[0m266546
[2m2026-09-02T18:35:20.621035Z[0m [32m INFO[0m [2mtushare_sync[0m[2m:[0m window synced [3mcode[0m[2m=[0m"161226" [3mwindow[0m[2m=[0m2020-03-05..2020-04-03 [3mtotal[0m[2m=[0m271848
[2m2026-09-02T18:35:21.595747Z[0m [32m INFO[0m [2mtushare_sync[0m[2m:[0m window synced [3mcode[0m[2m=[0m"161226" [3mwindow[0m[2m=[0m2020-04-04..2020-05-03 [3mtotal[0m[2m=[0m276186
[2m2026-09-02T18:35:22.613392Z[0m [32m INFO[0m [2mtushare_sync[0m[2m:[0m window synced [3mcode[0m[2m=[0m"161226" [3mwindow[0m[2m=[0m2020-05-04..2020-06-02 [3mtotal[0m[2m=[0m281006
[2m2026-09-02T18:35:23.658847Z[0m [32m INFO[0m [2mtushare_sync[0m[2m:[0m window synced [3mcode[0m[2m=[0m"161226" [3mwindow[0m[2m=[0m2020-06-03..2020-07-02 [3mtotal[0m[2m=[0m285826
[2m2026-09-02T18:35:24.612245Z[0m [32m INFO[0m [2mtushare_sync[0m[2m:[0m window synced [3mcode[0m[2m=[0m"161226" [3mwindow[0m[2m=[0m2020-07-03..2020-08-01 [3mtotal[0m[2m=[0m290887
[2m2026-09-02T18:35:25.682546Z[0m [32m INFO[0m [2mtushare_sync[0m[2m:[0m window synced [3mcode[0m[2m=[0m"161226" [3mwindow[0m[2m=[0m2020-08-02..2020-08-31 [3mtotal[0m[2m=[0m295948
[2m2026-09-02T18:35:26.642239Z[0m [32m INFO[0m [2mtushare_sync[0m[2m:[0m window synced [3mcode[0m[2m=[0m"161226" [3mwindow[0m[2m=[0m2020-09-01..2020-09-30 [3mtotal[0m[2m=[0m301250
[2m2026-09-02T18:35:27.617218Z[0m [32m INFO[0m [2mtushare_sync[0m[2m:[0m window synced [3mcode[0m[2m=[0m"161226" [3mwindow[0m[2m=[0m2020-10-01..2020-10-30 [3mtotal[0m[2m=[0m305106
[2m2026-09-02T18:35:28.626647Z[0m [32m INFO[0m [2mtushare_sync[0m[2m:[0m window synced [3mcode[0m[2m=[0m"161226" [3mwindow[0m[2m=[0m2020-10-31..2020-11-29 [3mtotal[0m[2m=[0m309926
[2m2026-09-02T18:35:29.645117Z[0m [32m INFO[0m [2mtushare_sync[0m[2m:[0m window synced [3mcode[0m[2m=[0m"161226" [3mwindow[0m[2m=[0m2020-11-30..2020-12-29 [3mtotal[0m[2m=[0m315228
[2m2026-09-02T18:35:30.653252Z[0m [32m INFO[0m [2mtushare_sync[0m[2m:[0m window synced [3mcode[0m[2m=[0m"161226" [3mwindow[0m[2m=[0m2020-12-30..2021-01-28 [3mtotal[0m[2m=[0m320289
[2m2026-09-02T18:35:31.610324Z[0m [32m INFO[0m [2mtushare_sync[0m[2m:[0m window synced [3mcode[0m[2m=[0m"161226" [3mwindow[0m[2m=[0m2021-01-29..2021-02-27 [3mtotal[0m[2m=[0m324145
[2m2026-09-02T18:35:32.656728Z[0m [32m INFO[0m [2mtushare_sync[0m[2m:[0m window synced [3mcode[0m[2m=[0m"161226" [3mwindow[0m[2m=[0m2021-02-28..2021-03-29 [3mtotal[0m[2m=[0m329206
[2m2026-09-02T18:35:33.634425Z[0m [32m INFO[0m [2mtushare_sync[0m[2m:[0m window synced [3mcode[0m[2m=[0m"161226" [3mwindow[0m[2m=[0m2021-03-30..2021-04-28 [3mtotal[0m[2m=[0m334267
[2m2026-09-02T18:35:34.645349Z[0m [32m INFO[0m [2mtushare_sync[0m[2m:[0m window synced [3mcode[0m[2m=[0m"161226" [3mwindow[0m[2m=[0m2021-04-29..2021-05-28 [3mtotal[0m[2m=[0m338846
[2m2026-09-02T18:35:35.662736Z[0m [32m INFO[0m [2mtushare_sync[0m[2m:[0m window synced [3mcode[0m[2m=[0m"161226" [3mwindow[0m[2m=[0m2021-05-29..2021-06-27 [3mtotal[0m[2m=[0m343425
[2m2026-09-02T18:35:36.642907Z[0m [32m INFO[0m [2mtushare_sync[0m[2m:[0m window synced [3mcode[0m[2m=[0m"161226" [3mwindow[0m[2m=[0m2021-06-28..2021-07-27 [3mtotal[0m[2m=[0m348727
[2m2026-09-02T18:35:37.674391Z[0m [32m INFO[0m [2mtushare_sync[0m[2m:[0m window synced [3mcode[0m[2m=[0m"161226" [3mwindow[0m[2m=[0m2021-07-28..2021-08-26 [3mtotal[0m[2m=[0m354029
[2m2026-09-02T18:35:38.630410Z[0m [32m INFO[0m [2mtushare_sync[0m[2m:[0m window synced [3mcode[0m[2m=[0m"161226" [3mwindow[0m[2m=[0m2021-08-27..2021-09-25 [3mtotal[0m[2m=[0m358608
[2m2026-09-02T18:35:39.609977Z[0m [32m INFO[0m [2mtushare_sync[0m[2m:[0m window synced [3mcode[0m[2m=[0m"161226" [3mwindow[0m[2m=[0m2021-09-26..2021-10-25 [3mtotal[0m[2m=[0m362464
[2m2026-09-02T18:35:40.677847Z[0m [32m INFO[0m [2mtushare_sync[0m[2m:[0m window synced [3mcode[0m[2m=[0m"161226" [3mwindow[0m[2m=[0m2021-10-26..2021-11-24 [3mtotal[0m[2m=[0m367766
[2m2026-09-02T18:35:41.694600Z[0m [32m INFO[0m [2mtushare_sync[0m[2m:[0m window synced [3mcode[0m[2m=[0m"161226" [3mwindow[0m[2m=[0m2021-11-25..2021-12-24 [3mtotal[0m[2m=[0m373068
[2m2026-09-02T18:35:42.636544Z[0m [32m INFO[0m [2mtushare_sync[0m[2m:[0m window synced [3mcode[0m[2m=[0m"161226" [3mwindow[0m[2m=[0m2021-12-25..2022-01-23 [3mtotal[0m[2m=[0m377647
[2m2026-09-02T18:35:43.633847Z[0m [32m INFO[0m [2mtushare_sync[0m[2m:[0m window synced [3mcode[0m[2m=[0m"161226" [3mwindow[0m[2m=[0m2022-01-24..2022-02-22 [3mtotal[0m[2m=[0m381744
[2m2026-09-02T18:35:44.671564Z[0m [32m INFO[0m [2mtushare_sync[0m[2m:[0m window synced [3mcode[0m[2m=[0m"161226" [3mwindow[0m[2m=[0m2022-02-23..2022-03-24 [3mtotal[0m[2m=[0m387046
[2m2026-09-02T18:35:45.735435Z[0m [32m INFO[0m [2mtushare_sync[0m[2m:[0m window synced [3mcode[0m[2m=[0m"161226" [3mwindow[0m[2m=[0m2022-03-25..2022-04-23 [3mtotal[0m[2m=[0m391625
[2m2026-09-02T18:35:46.623128Z[0m [32m INFO[0m [2mtushare_sync[0m[2m:[0m window synced [3mcode[0m[2m=[0m"161226" [3mwindow[0m[2m=[0m2022-04-24..2022-05-23 [3mtotal[0m[2m=[0m395963
[2m2026-09-02T18:35:47.642676Z[0m [32m INFO[0m [2mtushare_sync[0m[2m:[0m window synced [3mcode[0m[2m=[0m"161226" [3mwindow[0m[2m=[0m2022-05-24..2022-06-22 [3mtotal[0m[2m=[0m401024
[2m2026-09-02T18:35:48.648068Z[0m [32m INFO[0m [2mtushare_sync[0m[2m:[0m window synced [3mcode[0m[2m=[0m"161226" [3mwindow[0m[2m=[0m2022-06-23..2022-07-22 [3mtotal[0m[2m=[0m406326
[2m2026-09-02T18:35:49.640207Z[0m [32m INFO[0m [2mtushare_sync[0m[2m:[0m window synced [3mcode[0m[2m=[0m"161226" [3mwindow[0m[2m=[0m2022-07-23..2022-08-21 [3mtotal[0m[2m=[0m411146
[2m2026-09-02T18:35:50.626344Z[0m [32m INFO[0m [2mtushare_sync[0m[2m:[0m window synced [3mcode[0m[2m=[0m"161226" [3mwindow[0m[2m=[0m2022-08-22..2022-09-20 [3mtotal[0m[2m=[0m416207
[2m2026-09-02T18:35:51.605915Z[0m [32m INFO[0m [2mtushare_sync[0m[2m:[0m window synced [3mcode[0m[2m=[0m"161226" [3mwindow[0m[2m=[0m2022-09-21..2022-10-20 [3mtotal[0m[2m=[0m420304
[2m2026-09-02T18:35:52.743261Z[0m [32m INFO[0m [2mtushare_sync[0m[2m:[0m window synced [3mcode[0m[2m=[0m"161226" [3mwindow[0m[2m=[0m2022-10-21..2022-11-19 [3mtotal[0m[2m=[0m425365
[2m2026-09-02T18:35:53.650843Z[0m [32m INFO[0m [2mtushare_sync[0m[2m:[0m window synced [3mcode[0m[2m=[0m"161226" [3mwindow[0m[2m=[0m2022-11-20..2022-12-19 [3mtotal[0m[2m=[0m430426
[2m2026-09-02T18:35:54.727349Z[0m [32m INFO[0m [2mtushare_sync[0m[2m:[0m window synced [3mcode[0m[2m=[0m"161226" [3mwindow[0m[2m=[0m2022-12-20..2023-01-18 [3mtotal[0m[2m=[0m435487
[2m2026-09-02T18:35:55.636542Z[0m [32m INFO[0m [2mtushare_sync[0m[2m:[0m window synced [3mcode[0m[2m=[0m"161226" [3mwindow[0m[2m=[0m2023-01-19..2023-02-17 [3mtotal[0m[2m=[0m439584
[2m2026-09-02T18:35:56.688814Z[0m [32m INFO[0m [2mtushare_sync[0m[2m:[0m window synced [3mcode[0m[2m=[0m"161226" [3mwindow[0m[2m=[0m2023-02-18..2023-03-19 [3mtotal[0m[2m=[0m444404
[2m2026-09-02T18:35:57.710252Z[0m [32m INFO[0m [2mtushare_sync[0m[2m:[0m window synced [3mcode[0m[2m=[0m"161226" [3mwindow[0m[2m=[0m2023-03-20..2023-04-18 [3mtotal[0m[2m=[0m449465
[2m2026-09-02T18:35:58.675842Z[0m [32m INFO[0m [2mtushare_sync[0m[2m:[0m window synced [3mcode[0m[2m=[0m"161226" [3mwindow[0m[2m=[0m2023-04-19..2023-05-18 [3mtotal[0m[2m=[0m454044
[2m2026-09-02T18:35:59.679363Z[0m [32m INFO[0m [2mtushare_sync[0m[2m:[0m window synced [3mcode[0m[2m=[0m"161226" [3mwindow[0m[2m=[0m2023-05-19..2023-06-17 [3mtotal[0m[2m=[0m459105
[2m2026-09-02T18:36:00.652823Z[0m [32m INFO[0m [2mtushare_sync[0m[2m:[0m window synced [3mcode[0m[2m=[0m"161226" [3mwindow[0m[2m=[0m2023-06-18..2023-07-17 [3mtotal[0m[2m=[0m463684
[2m2026-09-02T18:36:01.660495Z[0m [32m INFO[0m [2mtushare_sync[0m[2m:[0m window synced [3mcode[0m[2m=[0m"161226" [3mwindow[0m[2m=[0m2023-07-18..2023-08-16 [3mtotal[0m[2m=[0m468986
[2m2026-09-02T18:36:02.686413Z[0m [32m INFO[0m [2mtushare_sync[0m[2m:[0m window synced [3mcode[0m[2m=[0m"161226" [3mwindow[0m[2m=[0m2023-08-17..2023-09-15 [3mtotal[0m[2m=[0m474288
[2m2026-09-02T18:36:03.640994Z[0m [32m INFO[0m [2mtushare_sync[0m[2m:[0m window synced [3mcode[0m[2m=[0m"161226" [3mwindow[0m[2m=[0m2023-09-16..2023-10-15 [3mtotal[0m[2m=[0m477662
[2m2026-09-02T18:36:04.687128Z[0m [32m INFO[0m [2mtushare_sync[0m[2m:[0m window synced [3mcode[0m[2m=[0m"161226" [3mwindow[0m[2m=[0m2023-10-16..2023-11-14 [3mtotal[0m[2m=[0m482964
[2m2026-09-02T18:36:05.703751Z[0m [32m INFO[0m [2mtushare_sync[0m[2m:[0m window synced [3mcode[0m[2m=[0m"161226" [3mwindow[0m[2m=[0m2023-11-15..2023-12-14 [3mtotal[0m[2m=[0m488266
[2m2026-09-02T18:36:06.683580Z[0m [32m INFO[0m [2mtushare_sync[0m[2m:[0m window synced [3mcode[0m[2m=[0m"161226" [3mwindow[0m[2m=[0m2023-12-15..2024-01-13 [3mtotal[0m[2m=[0m493086
[2m2026-09-02T18:36:07.713557Z[0m [32m INFO[0m [2mtushare_sync[0m[2m:[0m window synced [3mcode[0m[2m=[0m"161226" [3mwindow[0m[2m=[0m2024-01-14..2024-02-12 [3mtotal[0m[2m=[0m497665
[2m2026-09-02T18:36:08.723934Z[0m [32m INFO[0m [2mtushare_sync[0m[2m:[0m window synced [3mcode[0m[2m=[0m"161226" [3mwindow[0m[2m=[0m2024-02-13..2024-03-13 [3mtotal[0m[2m=[0m502003
[2m2026-09-02T18:36:09.696088Z[0m [32m INFO[0m [2mtushare_sync[0m[2m:[0m window synced [3mcode[0m[2m=[0m"161226" [3mwindow[0m[2m=[0m2024-03-14..2024-04-12 [3mtotal[0m[2m=[0m506823
[2m2026-09-02T18:36:10.676435Z[0m [32m INFO[0m [2mtushare_sync[0m[2m:[0m window synced [3mcode[0m[2m=[0m"161226" [3mwindow[0m[2m=[0m2024-04-13..2024-05-12 [3mtotal[0m[2m=[0m510920
[2m2026-09-02T18:36:11.683698Z[0m [32m INFO[0m [2mtushare_sync[0m[2m:[0m window synced [3mcode[0m[2m=[0m"161226" [3mwindow[0m[2m=[0m2024-05-13..2024-06-11 [3mtotal[0m[2m=[0m515981
[2m2026-09-02T18:36:12.684102Z[0m [32m INFO[0m [2mtushare_sync[0m[2m:[0m window synced [3mcode[0m[2m=[0m"161226" [3mwindow[0m[2m=[0m2024-06-12..2024-07-11 [3mtotal[0m[2m=[0m521283
[2m2026-09-02T18:36:13.671478Z[0m [32m INFO[0m [2mtushare_sync[0m[2m:[0m window synced [3mcode[0m[2m=[0m"161226" [3mwindow[0m[2m=[0m2024-07-12..2024-08-10 [3mtotal[0m[2m=[0m526344
[2m2026-09-02T18:36:14.675685Z[0m [32m INFO[0m [2mtushare_sync[0m[2m:[0m window synced [3mcode[0m[2m=[0m"161226" [3mwindow[0m[2m=[0m2024-08-11..2024-09-09 [3mtotal[0m[2m=[0m531405
[2m2026-09-02T18:36:15.670484Z[0m [32m INFO[0m [2mtushare_sync[0m[2m:[0m window synced [3mcode[0m[2m=[0m"161226" [3mwindow[0m[2m=[0m2024-09-10..2024-10-09 [3mtotal[0m[2m=[0m535020
[2m2026-09-02T18:36:16.700664Z[0m [32m INFO[0m [2mtushare_sync[0m[2m:[0m window synced [3mcode[0m[2m=[0m"161226" [3mwindow[0m[2m=[0m2024-10-10..2024-11-08 [3mtotal[0m[2m=[0m540322
[2m2026-09-02T18:36:17.710053Z[0m [32m INFO[0m [2mtushare_sync[0m[2m:[0m window synced [3mcode[0m[2m=[0m"161226" [3mwindow[0m[2m=[0m2024-11-09..2024-12-08 [3mtotal[0m[2m=[0m545142
[2m2026-09-02T18:36:18.707115Z[0m [32m INFO[0m [2mtushare_sync[0m[2m:[0m window synced [3mcode[0m[2m=[0m"161226" [3mwindow[0m[2m=[0m2024-12-09..2025-01-07 [3mtotal[0m[2m=[0m550203
[2m2026-09-02T18:36:19.627334Z[0m [32m INFO[0m [2mtushare_sync[0m[2m:[0m window synced [3mcode[0m[2m=[0m"161226" [3mwindow[0m[2m=[0m2025-01-08..2025-02-06 [3mtotal[0m[2m=[0m554059
[2m2026-09-02T18:36:20.664375Z[0m [32m INFO[0m [2mtushare_sync[0m[2m:[0m window synced [3mcode[0m[2m=[0m"161226" [3mwindow[0m[2m=[0m2025-02-07..2025-03-08 [3mtotal[0m[2m=[0m559120
[2m2026-09-02T18:36:21.650276Z[0m [32m INFO[0m [2mtushare_sync[0m[2m:[0m window synced [3mcode[0m[2m=[0m"161226" [3mwindow[0m[2m=[0m2025-03-09..2025-04-07 [3mtotal[0m[2m=[0m563940
[2m2026-09-02T18:36:22.669639Z[0m [32m INFO[0m [2mtushare_sync[0m[2m:[0m window synced [3mcode[0m[2m=[0m"161226" [3mwindow[0m[2m=[0m2025-04-08..2025-05-07 [3mtotal[0m[2m=[0m568519
[2m2026-09-02T18:36:23.698765Z[0m [32m INFO[0m [2mtushare_sync[0m[2m:[0m window synced [3mcode[0m[2m=[0m"161226" [3mwindow[0m[2m=[0m2025-05-08..2025-06-06 [3mtotal[0m[2m=[0m573580
[2m2026-09-02T18:36:24.664370Z[0m [32m INFO[0m [2mtushare_sync[0m[2m:[0m window synced [3mcode[0m[2m=[0m"161226" [3mwindow[0m[2m=[0m2025-06-07..2025-07-06 [3mtotal[0m[2m=[0m578400
[2m2026-09-02T18:36:26.028869Z[0m [32m INFO[0m [2mtushare_sync[0m[2m:[0m window synced [3mcode[0m[2m=[0m"161226" [3mwindow[0m[2m=[0m2025-07-07..2025-08-05 [3mtotal[0m[2m=[0m583702
[2m2026-09-02T18:36:26.685798Z[0m [32m INFO[0m [2mtushare_sync[0m[2m:[0m window synced [3mcode[0m[2m=[0m"161226" [3mwindow[0m[2m=[0m2025-08-06..2025-09-04 [3mtotal[0m[2m=[0m589004
[2m2026-09-02T18:36:27.658643Z[0m [32m INFO[0m [2mtushare_sync[0m[2m:[0m window synced [3mcode[0m[2m=[0m"161226" [3mwindow[0m[2m=[0m2025-09-05..2025-10-04 [3mtotal[0m[2m=[0m593342
[2m2026-09-02T18:36:28.666761Z[0m [32m INFO[0m [2mtushare_sync[0m[2m:[0m window synced [3mcode[0m[2m=[0m"161226" [3mwindow[0m[2m=[0m2025-10-05..2025-11-03 [3mtotal[0m[2m=[0m597680
[2m2026-09-02T18:36:29.686958Z[0m [32m INFO[0m [2mtushare_sync[0m[2m:[0m window synced [3mcode[0m[2m=[0m"161226" [3mwindow[0m[2m=[0m2025-11-04..2025-12-03 [3mtotal[0m[2m=[0m602982
[2m2026-09-02T18:36:30.653401Z[0m [32m INFO[0m [2mtushare_sync[0m[2m:[0m window synced [3mcode[0m[2m=[0m"161226" [3mwindow[0m[2m=[0m2025-12-04..2026-01-02 [3mtotal[0m[2m=[0m607802
[2m2026-09-02T18:36:31.649610Z[0m [32m INFO[0m [2mtushare_sync[0m[2m:[0m window synced [3mcode[0m[2m=[0m"161226" [3mwindow[0m[2m=[0m2026-01-03..2026-02-01 [3mtotal[0m[2m=[0m612622
[2m2026-09-02T18:36:32.623385Z[0m [32m INFO[0m [2mtushare_sync[0m[2m:[0m window synced [3mcode[0m[2m=[0m"161226" [3mwindow[0m[2m=[0m2026-02-02..2026-03-03 [3mtotal[0m[2m=[0m616478
[2m2026-09-02T18:36:33.678582Z[0m [32m INFO[0m [2mtushare_sync[0m[2m:[0m window synced [3mcode[0m[2m=[0m"161226" [3mwindow[0m[2m=[0m2026-03-04..2026-04-02 [3mtotal[0m[2m=[0m621780
[2m2026-09-02T18:36:34.645815Z[0m [32m INFO[0m [2mtushare_sync[0m[2m:[0m window synced [3mcode[0m[2m=[0m"161226" [3mwindow[0m[2m=[0m2026-04-03..2026-05-02 [3mtotal[0m[2m=[0m626359
[2m2026-09-02T18:36:35.661371Z[0m [32m INFO[0m [2mtushare_sync[0m[2m:[0m window synced [3mcode[0m[2m=[0m"161226" [3mwindow[0m[2m=[0m2026-05-03..2026-06-01 [3mtotal[0m[2m=[0m630938
[2m2026-09-02T18:36:36.672872Z[0m [32m INFO[0m [2mtushare_sync[0m[2m:[0m window synced [3mcode[0m[2m=[0m"161226" [3mwindow[0m[2m=[0m2026-06-02..2026-07-01 [3mtotal[0m[2m=[0m635999
[2m2026-09-02T18:36:37.832382Z[0m [32m INFO[0m [2mtushare_sync[0m[2m:[0m window synced [3mcode[0m[2m=[0m"161226" [3mwindow[0m[2m=[0m2026-07-02..2026-07-31 [3mtotal[0m[2m=[0m641301
[2m2026-09-02T18:36:38.663628Z[0m [32m INFO[0m [2mtushare_sync[0m[2m:[0m window synced [3mcode[0m[2m=[0m"161226" [3mwindow[0m[2m=[0m2026-08-01..2026-08-30 [3mtotal[0m[2m=[0m646121
[2m2026-09-02T18:36:39.546946Z[0m [32m INFO[0m [2mtushare_sync[0m[2m:[0m window synced [3mcode[0m[2m=[0m"161226" [3mwindow[0m[2m=[0m2026-08-31..2026-09-03 [3mtotal[0m[2m=[0m646844
[2m2026-09-02T18:36:39.546980Z[0m [32m INFO[0m [2mtushare_sync[0m[2m:[0m === sync done === [3mcode[0m[2m=[0m"161226" [3mbars[0m[2m=[0m646844
[2m2026-09-02T18:36:39.546986Z[0m [32m INFO[0m [2mtushare_sync[0m[2m:[0m === sync start === [3mcode[0m[2m=[0m"513310"
[2m2026-09-02T18:36:50.588130Z[0m [32m INFO[0m [2mtushare_sync[0m[2m:[0m first data year found [3mcode[0m[2m=[0m"513310" [3mfirst_year[0m[2m=[0m2022
[2m2026-09-02T18:36:51.536958Z[0m [32m INFO[0m [2mtushare_sync[0m[2m:[0m window synced [3mcode[0m[2m=[0m"513310" [3mwindow[0m[2m=[0m2022-01-01..2022-01-30 [3mtotal[0m[2m=[0m0
[2m2026-09-02T18:36:52.530856Z[0m [32m INFO[0m [2mtushare_sync[0m[2m:[0m window synced [3mcode[0m[2m=[0m"513310" [3mwindow[0m[2m=[0m2022-01-31..2022-03-01 [3mtotal[0m[2m=[0m0
[2m2026-09-02T18:36:53.653539Z[0m [32m INFO[0m [2mtushare_sync[0m[2m:[0m window synced [3mcode[0m[2m=[0m"513310" [3mwindow[0m[2m=[0m2022-03-02..2022-03-31 [3mtotal[0m[2m=[0m0
[2m2026-09-02T18:36:54.581910Z[0m [32m INFO[0m [2mtushare_sync[0m[2m:[0m window synced [3mcode[0m[2m=[0m"513310" [3mwindow[0m[2m=[0m2022-04-01..2022-04-30 [3mtotal[0m[2m=[0m0
[2m2026-09-02T18:36:55.542161Z[0m [32m INFO[0m [2mtushare_sync[0m[2m:[0m window synced [3mcode[0m[2m=[0m"513310" [3mwindow[0m[2m=[0m2022-05-01..2022-05-30 [3mtotal[0m[2m=[0m0
[2m2026-09-02T18:36:56.539913Z[0m [32m INFO[0m [2mtushare_sync[0m[2m:[0m window synced [3mcode[0m[2m=[0m"513310" [3mwindow[0m[2m=[0m2022-05-31..2022-06-29 [3mtotal[0m[2m=[0m0
[2m2026-09-02T18:36:57.539740Z[0m [32m INFO[0m [2mtushare_sync[0m[2m:[0m window synced [3mcode[0m[2m=[0m"513310" [3mwindow[0m[2m=[0m2022-06-30..2022-07-29 [3mtotal[0m[2m=[0m0
[2m2026-09-02T18:36:58.551181Z[0m [32m INFO[0m [2mtushare_sync[0m[2m:[0m window synced [3mcode[0m[2m=[0m"513310" [3mwindow[0m[2m=[0m2022-07-30..2022-08-28 [3mtotal[0m[2m=[0m0
[2m2026-09-02T18:36:59.542254Z[0m [32m INFO[0m [2mtushare_sync[0m[2m:[0m window synced [3mcode[0m[2m=[0m"513310" [3mwindow[0m[2m=[0m2022-08-29..2022-09-27 [3mtotal[0m[2m=[0m0
[2m2026-09-02T18:37:00.568797Z[0m [32m INFO[0m [2mtushare_sync[0m[2m:[0m window synced [3mcode[0m[2m=[0m"513310" [3mwindow[0m[2m=[0m2022-09-28..2022-10-27 [3mtotal[0m[2m=[0m0
[2m2026-09-02T18:37:01.542743Z[0m [32m INFO[0m [2mtushare_sync[0m[2m:[0m window synced [3mcode[0m[2m=[0m"513310" [3mwindow[0m[2m=[0m2022-10-28..2022-11-26 [3mtotal[0m[2m=[0m0
[2m2026-09-02T18:37:02.589368Z[0m [32m INFO[0m [2mtushare_sync[0m[2m:[0m window synced [3mcode[0m[2m=[0m"513310" [3mwindow[0m[2m=[0m2022-11-27..2022-12-26 [3mtotal[0m[2m=[0m723
[2m2026-09-02T18:37:03.743274Z[0m [32m INFO[0m [2mtushare_sync[0m[2m:[0m window synced [3mcode[0m[2m=[0m"513310" [3mwindow[0m[2m=[0m2022-12-27..2023-01-25 [3mtotal[0m[2m=[0m5061
[2m2026-09-02T18:37:04.736518Z[0m [32m INFO[0m [2mtushare_sync[0m[2m:[0m window synced [3mcode[0m[2m=[0m"513310" [3mwindow[0m[2m=[0m2023-01-26..2023-02-24 [3mtotal[0m[2m=[0m9881
[2m2026-09-02T18:37:05.931961Z[0m [32m INFO[0m [2mtushare_sync[0m[2m:[0m window synced [3mcode[0m[2m=[0m"513310" [3mwindow[0m[2m=[0m2023-02-25..2023-03-26 [3mtotal[0m[2m=[0m14701
[2m2026-09-02T18:37:06.813930Z[0m [32m INFO[0m [2mtushare_sync[0m[2m:[0m window synced [3mcode[0m[2m=[0m"513310" [3mwindow[0m[2m=[0m2023-03-27..2023-04-25 [3mtotal[0m[2m=[0m19762
[2m2026-09-02T18:37:07.738653Z[0m [32m INFO[0m [2mtushare_sync[0m[2m:[0m window synced [3mcode[0m[2m=[0m"513310" [3mwindow[0m[2m=[0m2023-04-26..2023-05-25 [3mtotal[0m[2m=[0m24341
[2m2026-09-02T18:37:08.743572Z[0m [32m INFO[0m [2mtushare_sync[0m[2m:[0m window synced [3mcode[0m[2m=[0m"513310" [3mwindow[0m[2m=[0m2023-05-26..2023-06-24 [3mtotal[0m[2m=[0m28920
[2m2026-09-02T18:37:09.748671Z[0m [32m INFO[0m [2mtushare_sync[0m[2m:[0m window synced [3mcode[0m[2m=[0m"513310" [3mwindow[0m[2m=[0m2023-06-25..2023-07-24 [3mtotal[0m[2m=[0m33981
[2m2026-09-02T18:37:10.761341Z[0m [32m INFO[0m [2mtushare_sync[0m[2m:[0m window synced [3mcode[0m[2m=[0m"513310" [3mwindow[0m[2m=[0m2023-07-25..2023-08-23 [3mtotal[0m[2m=[0m39283
[2m2026-09-02T18:37:11.741254Z[0m [32m INFO[0m [2mtushare_sync[0m[2m:[0m window synced [3mcode[0m[2m=[0m"513310" [3mwindow[0m[2m=[0m2023-08-24..2023-09-22 [3mtotal[0m[2m=[0m44585
[2m2026-09-02T18:37:12.713773Z[0m [32m INFO[0m [2mtushare_sync[0m[2m:[0m window synced [3mcode[0m[2m=[0m"513310" [3mwindow[0m[2m=[0m2023-09-23..2023-10-22 [3mtotal[0m[2m=[0m47959
[2m2026-09-02T18:37:13.760132Z[0m [32m INFO[0m [2mtushare_sync[0m[2m:[0m window synced [3mcode[0m[2m=[0m"513310" [3mwindow[0m[2m=[0m2023-10-23..2023-11-21 [3mtotal[0m[2m=[0m53261
[2m2026-09-02T18:37:14.811672Z[0m [32m INFO[0m [2mtushare_sync[0m[2m:[0m window synced [3mcode[0m[2m=[0m"513310" [3mwindow[0m[2m=[0m2023-11-22..2023-12-21 [3mtotal[0m[2m=[0m58563
[2m2026-09-02T18:37:15.733670Z[0m [32m INFO[0m [2mtushare_sync[0m[2m:[0m window synced [3mcode[0m[2m=[0m"513310" [3mwindow[0m[2m=[0m2023-12-22..2024-01-20 [3mtotal[0m[2m=[0m63383
[2m2026-09-02T18:37:16.708596Z[0m [32m INFO[0m [2mtushare_sync[0m[2m:[0m window synced [3mcode[0m[2m=[0m"513310" [3mwindow[0m[2m=[0m2024-01-21..2024-02-19 [3mtotal[0m[2m=[0m66998
[2m2026-09-02T18:37:17.748407Z[0m [32m INFO[0m [2mtushare_sync[0m[2m:[0m window synced [3mcode[0m[2m=[0m"513310" [3mwindow[0m[2m=[0m2024-02-20..2024-03-20 [3mtotal[0m[2m=[0m72300
[2m2026-09-02T18:37:19.399791Z[0m [32m INFO[0m [2mtushare_sync[0m[2m:[0m window synced [3mcode[0m[2m=[0m"513310" [3mwindow[0m[2m=[0m2024-03-21..2024-04-19 [3mtotal[0m[2m=[0m77120
[2m2026-09-02T18:37:19.733662Z[0m [32m INFO[0m [2mtushare_sync[0m[2m:[0m window synced [3mcode[0m[2m=[0m"513310" [3mwindow[0m[2m=[0m2024-04-20..2024-05-19 [3mtotal[0m[2m=[0m81217
[2m2026-09-02T18:37:20.766389Z[0m [32m INFO[0m [2mtushare_sync[0m[2m:[0m window synced [3mcode[0m[2m=[0m"513310" [3mwindow[0m[2m=[0m2024-05-20..2024-06-18 [3mtotal[0m[2m=[0m86278
[2m2026-09-02T18:37:21.767276Z[0m [32m INFO[0m [2mtushare_sync[0m[2m:[0m window synced [3mcode[0m[2m=[0m"513310" [3mwindow[0m[2m=[0m2024-06-19..2024-07-18 [3mtotal[0m[2m=[0m91580
[2m2026-09-02T18:37:22.770485Z[0m [32m INFO[0m [2mtushare_sync[0m[2m:[0m window synced [3mcode[0m[2m=[0m"513310" [3mwindow[0m[2m=[0m2024-07-19..2024-08-17 [3mtotal[0m[2m=[0m96641
[2m2026-09-02T18:37:23.740553Z[0m [32m INFO[0m [2mtushare_sync[0m[2m:[0m window synced [3mcode[0m[2m=[0m"513310" [3mwindow[0m[2m=[0m2024-08-18..2024-09-16 [3mtotal[0m[2m=[0m101461
[2m2026-09-02T18:37:24.733390Z[0m [32m INFO[0m [2mtushare_sync[0m[2m:[0m window synced [3mcode[0m[2m=[0m"513310" [3mwindow[0m[2m=[0m2024-09-17..2024-10-16 [3mtotal[0m[2m=[0m105317
[2m2026-09-02T18:37:25.760809Z[0m [32m INFO[0m [2mtushare_sync[0m[2m:[0m window synced [3mcode[0m[2m=[0m"513310" [3mwindow[0m[2m=[0m2024-10-17..2024-11-15 [3mtotal[0m[2m=[0m110619
[2m2026-09-02T18:37:26.787633Z[0m [32m INFO[0m [2mtushare_sync[0m[2m:[0m window synced [3mcode[0m[2m=[0m"513310" [3mwindow[0m[2m=[0m2024-11-16..2024-12-15 [3mtotal[0m[2m=[0m115439
[2m2026-09-02T18:37:27.787981Z[0m [32m INFO[0m [2mtushare_sync[0m[2m:[0m window synced [3mcode[0m[2m=[0m"513310" [3mwindow[0m[2m=[0m2024-12-16..2025-01-14 [3mtotal[0m[2m=[0m120500
[2m2026-09-02T18:37:28.725542Z[0m [32m INFO[0m [2mtushare_sync[0m[2m:[0m window synced [3mcode[0m[2m=[0m"513310" [3mwindow[0m[2m=[0m2025-01-15..2025-02-13 [3mtotal[0m[2m=[0m124356
[2m2026-09-02T18:37:29.770532Z[0m [32m INFO[0m [2mtushare_sync[0m[2m:[0m window synced [3mcode[0m[2m=[0m"513310" [3mwindow[0m[2m=[0m2025-02-14..2025-03-15 [3mtotal[0m[2m=[0m129417
[2m2026-09-02T18:37:30.725681Z[0m [32m INFO[0m [2mtushare_sync[0m[2m:[0m window synced [3mcode[0m[2m=[0m"513310" [3mwindow[0m[2m=[0m2025-03-16..2025-04-14 [3mtotal[0m[2m=[0m134237
[2m2026-09-02T18:37:31.729843Z[0m [32m INFO[0m [2mtushare_sync[0m[2m:[0m window synced [3mcode[0m[2m=[0m"513310" [3mwindow[0m[2m=[0m2025-04-15..2025-05-14 [3mtotal[0m[2m=[0m138816
[2m2026-09-02T18:37:32.743942Z[0m [32m INFO[0m [2mtushare_sync[0m[2m:[0m window synced [3mcode[0m[2m=[0m"513310" [3mwindow[0m[2m=[0m2025-05-15..2025-06-13 [3mtotal[0m[2m=[0m143877
[2m2026-09-02T18:37:33.733814Z[0m [32m INFO[0m [2mtushare_sync[0m[2m:[0m window synced [3mcode[0m[2m=[0m"513310" [3mwindow[0m[2m=[0m2025-06-14..2025-07-13 [3mtotal[0m[2m=[0m148697
[2m2026-09-02T18:37:34.749893Z[0m [32m INFO[0m [2mtushare_sync[0m[2m:[0m window synced [3mcode[0m[2m=[0m"513310" [3mwindow[0m[2m=[0m2025-07-14..2025-08-12 [3mtotal[0m[2m=[0m153999
[2m2026-09-02T18:37:35.761592Z[0m [32m INFO[0m [2mtushare_sync[0m[2m:[0m window synced [3mcode[0m[2m=[0m"513310" [3mwindow[0m[2m=[0m2025-08-13..2025-09-11 [3mtotal[0m[2m=[0m159301
[2m2026-09-02T18:37:36.726914Z[0m [32m INFO[0m [2mtushare_sync[0m[2m:[0m window synced [3mcode[0m[2m=[0m"513310" [3mwindow[0m[2m=[0m2025-09-12..2025-10-11 [3mtotal[0m[2m=[0m162916
[2m2026-09-02T18:37:37.755508Z[0m [32m INFO[0m [2mtushare_sync[0m[2m:[0m window synced [3mcode[0m[2m=[0m"513310" [3mwindow[0m[2m=[0m2025-10-12..2025-11-10 [3mtotal[0m[2m=[0m167977
[2m2026-09-02T18:37:38.820972Z[0m [32m INFO[0m [2mtushare_sync[0m[2m:[0m window synced [3mcode[0m[2m=[0m"513310" [3mwindow[0m[2m=[0m2025-11-11..2025-12-10 [3mtotal[0m[2m=[0m173279
[2m2026-09-02T18:37:39.739314Z[0m [32m INFO[0m [2mtushare_sync[0m[2m:[0m window synced [3mcode[0m[2m=[0m"513310" [3mwindow[0m[2m=[0m2025-12-11..2026-01-09 [3mtotal[0m[2m=[0m178099
[2m2026-09-02T18:37:40.753466Z[0m [32m INFO[0m [2mtushare_sync[0m[2m:[0m window synced [3mcode[0m[2m=[0m"513310" [3mwindow[0m[2m=[0m2026-01-10..2026-02-08 [3mtotal[0m[2m=[0m182919
[2m2026-09-02T18:37:41.716064Z[0m [32m INFO[0m [2mtushare_sync[0m[2m:[0m window synced [3mcode[0m[2m=[0m"513310" [3mwindow[0m[2m=[0m2026-02-09..2026-03-10 [3mtotal[0m[2m=[0m186775
[2m2026-09-02T18:37:42.728680Z[0m [32m INFO[0m [2mtushare_sync[0m[2m:[0m window synced [3mcode[0m[2m=[0m"513310" [3mwindow[0m[2m=[0m2026-03-11..2026-04-09 [3mtotal[0m[2m=[0m191836
[2m2026-09-02T18:37:43.733184Z[0m [32m INFO[0m [2mtushare_sync[0m[2m:[0m window synced [3mcode[0m[2m=[0m"513310" [3mwindow[0m[2m=[0m2026-04-10..2026-05-09 [3mtotal[0m[2m=[0m196174
[2m2026-09-02T18:37:44.807109Z[0m [32m INFO[0m [2mtushare_sync[0m[2m:[0m window synced [3mcode[0m[2m=[0m"513310" [3mwindow[0m[2m=[0m2026-05-10..2026-06-08 [3mtotal[0m[2m=[0m201235
[2m2026-09-02T18:37:45.744759Z[0m [32m INFO[0m [2mtushare_sync[0m[2m:[0m window synced [3mcode[0m[2m=[0m"513310" [3mwindow[0m[2m=[0m2026-06-09..2026-07-08 [3mtotal[0m[2m=[0m206296
[2m2026-09-02T18:37:46.797146Z[0m [32m INFO[0m [2mtushare_sync[0m[2m:[0m window synced [3mcode[0m[2m=[0m"513310" [3mwindow[0m[2m=[0m2026-07-09..2026-08-07 [3mtotal[0m[2m=[0m211598
[2m2026-09-02T18:37:47.711344Z[0m [32m INFO[0m [2mtushare_sync[0m[2m:[0m window synced [3mcode[0m[2m=[0m"513310" [3mwindow[0m[2m=[0m2026-08-08..2026-09-03 [3mtotal[0m[2m=[0m215936
[2m2026-09-02T18:37:47.711377Z[0m [32m INFO[0m [2mtushare_sync[0m[2m:[0m === sync done === [3mcode[0m[2m=[0m"513310" [3mbars[0m[2m=[0m215936
[2m2026-09-02T18:37:47.711383Z[0m [32m INFO[0m [2mtushare_sync[0m[2m:[0m === sync start === [3mcode[0m[2m=[0m"518880"
[2m2026-09-02T18:37:49.752583Z[0m [32m INFO[0m [2mtushare_sync[0m[2m:[0m first data year found [3mcode[0m[2m=[0m"518880" [3mfirst_year[0m[2m=[0m2013
[2m2026-09-02T18:37:50.601225Z[0m [32m INFO[0m [2mtushare_sync[0m[2m:[0m window synced [3mcode[0m[2m=[0m"518880" [3mwindow[0m[2m=[0m2013-01-01..2013-01-30 [3mtotal[0m[2m=[0m0
[2m2026-09-02T18:37:51.604377Z[0m [32m INFO[0m [2mtushare_sync[0m[2m:[0m window synced [3mcode[0m[2m=[0m"518880" [3mwindow[0m[2m=[0m2013-01-31..2013-03-01 [3mtotal[0m[2m=[0m0
[2m2026-09-02T18:37:52.608664Z[0m [32m INFO[0m [2mtushare_sync[0m[2m:[0m window synced [3mcode[0m[2m=[0m"518880" [3mwindow[0m[2m=[0m2013-03-02..2013-03-31 [3mtotal[0m[2m=[0m0
[2m2026-09-02T18:37:53.608429Z[0m [32m INFO[0m [2mtushare_sync[0m[2m:[0m window synced [3mcode[0m[2m=[0m"518880" [3mwindow[0m[2m=[0m2013-04-01..2013-04-30 [3mtotal[0m[2m=[0m0
[2m2026-09-02T18:37:54.609325Z[0m [32m INFO[0m [2mtushare_sync[0m[2m:[0m window synced [3mcode[0m[2m=[0m"518880" [3mwindow[0m[2m=[0m2013-05-01..2013-05-30 [3mtotal[0m[2m=[0m0
[2m2026-09-02T18:37:55.610251Z[0m [32m INFO[0m [2mtushare_sync[0m[2m:[0m window synced [3mcode[0m[2m=[0m"518880" [3mwindow[0m[2m=[0m2013-05-31..2013-06-29 [3mtotal[0m[2m=[0m0
[2m2026-09-02T18:37:56.641344Z[0m [32m INFO[0m [2mtushare_sync[0m[2m:[0m window synced [3mcode[0m[2m=[0m"518880" [3mwindow[0m[2m=[0m2013-06-30..2013-07-29 [3mtotal[0m[2m=[0m241
[2m2026-09-02T18:37:57.808267Z[0m [32m INFO[0m [2mtushare_sync[0m[2m:[0m window synced [3mcode[0m[2m=[0m"518880" [3mwindow[0m[2m=[0m2013-07-30..2013-08-28 [3mtotal[0m[2m=[0m5543
[2m2026-09-02T18:37:58.831717Z[0m [32m INFO[0m [2mtushare_sync[0m[2m:[0m window synced [3mcode[0m[2m=[0m"518880" [3mwindow[0m[2m=[0m2013-08-29..2013-09-27 [3mtotal[0m[2m=[0m10363
[2m2026-09-02T18:37:59.762933Z[0m [32m INFO[0m [2mtushare_sync[0m[2m:[0m window synced [3mcode[0m[2m=[0m"518880" [3mwindow[0m[2m=[0m2013-09-28..2013-10-27 [3mtotal[0m[2m=[0m13978
[2m2026-09-02T18:38:00.796807Z[0m [32m INFO[0m [2mtushare_sync[0m[2m:[0m window synced [3mcode[0m[2m=[0m"518880" [3mwindow[0m[2m=[0m2013-10-28..2013-11-26 [3mtotal[0m[2m=[0m19280
[2m2026-09-02T18:38:01.819435Z[0m [32m INFO[0m [2mtushare_sync[0m[2m:[0m window synced [3mcode[0m[2m=[0m"518880" [3mwindow[0m[2m=[0m2013-11-27..2013-12-26 [3mtotal[0m[2m=[0m24582
[2m2026-09-02T18:38:02.905501Z[0m [32m INFO[0m [2mtushare_sync[0m[2m:[0m window synced [3mcode[0m[2m=[0m"518880" [3mwindow[0m[2m=[0m2013-12-27..2014-01-25 [3mtotal[0m[2m=[0m29402
[2m2026-09-02T18:38:03.768889Z[0m [32m INFO[0m [2mtushare_sync[0m[2m:[0m window synced [3mcode[0m[2m=[0m"518880" [3mwindow[0m[2m=[0m2014-01-26..2014-02-24 [3mtotal[0m[2m=[0m33258
[2m2026-09-02T18:38:04.818071Z[0m [32m INFO[0m [2mtushare_sync[0m[2m:[0m window synced [3mcode[0m[2m=[0m"518880" [3mwindow[0m[2m=[0m2014-02-25..2014-03-26 [3mtotal[0m[2m=[0m38560
[2m2026-09-02T18:38:06.142289Z[0m [32m INFO[0m [2mtushare_sync[0m[2m:[0m window synced [3mcode[0m[2m=[0m"518880" [3mwindow[0m[2m=[0m2014-03-27..2014-04-25 [3mtotal[0m[2m=[0m43621
[2m2026-09-02T18:38:07.008009Z[0m [32m INFO[0m [2mtushare_sync[0m[2m:[0m window synced [3mcode[0m[2m=[0m"518880" [3mwindow[0m[2m=[0m2014-04-26..2014-05-25 [3mtotal[0m[2m=[0m47959
[2m2026-09-02T18:38:07.812820Z[0m [32m INFO[0m [2mtushare_sync[0m[2m:[0m window synced [3mcode[0m[2m=[0m"518880" [3mwindow[0m[2m=[0m2014-05-26..2014-06-24 [3mtotal[0m[2m=[0m53020
[2m2026-09-02T18:38:08.815697Z[0m [32m INFO[0m [2mtushare_sync[0m[2m:[0m window synced [3mcode[0m[2m=[0m"518880" [3mwindow[0m[2m=[0m2014-06-25..2014-07-24 [3mtotal[0m[2m=[0m58322
[2m2026-09-02T18:38:09.812988Z[0m [32m INFO[0m [2mtushare_sync[0m[2m:[0m window synced [3mcode[0m[2m=[0m"518880" [3mwindow[0m[2m=[0m2014-07-25..2014-08-23 [3mtotal[0m[2m=[0m63383
[2m2026-09-02T18:38:10.802488Z[0m [32m INFO[0m [2mtushare_sync[0m[2m:[0m window synced [3mcode[0m[2m=[0m"518880" [3mwindow[0m[2m=[0m2014-08-24..2014-09-22 [3mtotal[0m[2m=[0m68203
[2m2026-09-02T18:38:11.807195Z[0m [32m INFO[0m [2mtushare_sync[0m[2m:[0m window synced [3mcode[0m[2m=[0m"518880" [3mwindow[0m[2m=[0m2014-09-23..2014-10-22 [3mtotal[0m[2m=[0m72300
[2m2026-09-02T18:38:12.830198Z[0m [32m INFO[0m [2mtushare_sync[0m[2m:[0m window synced [3mcode[0m[2m=[0m"518880" [3mwindow[0m[2m=[0m2014-10-23..2014-11-21 [3mtotal[0m[2m=[0m77602
[2m2026-09-02T18:38:13.794810Z[0m [32m INFO[0m [2mtushare_sync[0m[2m:[0m window synced [3mcode[0m[2m=[0m"518880" [3mwindow[0m[2m=[0m2014-11-22..2014-12-21 [3mtotal[0m[2m=[0m82422
[2m2026-09-02T18:38:14.797460Z[0m [32m INFO[0m [2mtushare_sync[0m[2m:[0m window synced [3mcode[0m[2m=[0m"518880" [3mwindow[0m[2m=[0m2014-12-22..2015-01-20 [3mtotal[0m[2m=[0m87242
[2m2026-09-02T18:38:15.822139Z[0m [32m INFO[0m [2mtushare_sync[0m[2m:[0m window synced [3mcode[0m[2m=[0m"518880" [3mwindow[0m[2m=[0m2015-01-21..2015-02-19 [3mtotal[0m[2m=[0m92062
[2m2026-09-02T18:38:16.801572Z[0m [32m INFO[0m [2mtushare_sync[0m[2m:[0m window synced [3mcode[0m[2m=[0m"518880" [3mwindow[0m[2m=[0m2015-02-20..2015-03-21 [3mtotal[0m[2m=[0m96400
[2m2026-09-02T18:38:17.827570Z[0m [32m INFO[0m [2mtushare_sync[0m[2m:[0m window synced [3mcode[0m[2m=[0m"518880" [3mwindow[0m[2m=[0m2015-03-22..2015-04-20 [3mtotal[0m[2m=[0m101220
[2m2026-09-02T18:38:18.812575Z[0m [32m INFO[0m [2mtushare_sync[0m[2m:[0m window synced [3mcode[0m[2m=[0m"518880" [3mwindow[0m[2m=[0m2015-04-21..2015-05-20 [3mtotal[0m[2m=[0m106281
[2m2026-09-02T18:38:19.825070Z[0m [32m INFO[0m [2mtushare_sync[0m[2m:[0m window synced [3mcode[0m[2m=[0m"518880" [3mwindow[0m[2m=[0m2015-05-21..2015-06-19 [3mtotal[0m[2m=[0m111583
[2m2026-09-02T18:38:20.811393Z[0m [32m INFO[0m [2mtushare_sync[0m[2m:[0m window synced [3mcode[0m[2m=[0m"518880" [3mwindow[0m[2m=[0m2015-06-20..2015-07-19 [3mtotal[0m[2m=[0m116162
[2m2026-09-02T18:38:21.821683Z[0m [32m INFO[0m [2mtushare_sync[0m[2m:[0m window synced [3mcode[0m[2m=[0m"518880" [3mwindow[0m[2m=[0m2015-07-20..2015-08-18 [3mtotal[0m[2m=[0m121464
[2m2026-09-02T18:38:22.793597Z[0m [32m INFO[0m [2mtushare_sync[0m[2m:[0m window synced [3mcode[0m[2m=[0m"518880" [3mwindow[0m[2m=[0m2015-08-19..2015-09-17 [3mtotal[0m[2m=[0m126284
[2m2026-09-02T18:38:23.755105Z[0m [32m INFO[0m [2mtushare_sync[0m[2m:[0m window synced [3mcode[0m[2m=[0m"518880" [3mwindow[0m[2m=[0m2015-09-18..2015-10-17 [3mtotal[0m[2m=[0m130140
[2m2026-09-02T18:38:24.800689Z[0m [32m INFO[0m [2mtushare_sync[0m[2m:[0m window synced [3mcode[0m[2m=[0m"518880" [3mwindow[0m[2m=[0m2015-10-18..2015-11-16 [3mtotal[0m[2m=[0m135201
[2m2026-09-02T18:38:25.802143Z[0m [32m INFO[0m [2mtushare_sync[0m[2m:[0m window synced [3mcode[0m[2m=[0m"518880" [3mwindow[0m[2m=[0m2015-11-17..2015-12-16 [3mtotal[0m[2m=[0m140503
[2m2026-09-02T18:38:26.802761Z[0m [32m INFO[0m [2mtushare_sync[0m[2m:[0m window synced [3mcode[0m[2m=[0m"518880" [3mwindow[0m[2m=[0m2015-12-17..2016-01-15 [3mtotal[0m[2m=[0m145564
[2m2026-09-02T18:38:27.755297Z[0m [32m INFO[0m [2mtushare_sync[0m[2m:[0m window synced [3mcode[0m[2m=[0m"518880" [3mwindow[0m[2m=[0m2016-01-16..2016-02-14 [3mtotal[0m[2m=[0m149179
[2m2026-09-02T18:38:28.849845Z[0m [32m INFO[0m [2mtushare_sync[0m[2m:[0m window synced [3mcode[0m[2m=[0m"518880" [3mwindow[0m[2m=[0m2016-02-15..2016-03-15 [3mtotal[0m[2m=[0m154481
[2m2026-09-02T18:38:29.804704Z[0m [32m INFO[0m [2mtushare_sync[0m[2m:[0m window synced [3mcode[0m[2m=[0m"518880" [3mwindow[0m[2m=[0m2016-03-16..2016-04-14 [3mtotal[0m[2m=[0m159542
[2m2026-09-02T18:38:30.797796Z[0m [32m INFO[0m [2mtushare_sync[0m[2m:[0m window synced [3mcode[0m[2m=[0m"518880" [3mwindow[0m[2m=[0m2016-04-15..2016-05-14 [3mtotal[0m[2m=[0m164362
[2m2026-09-02T18:38:31.850992Z[0m [32m INFO[0m [2mtushare_sync[0m[2m:[0m window synced [3mcode[0m[2m=[0m"518880" [3mwindow[0m[2m=[0m2016-05-15..2016-06-13 [3mtotal[0m[2m=[0m168941
[2m2026-09-02T18:38:32.811625Z[0m [32m INFO[0m [2mtushare_sync[0m[2m:[0m window synced [3mcode[0m[2m=[0m"518880" [3mwindow[0m[2m=[0m2016-06-14..2016-07-13 [3mtotal[0m[2m=[0m174243
[2m2026-09-02T18:38:33.821046Z[0m [32m INFO[0m [2mtushare_sync[0m[2m:[0m window synced [3mcode[0m[2m=[0m"518880" [3mwindow[0m[2m=[0m2016-07-14..2016-08-12 [3mtotal[0m[2m=[0m179545
[2m2026-09-02T18:38:34.802182Z[0m [32m INFO[0m [2mtushare_sync[0m[2m:[0m window synced [3mcode[0m[2m=[0m"518880" [3mwindow[0m[2m=[0m2016-08-13..2016-09-11 [3mtotal[0m[2m=[0m184365
[2m2026-09-02T18:38:35.772823Z[0m [32m INFO[0m [2mtushare_sync[0m[2m:[0m window synced [3mcode[0m[2m=[0m"518880" [3mwindow[0m[2m=[0m2016-09-12..2016-10-11 [3mtotal[0m[2m=[0m187980
[2m2026-09-02T18:38:36.862877Z[0m [32m INFO[0m [2mtushare_sync[0m[2m:[0m window synced [3mcode[0m[2m=[0m"518880" [3mwindow[0m[2m=[0m2016-10-12..2016-11-10 [3mtotal[0m[2m=[0m193282
[2m2026-09-02T18:38:37.812152Z[0m [32m INFO[0m [2mtushare_sync[0m[2m:[0m window synced [3mcode[0m[2m=[0m"518880" [3mwindow[0m[2m=[0m2016-11-11..2016-12-10 [3mtotal[0m[2m=[0m198343
[2m2026-09-02T18:38:38.814653Z[0m [32m INFO[0m [2mtushare_sync[0m[2m:[0m window synced [3mcode[0m[2m=[0m"518880" [3mwindow[0m[2m=[0m2016-12-11..2017-01-09 [3mtotal[0m[2m=[0m203163
[2m2026-09-02T18:38:39.829344Z[0m [32m INFO[0m [2mtushare_sync[0m[2m:[0m window synced [3mcode[0m[2m=[0m"518880" [3mwindow[0m[2m=[0m2017-01-10..2017-02-08 [3mtotal[0m[2m=[0m207260
[2m2026-09-02T18:38:40.818755Z[0m [32m INFO[0m [2mtushare_sync[0m[2m:[0m window synced [3mcode[0m[2m=[0m"518880" [3mwindow[0m[2m=[0m2017-02-09..2017-03-10 [3mtotal[0m[2m=[0m212562
[2m2026-09-02T18:38:41.806290Z[0m [32m INFO[0m [2mtushare_sync[0m[2m:[0m window synced [3mcode[0m[2m=[0m"518880" [3mwindow[0m[2m=[0m2017-03-11..2017-04-09 [3mtotal[0m[2m=[0m216900
[2m2026-09-02T18:38:42.861865Z[0m [32m INFO[0m [2mtushare_sync[0m[2m:[0m window synced [3mcode[0m[2m=[0m"518880" [3mwindow[0m[2m=[0m2017-04-10..2017-05-09 [3mtotal[0m[2m=[0m221961
[2m2026-09-02T18:38:43.825520Z[0m [32m INFO[0m [2mtushare_sync[0m[2m:[0m window synced [3mcode[0m[2m=[0m"518880" [3mwindow[0m[2m=[0m2017-05-10..2017-06-08 [3mtotal[0m[2m=[0m226781
[2m2026-09-02T18:38:44.826194Z[0m [32m INFO[0m [2mtushare_sync[0m[2m:[0m window synced [3mcode[0m[2m=[0m"518880" [3mwindow[0m[2m=[0m2017-06-09..2017-07-08 [3mtotal[0m[2m=[0m231842
[2m2026-09-02T18:38:45.839899Z[0m [32m INFO[0m [2mtushare_sync[0m[2m:[0m window synced [3mcode[0m[2m=[0m"518880" [3mwindow[0m[2m=[0m2017-07-09..2017-08-07 [3mtotal[0m[2m=[0m236903
[2m2026-09-02T18:38:46.845912Z[0m [32m INFO[0m [2mtushare_sync[0m[2m:[0m window synced [3mcode[0m[2m=[0m"518880" [3mwindow[0m[2m=[0m2017-08-08..2017-09-06 [3mtotal[0m[2m=[0m242205
[2m2026-09-02T18:38:47.807013Z[0m [32m INFO[0m [2mtushare_sync[0m[2m:[0m window synced [3mcode[0m[2m=[0m"518880" [3mwindow[0m[2m=[0m2017-09-07..2017-10-06 [3mtotal[0m[2m=[0m246302
[2m2026-09-02T18:38:48.829325Z[0m [32m INFO[0m [2mtushare_sync[0m[2m:[0m window synced [3mcode[0m[2m=[0m"518880" [3mwindow[0m[2m=[0m2017-10-07..2017-11-05 [3mtotal[0m[2m=[0m251122
[2m2026-09-02T18:38:49.844864Z[0m [32m INFO[0m [2mtushare_sync[0m[2m:[0m window synced [3mcode[0m[2m=[0m"518880" [3mwindow[0m[2m=[0m2017-11-06..2017-12-05 [3mtotal[0m[2m=[0m256424
[2m2026-09-02T18:38:50.840439Z[0m [32m INFO[0m [2mtushare_sync[0m[2m:[0m window synced [3mcode[0m[2m=[0m"518880" [3mwindow[0m[2m=[0m2017-12-06..2018-01-04 [3mtotal[0m[2m=[0m261485
[2m2026-09-02T18:38:51.822827Z[0m [32m INFO[0m [2mtushare_sync[0m[2m:[0m window synced [3mcode[0m[2m=[0m"518880" [3mwindow[0m[2m=[0m2018-01-05..2018-02-03 [3mtotal[0m[2m=[0m266546
[2m2026-09-02T18:38:52.785702Z[0m [32m INFO[0m [2mtushare_sync[0m[2m:[0m window synced [3mcode[0m[2m=[0m"518880" [3mwindow[0m[2m=[0m2018-02-04..2018-03-05 [3mtotal[0m[2m=[0m270402
[2m2026-09-02T18:38:53.849807Z[0m [32m INFO[0m [2mtushare_sync[0m[2m:[0m window synced [3mcode[0m[2m=[0m"518880" [3mwindow[0m[2m=[0m2018-03-06..2018-04-04 [3mtotal[0m[2m=[0m275704
[2m2026-09-02T18:38:54.815216Z[0m [32m INFO[0m [2mtushare_sync[0m[2m:[0m window synced [3mcode[0m[2m=[0m"518880" [3mwindow[0m[2m=[0m2018-04-05..2018-05-04 [3mtotal[0m[2m=[0m280042
[2m2026-09-02T18:38:55.812145Z[0m [32m INFO[0m [2mtushare_sync[0m[2m:[0m window synced [3mcode[0m[2m=[0m"518880" [3mwindow[0m[2m=[0m2018-05-05..2018-06-03 [3mtotal[0m[2m=[0m284862
[2m2026-09-02T18:38:56.847390Z[0m [32m INFO[0m [2mtushare_sync[0m[2m:[0m window synced [3mcode[0m[2m=[0m"518880" [3mwindow[0m[2m=[0m2018-06-04..2018-07-03 [3mtotal[0m[2m=[0m289923
[2m2026-09-02T18:38:57.852839Z[0m [32m INFO[0m [2mtushare_sync[0m[2m:[0m window synced [3mcode[0m[2m=[0m"518880" [3mwindow[0m[2m=[0m2018-07-04..2018-08-02 [3mtotal[0m[2m=[0m295225
[2m2026-09-02T18:38:58.832147Z[0m [32m INFO[0m [2mtushare_sync[0m[2m:[0m window synced [3mcode[0m[2m=[0m"518880" [3mwindow[0m[2m=[0m2018-08-03..2018-09-01 [3mtotal[0m[2m=[0m300286
[2m2026-09-02T18:38:59.821324Z[0m [32m INFO[0m [2mtushare_sync[0m[2m:[0m window synced [3mcode[0m[2m=[0m"518880" [3mwindow[0m[2m=[0m2018-09-02..2018-10-01 [3mtotal[0m[2m=[0m304865
[2m2026-09-02T18:39:00.822227Z[0m [32m INFO[0m [2mtushare_sync[0m[2m:[0m window synced [3mcode[0m[2m=[0m"518880" [3mwindow[0m[2m=[0m2018-10-02..2018-10-31 [3mtotal[0m[2m=[0m309203
[2m2026-09-02T18:39:01.850687Z[0m [32m INFO[0m [2mtushare_sync[0m[2m:[0m window synced [3mcode[0m[2m=[0m"518880" [3mwindow[0m[2m=[0m2018-11-01..2018-11-30 [3mtotal[0m[2m=[0m314505
[2m2026-09-02T18:39:02.834868Z[0m [32m INFO[0m [2mtushare_sync[0m[2m:[0m window synced [3mcode[0m[2m=[0m"518880" [3mwindow[0m[2m=[0m2018-12-01..2018-12-30 [3mtotal[0m[2m=[0m319325
[2m2026-09-02T18:39:03.869199Z[0m [32m INFO[0m [2mtushare_sync[0m[2m:[0m window synced [3mcode[0m[2m=[0m"518880" [3mwindow[0m[2m=[0m2018-12-31..2019-01-29 [3mtotal[0m[2m=[0m324145
[2m2026-09-02T18:39:04.826285Z[0m [32m INFO[0m [2mtushare_sync[0m[2m:[0m window synced [3mcode[0m[2m=[0m"518880" [3mwindow[0m[2m=[0m2019-01-30..2019-02-28 [3mtotal[0m[2m=[0m328242
[2m2026-09-02T18:39:05.845043Z[0m [32m INFO[0m [2mtushare_sync[0m[2m:[0m window synced [3mcode[0m[2m=[0m"518880" [3mwindow[0m[2m=[0m2019-03-01..2019-03-30 [3mtotal[0m[2m=[0m333303
[2m2026-09-02T18:39:06.844738Z[0m [32m INFO[0m [2mtushare_sync[0m[2m:[0m window synced [3mcode[0m[2m=[0m"518880" [3mwindow[0m[2m=[0m2019-03-31..2019-04-29 [3mtotal[0m[2m=[0m338123
[2m2026-09-02T18:39:07.855554Z[0m [32m INFO[0m [2mtushare_sync[0m[2m:[0m window synced [3mcode[0m[2m=[0m"518880" [3mwindow[0m[2m=[0m2019-04-30..2019-05-29 [3mtotal[0m[2m=[0m342702
[2m2026-09-02T18:39:08.862471Z[0m [32m INFO[0m [2mtushare_sync[0m[2m:[0m window synced [3mcode[0m[2m=[0m"518880" [3mwindow[0m[2m=[0m2019-05-30..2019-06-28 [3mtotal[0m[2m=[0m347763
[2m2026-09-02T18:39:09.907417Z[0m [32m INFO[0m [2mtushare_sync[0m[2m:[0m window synced [3mcode[0m[2m=[0m"518880" [3mwindow[0m[2m=[0m2019-06-29..2019-07-28 [3mtotal[0m[2m=[0m352583
[2m2026-09-02T18:39:10.880776Z[0m [32m INFO[0m [2mtushare_sync[0m[2m:[0m window synced [3mcode[0m[2m=[0m"518880" [3mwindow[0m[2m=[0m2019-07-29..2019-08-27 [3mtotal[0m[2m=[0m357885
[2m2026-09-02T18:39:11.890183Z[0m [32m INFO[0m [2mtushare_sync[0m[2m:[0m window synced [3mcode[0m[2m=[0m"518880" [3mwindow[0m[2m=[0m2019-08-28..2019-09-26 [3mtotal[0m[2m=[0m362946
[2m2026-09-02T18:39:12.867805Z[0m [32m INFO[0m [2mtushare_sync[0m[2m:[0m window synced [3mcode[0m[2m=[0m"518880" [3mwindow[0m[2m=[0m2019-09-27..2019-10-26 [3mtotal[0m[2m=[0m366802
[2m2026-09-02T18:39:13.920944Z[0m [32m INFO[0m [2mtushare_sync[0m[2m:[0m window synced [3mcode[0m[2m=[0m"518880" [3mwindow[0m[2m=[0m2019-10-27..2019-11-25 [3mtotal[0m[2m=[0m371863
[2m2026-09-02T18:39:14.877011Z[0m [32m INFO[0m [2mtushare_sync[0m[2m:[0m window synced [3mcode[0m[2m=[0m"518880" [3mwindow[0m[2m=[0m2019-11-26..2019-12-25 [3mtotal[0m[2m=[0m377165
[2m2026-09-02T18:39:15.838442Z[0m [32m INFO[0m [2mtushare_sync[0m[2m:[0m window synced [3mcode[0m[2m=[0m"518880" [3mwindow[0m[2m=[0m2019-12-26..2020-01-24 [3mtotal[0m[2m=[0m381985
[2m2026-09-02T18:39:16.857707Z[0m [32m INFO[0m [2mtushare_sync[0m[2m:[0m window synced [3mcode[0m[2m=[0m"518880" [3mwindow[0m[2m=[0m2020-01-25..2020-02-23 [3mtotal[0m[2m=[0m385600
[2m2026-09-02T18:39:17.869488Z[0m [32m INFO[0m [2mtushare_sync[0m[2m:[0m window synced [3mcode[0m[2m=[0m"518880" [3mwindow[0m[2m=[0m2020-02-24..2020-03-24 [3mtotal[0m[2m=[0m390902
[2m2026-09-02T18:39:18.846795Z[0m [32m INFO[0m [2mtushare_sync[0m[2m:[0m window synced [3mcode[0m[2m=[0m"518880" [3mwindow[0m[2m=[0m2020-03-25..2020-04-23 [3mtotal[0m[2m=[0m395963
[2m2026-09-02T18:39:19.835074Z[0m [32m INFO[0m [2mtushare_sync[0m[2m:[0m window synced [3mcode[0m[2m=[0m"518880" [3mwindow[0m[2m=[0m2020-04-24..2020-05-23 [3mtotal[0m[2m=[0m400301
[2m2026-09-02T18:39:20.861539Z[0m [32m INFO[0m [2mtushare_sync[0m[2m:[0m window synced [3mcode[0m[2m=[0m"518880" [3mwindow[0m[2m=[0m2020-05-24..2020-06-22 [3mtotal[0m[2m=[0m405362
[2m2026-09-02T18:39:21.848739Z[0m [32m INFO[0m [2mtushare_sync[0m[2m:[0m window synced [3mcode[0m[2m=[0m"518880" [3mwindow[0m[2m=[0m2020-06-23..2020-07-22 [3mtotal[0m[2m=[0m410182
[2m2026-09-02T18:39:22.886209Z[0m [32m INFO[0m [2mtushare_sync[0m[2m:[0m window synced [3mcode[0m[2m=[0m"518880" [3mwindow[0m[2m=[0m2020-07-23..2020-08-21 [3mtotal[0m[2m=[0m415484
[2m2026-09-02T18:39:23.855088Z[0m [32m INFO[0m [2mtushare_sync[0m[2m:[0m window synced [3mcode[0m[2m=[0m"518880" [3mwindow[0m[2m=[0m2020-08-22..2020-09-20 [3mtotal[0m[2m=[0m420304
[2m2026-09-02T18:39:24.858953Z[0m [32m INFO[0m [2mtushare_sync[0m[2m:[0m window synced [3mcode[0m[2m=[0m"518880" [3mwindow[0m[2m=[0m2020-09-21..2020-10-20 [3mtotal[0m[2m=[0m424160
[2m2026-09-02T18:39:25.882106Z[0m [32m INFO[0m [2mtushare_sync[0m[2m:[0m window synced [3mcode[0m[2m=[0m"518880" [3mwindow[0m[2m=[0m2020-10-21..2020-11-19 [3mtotal[0m[2m=[0m429462
[2m2026-09-02T18:39:26.872845Z[0m [32m INFO[0m [2mtushare_sync[0m[2m:[0m window synced [3mcode[0m[2m=[0m"518880" [3mwindow[0m[2m=[0m2020-11-20..2020-12-19 [3mtotal[0m[2m=[0m434523
[2m2026-09-02T18:39:27.866721Z[0m [32m INFO[0m [2mtushare_sync[0m[2m:[0m window synced [3mcode[0m[2m=[0m"518880" [3mwindow[0m[2m=[0m2020-12-20..2021-01-18 [3mtotal[0m[2m=[0m439343
[2m2026-09-02T18:39:28.860435Z[0m [32m INFO[0m [2mtushare_sync[0m[2m:[0m window synced [3mcode[0m[2m=[0m"518880" [3mwindow[0m[2m=[0m2021-01-19..2021-02-17 [3mtotal[0m[2m=[0m443440
[2m2026-09-02T18:39:29.882136Z[0m [32m INFO[0m [2mtushare_sync[0m[2m:[0m window synced [3mcode[0m[2m=[0m"518880" [3mwindow[0m[2m=[0m2021-02-18..2021-03-19 [3mtotal[0m[2m=[0m448742
[2m2026-09-02T18:39:30.894923Z[0m [32m INFO[0m [2mtushare_sync[0m[2m:[0m window synced [3mcode[0m[2m=[0m"518880" [3mwindow[0m[2m=[0m2021-03-20..2021-04-18 [3mtotal[0m[2m=[0m453321
[2m2026-09-02T18:39:31.890670Z[0m [32m INFO[0m [2mtushare_sync[0m[2m:[0m window synced [3mcode[0m[2m=[0m"518880" [3mwindow[0m[2m=[0m2021-04-19..2021-05-18 [3mtotal[0m[2m=[0m457900
[2m2026-09-02T18:39:32.878196Z[0m [32m INFO[0m [2mtushare_sync[0m[2m:[0m window synced [3mcode[0m[2m=[0m"518880" [3mwindow[0m[2m=[0m2021-05-19..2021-06-17 [3mtotal[0m[2m=[0m462961
[2m2026-09-02T18:39:33.901655Z[0m [32m INFO[0m [2mtushare_sync[0m[2m:[0m window synced [3mcode[0m[2m=[0m"518880" [3mwindow[0m[2m=[0m2021-06-18..2021-07-17 [3mtotal[0m[2m=[0m468022
[2m2026-09-02T18:39:34.904082Z[0m [32m INFO[0m [2mtushare_sync[0m[2m:[0m window synced [3mcode[0m[2m=[0m"518880" [3mwindow[0m[2m=[0m2021-07-18..2021-08-16 [3mtotal[0m[2m=[0m473083
[2m2026-09-02T18:39:35.900867Z[0m [32m INFO[0m [2mtushare_sync[0m[2m:[0m window synced [3mcode[0m[2m=[0m"518880" [3mwindow[0m[2m=[0m2021-08-17..2021-09-15 [3mtotal[0m[2m=[0m478385
[2m2026-09-02T18:39:36.886482Z[0m [32m INFO[0m [2mtushare_sync[0m[2m:[0m window synced [3mcode[0m[2m=[0m"518880" [3mwindow[0m[2m=[0m2021-09-16..2021-10-15 [3mtotal[0m[2m=[0m482000
[2m2026-09-02T18:39:37.881620Z[0m [32m INFO[0m [2mtushare_sync[0m[2m:[0m window synced [3mcode[0m[2m=[0m"518880" [3mwindow[0m[2m=[0m2021-10-16..2021-11-14 [3mtotal[0m[2m=[0m486820
[2m2026-09-02T18:39:38.894586Z[0m [32m INFO[0m [2mtushare_sync[0m[2m:[0m window synced [3mcode[0m[2m=[0m"518880" [3mwindow[0m[2m=[0m2021-11-15..2021-12-14 [3mtotal[0m[2m=[0m492122
[2m2026-09-02T18:39:39.900830Z[0m [32m INFO[0m [2mtushare_sync[0m[2m:[0m window synced [3mcode[0m[2m=[0m"518880" [3mwindow[0m[2m=[0m2021-12-15..2022-01-13 [3mtotal[0m[2m=[0m497183
[2m2026-09-02T18:39:40.848754Z[0m [32m INFO[0m [2mtushare_sync[0m[2m:[0m window synced [3mcode[0m[2m=[0m"518880" [3mwindow[0m[2m=[0m2022-01-14..2022-02-12 [3mtotal[0m[2m=[0m501039
[2m2026-09-02T18:39:41.919361Z[0m [32m INFO[0m [2mtushare_sync[0m[2m:[0m window synced [3mcode[0m[2m=[0m"518880" [3mwindow[0m[2m=[0m2022-02-13..2022-03-14 [3mtotal[0m[2m=[0m506100
[2m2026-09-02T18:39:42.892975Z[0m [32m INFO[0m [2mtushare_sync[0m[2m:[0m window synced [3mcode[0m[2m=[0m"518880" [3mwindow[0m[2m=[0m2022-03-15..2022-04-13 [3mtotal[0m[2m=[0m510920
[2m2026-09-02T18:39:44.017293Z[0m [32m INFO[0m [2mtushare_sync[0m[2m:[0m window synced [3mcode[0m[2m=[0m"518880" [3mwindow[0m[2m=[0m2022-04-14..2022-05-13 [3mtotal[0m[2m=[0m515499
[2m2026-09-02T18:39:44.897810Z[0m [32m INFO[0m [2mtushare_sync[0m[2m:[0m window synced [3mcode[0m[2m=[0m"518880" [3mwindow[0m[2m=[0m2022-05-14..2022-06-12 [3mtotal[0m[2m=[0m520078
[2m2026-09-02T18:39:46.273559Z[0m [32m INFO[0m [2mtushare_sync[0m[2m:[0m window synced [3mcode[0m[2m=[0m"518880" [3mwindow[0m[2m=[0m2022-06-13..2022-07-12 [3mtotal[0m[2m=[0m525380
[2m2026-09-02T18:39:46.955151Z[0m [32m INFO[0m [2mtushare_sync[0m[2m:[0m window synced [3mcode[0m[2m=[0m"518880" [3mwindow[0m[2m=[0m2022-07-13..2022-08-11 [3mtotal[0m[2m=[0m530682
[2m2026-09-02T18:39:47.905528Z[0m [32m INFO[0m [2mtushare_sync[0m[2m:[0m window synced [3mcode[0m[2m=[0m"518880" [3mwindow[0m[2m=[0m2022-08-12..2022-09-10 [3mtotal[0m[2m=[0m535743
[2m2026-09-02T18:39:48.930277Z[0m [32m INFO[0m [2mtushare_sync[0m[2m:[0m window synced [3mcode[0m[2m=[0m"518880" [3mwindow[0m[2m=[0m2022-09-11..2022-10-10 [3mtotal[0m[2m=[0m539358
[2m2026-09-02T18:39:49.905369Z[0m [32m INFO[0m [2mtushare_sync[0m[2m:[0m window synced [3mcode[0m[2m=[0m"518880" [3mwindow[0m[2m=[0m2022-10-11..2022-11-09 [3mtotal[0m[2m=[0m544660
[2m2026-09-02T18:39:50.910390Z[0m [32m INFO[0m [2mtushare_sync[0m[2m:[0m window synced [3mcode[0m[2m=[0m"518880" [3mwindow[0m[2m=[0m2022-11-10..2022-12-09 [3mtotal[0m[2m=[0m549962
[2m2026-09-02T18:39:51.948164Z[0m [32m INFO[0m [2mtushare_sync[0m[2m:[0m window synced [3mcode[0m[2m=[0m"518880" [3mwindow[0m[2m=[0m2022-12-10..2023-01-08 [3mtotal[0m[2m=[0m554541
[2m2026-09-02T18:39:52.959175Z[0m [32m INFO[0m [2mtushare_sync[0m[2m:[0m window synced [3mcode[0m[2m=[0m"518880" [3mwindow[0m[2m=[0m2023-01-09..2023-02-07 [3mtotal[0m[2m=[0m558638
[2m2026-09-02T18:39:54.065650Z[0m [32m INFO[0m [2mtushare_sync[0m[2m:[0m window synced [3mcode[0m[2m=[0m"518880" [3mwindow[0m[2m=[0m2023-02-08..2023-03-09 [3mtotal[0m[2m=[0m563940
[2m2026-09-02T18:39:54.933918Z[0m [32m INFO[0m [2mtushare_sync[0m[2m:[0m window synced [3mcode[0m[2m=[0m"518880" [3mwindow[0m[2m=[0m2023-03-10..2023-04-08 [3mtotal[0m[2m=[0m568760
[2m2026-09-02T18:39:55.908575Z[0m [32m INFO[0m [2mtushare_sync[0m[2m:[0m window synced [3mcode[0m[2m=[0m"518880" [3mwindow[0m[2m=[0m2023-04-09..2023-05-08 [3mtotal[0m[2m=[0m573098
[2m2026-09-02T18:39:56.979587Z[0m [32m INFO[0m [2mtushare_sync[0m[2m:[0m window synced [3mcode[0m[2m=[0m"518880" [3mwindow[0m[2m=[0m2023-05-09..2023-06-07 [3mtotal[0m[2m=[0m578400
[2m2026-09-02T18:39:57.948764Z[0m [32m INFO[0m [2mtushare_sync[0m[2m:[0m window synced [3mcode[0m[2m=[0m"518880" [3mwindow[0m[2m=[0m2023-06-08..2023-07-07 [3mtotal[0m[2m=[0m583220
[2m2026-09-02T18:39:58.985109Z[0m [32m INFO[0m [2mtushare_sync[0m[2m:[0m window synced [3mcode[0m[2m=[0m"518880" [3mwindow[0m[2m=[0m2023-07-08..2023-08-06 [3mtotal[0m[2m=[0m588040
[2m2026-09-02T18:39:59.933662Z[0m [32m INFO[0m [2mtushare_sync[0m[2m:[0m window synced [3mcode[0m[2m=[0m"518880" [3mwindow[0m[2m=[0m2023-08-07..2023-09-05 [3mtotal[0m[2m=[0m593342
[2m2026-09-02T18:40:00.977174Z[0m [32m INFO[0m [2mtushare_sync[0m[2m:[0m window synced [3mcode[0m[2m=[0m"518880" [3mwindow[0m[2m=[0m2023-09-06..2023-10-05 [3mtotal[0m[2m=[0m597439
[2m2026-09-02T18:40:01.949169Z[0m [32m INFO[0m [2mtushare_sync[0m[2m:[0m window synced [3mcode[0m[2m=[0m"518880" [3mwindow[0m[2m=[0m2023-10-06..2023-11-04 [3mtotal[0m[2m=[0m602259
[2m2026-09-02T18:40:02.944926Z[0m [32m INFO[0m [2mtushare_sync[0m[2m:[0m window synced [3mcode[0m[2m=[0m"518880" [3mwindow[0m[2m=[0m2023-11-05..2023-12-04 [3mtotal[0m[2m=[0m607320
[2m2026-09-02T18:40:03.955824Z[0m [32m INFO[0m [2mtushare_sync[0m[2m:[0m window synced [3mcode[0m[2m=[0m"518880" [3mwindow[0m[2m=[0m2023-12-05..2024-01-03 [3mtotal[0m[2m=[0m612381
[2m2026-09-02T18:40:04.961228Z[0m [32m INFO[0m [2mtushare_sync[0m[2m:[0m window synced [3mcode[0m[2m=[0m"518880" [3mwindow[0m[2m=[0m2024-01-04..2024-02-02 [3mtotal[0m[2m=[0m617683
[2m2026-09-02T18:40:05.918886Z[0m [32m INFO[0m [2mtushare_sync[0m[2m:[0m window synced [3mcode[0m[2m=[0m"518880" [3mwindow[0m[2m=[0m2024-02-03..2024-03-03 [3mtotal[0m[2m=[0m621057
[2m2026-09-02T18:40:06.991781Z[0m [32m INFO[0m [2mtushare_sync[0m[2m:[0m window synced [3mcode[0m[2m=[0m"518880" [3mwindow[0m[2m=[0m2024-03-04..2024-04-02 [3mtotal[0m[2m=[0m626359
[2m2026-09-02T18:40:07.941024Z[0m [32m INFO[0m [2mtushare_sync[0m[2m:[0m window synced [3mcode[0m[2m=[0m"518880" [3mwindow[0m[2m=[0m2024-04-03..2024-05-02 [3mtotal[0m[2m=[0m630697
[2m2026-09-02T18:40:08.962813Z[0m [32m INFO[0m [2mtushare_sync[0m[2m:[0m window synced [3mcode[0m[2m=[0m"518880" [3mwindow[0m[2m=[0m2024-05-03..2024-06-01 [3mtotal[0m[2m=[0m635517
[2m2026-09-02T18:40:09.935886Z[0m [32m INFO[0m [2mtushare_sync[0m[2m:[0m window synced [3mcode[0m[2m=[0m"518880" [3mwindow[0m[2m=[0m2024-06-02..2024-07-01 [3mtotal[0m[2m=[0m640337
[2m2026-09-02T18:40:11.235216Z[0m [32m INFO[0m [2mtushare_sync[0m[2m:[0m window synced [3mcode[0m[2m=[0m"518880" [3mwindow[0m[2m=[0m2024-07-02..2024-07-31 [3mtotal[0m[2m=[0m645639
[2m2026-09-02T18:40:12.079199Z[0m [32m INFO[0m [2mtushare_sync[0m[2m:[0m window synced [3mcode[0m[2m=[0m"518880" [3mwindow[0m[2m=[0m2024-08-01..2024-08-30 [3mtotal[0m[2m=[0m650941
[2m2026-09-02T18:40:12.938070Z[0m [32m INFO[0m [2mtushare_sync[0m[2m:[0m window synced [3mcode[0m[2m=[0m"518880" [3mwindow[0m[2m=[0m2024-08-31..2024-09-29 [3mtotal[0m[2m=[0m655279
[2m2026-09-02T18:40:13.943091Z[0m [32m INFO[0m [2mtushare_sync[0m[2m:[0m window synced [3mcode[0m[2m=[0m"518880" [3mwindow[0m[2m=[0m2024-09-30..2024-10-29 [3mtotal[0m[2m=[0m659376
[2m2026-09-02T18:40:14.984079Z[0m [32m INFO[0m [2mtushare_sync[0m[2m:[0m window synced [3mcode[0m[2m=[0m"518880" [3mwindow[0m[2m=[0m2024-10-30..2024-11-28 [3mtotal[0m[2m=[0m664678
[2m2026-09-02T18:40:15.985375Z[0m [32m INFO[0m [2mtushare_sync[0m[2m:[0m window synced [3mcode[0m[2m=[0m"518880" [3mwindow[0m[2m=[0m2024-11-29..2024-12-28 [3mtotal[0m[2m=[0m669739
[2m2026-09-02T18:40:16.964261Z[0m [32m INFO[0m [2mtushare_sync[0m[2m:[0m window synced [3mcode[0m[2m=[0m"518880" [3mwindow[0m[2m=[0m2024-12-29..2025-01-27 [3mtotal[0m[2m=[0m674559
[2m2026-09-02T18:40:17.905169Z[0m [32m INFO[0m [2mtushare_sync[0m[2m:[0m window synced [3mcode[0m[2m=[0m"518880" [3mwindow[0m[2m=[0m2025-01-28..2025-02-26 [3mtotal[0m[2m=[0m678415
[2m2026-09-02T18:40:18.962152Z[0m [32m INFO[0m [2mtushare_sync[0m[2m:[0m window synced [3mcode[0m[2m=[0m"518880" [3mwindow[0m[2m=[0m2025-02-27..2025-03-28 [3mtotal[0m[2m=[0m683717
[2m2026-09-02T18:40:19.927683Z[0m [32m INFO[0m [2mtushare_sync[0m[2m:[0m window synced [3mcode[0m[2m=[0m"518880" [3mwindow[0m[2m=[0m2025-03-29..2025-04-27 [3mtotal[0m[2m=[0m688296
[2m2026-09-02T18:40:20.921706Z[0m [32m INFO[0m [2mtushare_sync[0m[2m:[0m window synced [3mcode[0m[2m=[0m"518880" [3mwindow[0m[2m=[0m2025-04-28..2025-05-27 [3mtotal[0m[2m=[0m692875
[2m2026-09-02T18:40:21.943741Z[0m [32m INFO[0m [2mtushare_sync[0m[2m:[0m window synced [3mcode[0m[2m=[0m"518880" [3mwindow[0m[2m=[0m2025-05-28..2025-06-26 [3mtotal[0m[2m=[0m697936
[2m2026-09-02T18:40:22.943836Z[0m [32m INFO[0m [2mtushare_sync[0m[2m:[0m window synced [3mcode[0m[2m=[0m"518880" [3mwindow[0m[2m=[0m2025-06-27..2025-07-26 [3mtotal[0m[2m=[0m702997
[2m2026-09-02T18:40:23.926653Z[0m [32m INFO[0m [2mtushare_sync[0m[2m:[0m window synced [3mcode[0m[2m=[0m"518880" [3mwindow[0m[2m=[0m2025-07-27..2025-08-25 [3mtotal[0m[2m=[0m708058
[2m2026-09-02T18:40:24.955366Z[0m [32m INFO[0m [2mtushare_sync[0m[2m:[0m window synced [3mcode[0m[2m=[0m"518880" [3mwindow[0m[2m=[0m2025-08-26..2025-09-24 [3mtotal[0m[2m=[0m713360
[2m2026-09-02T18:40:25.911645Z[0m [32m INFO[0m [2mtushare_sync[0m[2m:[0m window synced [3mcode[0m[2m=[0m"518880" [3mwindow[0m[2m=[0m2025-09-25..2025-10-24 [3mtotal[0m[2m=[0m717216
[2m2026-09-02T18:40:26.940589Z[0m [32m INFO[0m [2mtushare_sync[0m[2m:[0m window synced [3mcode[0m[2m=[0m"518880" [3mwindow[0m[2m=[0m2025-10-25..2025-11-23 [3mtotal[0m[2m=[0m722036
[2m2026-09-02T18:40:27.948946Z[0m [32m INFO[0m [2mtushare_sync[0m[2m:[0m window synced [3mcode[0m[2m=[0m"518880" [3mwindow[0m[2m=[0m2025-11-24..2025-12-23 [3mtotal[0m[2m=[0m727338
[2m2026-09-02T18:40:28.939547Z[0m [32m INFO[0m [2mtushare_sync[0m[2m:[0m window synced [3mcode[0m[2m=[0m"518880" [3mwindow[0m[2m=[0m2025-12-24..2026-01-22 [3mtotal[0m[2m=[0m732158
[2m2026-09-02T18:40:29.895981Z[0m [32m INFO[0m [2mtushare_sync[0m[2m:[0m window synced [3mcode[0m[2m=[0m"518880" [3mwindow[0m[2m=[0m2026-01-23..2026-02-21 [3mtotal[0m[2m=[0m736014
[2m2026-09-02T18:40:30.945669Z[0m [32m INFO[0m [2mtushare_sync[0m[2m:[0m window synced [3mcode[0m[2m=[0m"518880" [3mwindow[0m[2m=[0m2026-02-22..2026-03-23 [3mtotal[0m[2m=[0m740834
[2m2026-09-02T18:40:31.950195Z[0m [32m INFO[0m [2mtushare_sync[0m[2m:[0m window synced [3mcode[0m[2m=[0m"518880" [3mwindow[0m[2m=[0m2026-03-24..2026-04-22 [3mtotal[0m[2m=[0m745895
[2m2026-09-02T18:40:32.944634Z[0m [32m INFO[0m [2mtushare_sync[0m[2m:[0m window synced [3mcode[0m[2m=[0m"518880" [3mwindow[0m[2m=[0m2026-04-23..2026-05-22 [3mtotal[0m[2m=[0m750474
[2m2026-09-02T18:40:33.935256Z[0m [32m INFO[0m [2mtushare_sync[0m[2m:[0m window synced [3mcode[0m[2m=[0m"518880" [3mwindow[0m[2m=[0m2026-05-23..2026-06-21 [3mtotal[0m[2m=[0m755053
[2m2026-09-02T18:40:34.975356Z[0m [32m INFO[0m [2mtushare_sync[0m[2m:[0m window synced [3mcode[0m[2m=[0m"518880" [3mwindow[0m[2m=[0m2026-06-22..2026-07-21 [3mtotal[0m[2m=[0m760355
[2m2026-09-02T18:40:35.947998Z[0m [32m INFO[0m [2mtushare_sync[0m[2m:[0m window synced [3mcode[0m[2m=[0m"518880" [3mwindow[0m[2m=[0m2026-07-22..2026-08-20 [3mtotal[0m[2m=[0m765657
[2m2026-09-02T18:40:36.887460Z[0m [32m INFO[0m [2mtushare_sync[0m[2m:[0m window synced [3mcode[0m[2m=[0m"518880" [3mwindow[0m[2m=[0m2026-08-21..2026-09-03 [3mtotal[0m[2m=[0m767826
[2m2026-09-02T18:40:36.887499Z[0m [32m INFO[0m [2mtushare_sync[0m[2m:[0m === sync done === [3mcode[0m[2m=[0m"518880" [3mbars[0m[2m=[0m767826
[2m2026-09-02T18:40:36.887506Z[0m [32m INFO[0m [2mtushare_sync[0m[2m:[0m === sync start === [3mcode[0m[2m=[0m"159337"
[2m2026-09-02T18:40:49.987615Z[0m [32m INFO[0m [2mtushare_sync[0m[2m:[0m first data year found [3mcode[0m[2m=[0m"159337" [3mfirst_year[0m[2m=[0m2024
[2m2026-09-02T18:40:50.818061Z[0m [32m INFO[0m [2mtushare_sync[0m[2m:[0m window synced [3mcode[0m[2m=[0m"159337" [3mwindow[0m[2m=[0m2024-01-01..2024-01-30 [3mtotal[0m[2m=[0m0
[2m2026-09-02T18:40:51.816327Z[0m [32m INFO[0m [2mtushare_sync[0m[2m:[0m window synced [3mcode[0m[2m=[0m"159337" [3mwindow[0m[2m=[0m2024-01-31..2024-02-29 [3mtotal[0m[2m=[0m0
[2m2026-09-02T18:40:52.816813Z[0m [32m INFO[0m [2mtushare_sync[0m[2m:[0m window synced [3mcode[0m[2m=[0m"159337" [3mwindow[0m[2m=[0m2024-03-01..2024-03-30 [3mtotal[0m[2m=[0m0
[2m2026-09-02T18:40:53.915406Z[0m [32m INFO[0m [2mtushare_sync[0m[2m:[0m window synced [3mcode[0m[2m=[0m"159337" [3mwindow[0m[2m=[0m2024-03-31..2024-04-29 [3mtotal[0m[2m=[0m0
[2m2026-09-02T18:40:54.816762Z[0m [32m INFO[0m [2mtushare_sync[0m[2m:[0m window synced [3mcode[0m[2m=[0m"159337" [3mwindow[0m[2m=[0m2024-04-30..2024-05-29 [3mtotal[0m[2m=[0m0
[2m2026-09-02T18:40:55.819002Z[0m [32m INFO[0m [2mtushare_sync[0m[2m:[0m window synced [3mcode[0m[2m=[0m"159337" [3mwindow[0m[2m=[0m2024-05-30..2024-06-28 [3mtotal[0m[2m=[0m0
[2m2026-09-02T18:40:56.816917Z[0m [32m INFO[0m [2mtushare_sync[0m[2m:[0m window synced [3mcode[0m[2m=[0m"159337" [3mwindow[0m[2m=[0m2024-06-29..2024-07-28 [3mtotal[0m[2m=[0m0
[2m2026-09-02T18:40:57.838776Z[0m [32m INFO[0m [2mtushare_sync[0m[2m:[0m window synced [3mcode[0m[2m=[0m"159337" [3mwindow[0m[2m=[0m2024-07-29..2024-08-27 [3mtotal[0m[2m=[0m0
[2m2026-09-02T18:40:58.919626Z[0m [32m INFO[0m [2mtushare_sync[0m[2m:[0m window synced [3mcode[0m[2m=[0m"159337" [3mwindow[0m[2m=[0m2024-08-28..2024-09-26 [3mtotal[0m[2m=[0m1205
[2m2026-09-02T18:40:59.975050Z[0m [32m INFO[0m [2mtushare_sync[0m[2m:[0m window synced [3mcode[0m[2m=[0m"159337" [3mwindow[0m[2m=[0m2024-09-27..2024-10-26 [3mtotal[0m[2m=[0m5061
[2m2026-09-02T18:41:01.005370Z[0m [32m INFO[0m [2mtushare_sync[0m[2m:[0m window synced [3mcode[0m[2m=[0m"159337" [3mwindow[0m[2m=[0m2024-10-27..2024-11-25 [3mtotal[0m[2m=[0m10122
[2m2026-09-02T18:41:02.040884Z[0m [32m INFO[0m [2mtushare_sync[0m[2m:[0m window synced [3mcode[0m[2m=[0m"159337" [3mwindow[0m[2m=[0m2024-11-26..2024-12-25 [3mtotal[0m[2m=[0m15424
[2m2026-09-02T18:41:03.010279Z[0m [32m INFO[0m [2mtushare_sync[0m[2m:[0m window synced [3mcode[0m[2m=[0m"159337" [3mwindow[0m[2m=[0m2024-12-26..2025-01-24 [3mtotal[0m[2m=[0m20485
[2m2026-09-02T18:41:03.966141Z[0m [32m INFO[0m [2mtushare_sync[0m[2m:[0m window synced [3mcode[0m[2m=[0m"159337" [3mwindow[0m[2m=[0m2025-01-25..2025-02-23 [3mtotal[0m[2m=[0m23859
[2m2026-09-02T18:41:04.994725Z[0m [32m INFO[0m [2mtushare_sync[0m[2m:[0m window synced [3mcode[0m[2m=[0m"159337" [3mwindow[0m[2m=[0m2025-02-24..2025-03-25 [3mtotal[0m[2m=[0m29161
[2m2026-09-02T18:41:05.987974Z[0m [32m INFO[0m [2mtushare_sync[0m[2m:[0m window synced [3mcode[0m[2m=[0m"159337" [3mwindow[0m[2m=[0m2025-03-26..2025-04-24 [3mtotal[0m[2m=[0m34222
[2m2026-09-02T18:41:07.077864Z[0m [32m INFO[0m [2mtushare_sync[0m[2m:[0m window synced [3mcode[0m[2m=[0m"159337" [3mwindow[0m[2m=[0m2025-04-25..2025-05-24 [3mtotal[0m[2m=[0m38560
[2m2026-09-02T18:41:07.983846Z[0m [32m INFO[0m [2mtushare_sync[0m[2m:[0m window synced [3mcode[0m[2m=[0m"159337" [3mwindow[0m[2m=[0m2025-05-25..2025-06-23 [3mtotal[0m[2m=[0m43380
[2m2026-09-02T18:41:09.098743Z[0m [32m INFO[0m [2mtushare_sync[0m[2m:[0m window synced [3mcode[0m[2m=[0m"159337" [3mwindow[0m[2m=[0m2025-06-24..2025-07-23 [3mtotal[0m[2m=[0m48682
[2m2026-09-02T18:41:09.988828Z[0m [32m INFO[0m [2mtushare_sync[0m[2m:[0m window synced [3mcode[0m[2m=[0m"159337" [3mwindow[0m[2m=[0m2025-07-24..2025-08-22 [3mtotal[0m[2m=[0m53984
[2m2026-09-02T18:41:10.987803Z[0m [32m INFO[0m [2mtushare_sync[0m[2m:[0m window synced [3mcode[0m[2m=[0m"159337" [3mwindow[0m[2m=[0m2025-08-23..2025-09-21 [3mtotal[0m[2m=[0m58804
[2m2026-09-02T18:41:11.985964Z[0m [32m INFO[0m [2mtushare_sync[0m[2m:[0m window synced [3mcode[0m[2m=[0m"159337" [3mwindow[0m[2m=[0m2025-09-22..2025-10-21 [3mtotal[0m[2m=[0m62660
[2m2026-09-02T18:41:12.983579Z[0m [32m INFO[0m [2mtushare_sync[0m[2m:[0m window synced [3mcode[0m[2m=[0m"159337" [3mwindow[0m[2m=[0m2025-10-22..2025-11-20 [3mtotal[0m[2m=[0m67962
[2m2026-09-02T18:41:13.979103Z[0m [32m INFO[0m [2mtushare_sync[0m[2m:[0m window synced [3mcode[0m[2m=[0m"159337" [3mwindow[0m[2m=[0m2025-11-21..2025-12-20 [3mtotal[0m[2m=[0m73023
[2m2026-09-02T18:41:14.966719Z[0m [32m INFO[0m [2mtushare_sync[0m[2m:[0m window synced [3mcode[0m[2m=[0m"159337" [3mwindow[0m[2m=[0m2025-12-21..2026-01-19 [3mtotal[0m[2m=[0m77602
[2m2026-09-02T18:41:15.975623Z[0m [32m INFO[0m [2mtushare_sync[0m[2m:[0m window synced [3mcode[0m[2m=[0m"159337" [3mwindow[0m[2m=[0m2026-01-20..2026-02-18 [3mtotal[0m[2m=[0m82181
[2m2026-09-02T18:41:16.957258Z[0m [32m INFO[0m [2mtushare_sync[0m[2m:[0m window synced [3mcode[0m[2m=[0m"159337" [3mwindow[0m[2m=[0m2026-02-19..2026-03-20 [3mtotal[0m[2m=[0m86760
[2m2026-09-02T18:41:17.984701Z[0m [32m INFO[0m [2mtushare_sync[0m[2m:[0m window synced [3mcode[0m[2m=[0m"159337" [3mwindow[0m[2m=[0m2026-03-21..2026-04-19 [3mtotal[0m[2m=[0m91339
[2m2026-09-02T18:41:18.975653Z[0m [32m INFO[0m [2mtushare_sync[0m[2m:[0m window synced [3mcode[0m[2m=[0m"159337" [3mwindow[0m[2m=[0m2026-04-20..2026-05-19 [3mtotal[0m[2m=[0m95918
[2m2026-09-02T18:41:19.988933Z[0m [32m INFO[0m [2mtushare_sync[0m[2m:[0m window synced [3mcode[0m[2m=[0m"159337" [3mwindow[0m[2m=[0m2026-05-20..2026-06-18 [3mtotal[0m[2m=[0m101220
[2m2026-09-02T18:41:20.969382Z[0m [32m INFO[0m [2mtushare_sync[0m[2m:[0m window synced [3mcode[0m[2m=[0m"159337" [3mwindow[0m[2m=[0m2026-06-19..2026-07-18 [3mtotal[0m[2m=[0m106040
[2m2026-09-02T18:41:21.989631Z[0m [32m INFO[0m [2mtushare_sync[0m[2m:[0m window synced [3mcode[0m[2m=[0m"159337" [3mwindow[0m[2m=[0m2026-07-19..2026-08-17 [3mtotal[0m[2m=[0m111101
[2m2026-09-02T18:41:22.943024Z[0m [32m INFO[0m [2mtushare_sync[0m[2m:[0m window synced [3mcode[0m[2m=[0m"159337" [3mwindow[0m[2m=[0m2026-08-18..2026-09-03 [3mtotal[0m[2m=[0m113993
[2m2026-09-02T18:41:22.943068Z[0m [32m INFO[0m [2mtushare_sync[0m[2m:[0m === sync done === [3mcode[0m[2m=[0m"159337" [3mbars[0m[2m=[0m113993
[2m2026-09-02T18:41:22.943075Z[0m [32m INFO[0m [2mtushare_sync[0m[2m:[0m === sync start === [3mcode[0m[2m=[0m"159577"
[2m2026-09-02T18:41:36.286041Z[0m [32m INFO[0m [2mtushare_sync[0m[2m:[0m first data year found [3mcode[0m[2m=[0m"159577" [3mfirst_year[0m[2m=[0m2024
[2m2026-09-02T18:41:36.856736Z[0m [32m INFO[0m [2mtushare_sync[0m[2m:[0m window synced [3mcode[0m[2m=[0m"159577" [3mwindow[0m[2m=[0m2024-01-01..2024-01-30 [3mtotal[0m[2m=[0m0
[2m2026-09-02T18:41:37.954912Z[0m [32m INFO[0m [2mtushare_sync[0m[2m:[0m window synced [3mcode[0m[2m=[0m"159577" [3mwindow[0m[2m=[0m2024-01-31..2024-02-29 [3mtotal[0m[2m=[0m1205
[2m2026-09-02T18:41:39.071315Z[0m [32m INFO[0m [2mtushare_sync[0m[2m:[0m window synced [3mcode[0m[2m=[0m"159577" [3mwindow[0m[2m=[0m2024-03-01..2024-03-30 [3mtotal[0m[2m=[0m6266
[2m2026-09-02T18:41:40.025716Z[0m [32m INFO[0m [2mtushare_sync[0m[2m:[0m window synced [3mcode[0m[2m=[0m"159577" [3mwindow[0m[2m=[0m2024-03-31..2024-04-29 [3mtotal[0m[2m=[0m10845
[2m2026-09-02T18:41:41.045097Z[0m [32m INFO[0m [2mtushare_sync[0m[2m:[0m window synced [3mcode[0m[2m=[0m"159577" [3mwindow[0m[2m=[0m2024-04-30..2024-05-29 [3mtotal[0m[2m=[0m15424
[2m2026-09-02T18:41:42.044798Z[0m [32m INFO[0m [2mtushare_sync[0m[2m:[0m window synced [3mcode[0m[2m=[0m"159577" [3mwindow[0m[2m=[0m2024-05-30..2024-06-28 [3mtotal[0m[2m=[0m20485
[2m2026-09-02T18:41:43.094648Z[0m [32m INFO[0m [2mtushare_sync[0m[2m:[0m window synced [3mcode[0m[2m=[0m"159577" [3mwindow[0m[2m=[0m2024-06-29..2024-07-28 [3mtotal[0m[2m=[0m25305
[2m2026-09-02T18:41:44.055755Z[0m [32m INFO[0m [2mtushare_sync[0m[2m:[0m window synced [3mcode[0m[2m=[0m"159577" [3mwindow[0m[2m=[0m2024-07-29..2024-08-27 [3mtotal[0m[2m=[0m30607
[2m2026-09-02T18:41:45.053667Z[0m [32m INFO[0m [2mtushare_sync[0m[2m:[0m window synced [3mcode[0m[2m=[0m"159577" [3mwindow[0m[2m=[0m2024-08-28..2024-09-26 [3mtotal[0m[2m=[0m35427
[2m2026-09-02T18:41:46.027874Z[0m [32m INFO[0m [2mtushare_sync[0m[2m:[0m window synced [3mcode[0m[2m=[0m"159577" [3mwindow[0m[2m=[0m2024-09-27..2024-10-26 [3mtotal[0m[2m=[0m39283
[2m2026-09-02T18:41:47.220195Z[0m [32m INFO[0m [2mtushare_sync[0m[2m:[0m window synced [3mcode[0m[2m=[0m"159577" [3mwindow[0m[2m=[0m2024-10-27..2024-11-25 [3mtotal[0m[2m=[0m44344
[2m2026-09-02T18:41:48.072534Z[0m [32m INFO[0m [2mtushare_sync[0m[2m:[0m window synced [3mcode[0m[2m=[0m"159577" [3mwindow[0m[2m=[0m2024-11-26..2024-12-25 [3mtotal[0m[2m=[0m49646
[2m2026-09-02T18:41:49.087441Z[0m [32m INFO[0m [2mtushare_sync[0m[2m:[0m window synced [3mcode[0m[2m=[0m"159577" [3mwindow[0m[2m=[0m2024-12-26..2025-01-24 [3mtotal[0m[2m=[0m54707
[2m2026-09-02T18:41:50.130966Z[0m [32m INFO[0m [2mtushare_sync[0m[2m:[0m window synced [3mcode[0m[2m=[0m"159577" [3mwindow[0m[2m=[0m2025-01-25..2025-02-23 [3mtotal[0m[2m=[0m58081
[2m2026-09-02T18:41:51.034709Z[0m [32m INFO[0m [2mtushare_sync[0m[2m:[0m window synced [3mcode[0m[2m=[0m"159577" [3mwindow[0m[2m=[0m2025-02-24..2025-03-25 [3mtotal[0m[2m=[0m63383
[2m2026-09-02T18:41:52.058484Z[0m [32m INFO[0m [2mtushare_sync[0m[2m:[0m window synced [3mcode[0m[2m=[0m"159577" [3mwindow[0m[2m=[0m2025-03-26..2025-04-24 [3mtotal[0m[2m=[0m68444
[2m2026-09-02T18:41:53.070689Z[0m [32m INFO[0m [2mtushare_sync[0m[2m:[0m window synced [3mcode[0m[2m=[0m"159577" [3mwindow[0m[2m=[0m2025-04-25..2025-05-24 [3mtotal[0m[2m=[0m72782
[2m2026-09-02T18:41:54.029999Z[0m [32m INFO[0m [2mtushare_sync[0m[2m:[0m window synced [3mcode[0m[2m=[0m"159577" [3mwindow[0m[2m=[0m2025-05-25..2025-06-23 [3mtotal[0m[2m=[0m77602
[2m2026-09-02T18:41:55.092648Z[0m [32m INFO[0m [2mtushare_sync[0m[2m:[0m window synced [3mcode[0m[2m=[0m"159577" [3mwindow[0m[2m=[0m2025-06-24..2025-07-23 [3mtotal[0m[2m=[0m82904
[2m2026-09-02T18:41:56.059243Z[0m [32m INFO[0m [2mtushare_sync[0m[2m:[0m window synced [3mcode[0m[2m=[0m"159577" [3mwindow[0m[2m=[0m2025-07-24..2025-08-22 [3mtotal[0m[2m=[0m88206
[2m2026-09-02T18:41:57.055750Z[0m [32m INFO[0m [2mtushare_sync[0m[2m:[0m window synced [3mcode[0m[2m=[0m"159577" [3mwindow[0m[2m=[0m2025-08-23..2025-09-21 [3mtotal[0m[2m=[0m93026
[2m2026-09-02T18:41:58.025020Z[0m [32m INFO[0m [2mtushare_sync[0m[2m:[0m window synced [3mcode[0m[2m=[0m"159577" [3mwindow[0m[2m=[0m2025-09-22..2025-10-21 [3mtotal[0m[2m=[0m96882
[2m2026-09-02T18:41:59.075808Z[0m [32m INFO[0m [2mtushare_sync[0m[2m:[0m window synced [3mcode[0m[2m=[0m"159577" [3mwindow[0m[2m=[0m2025-10-22..2025-11-20 [3mtotal[0m[2m=[0m102184
[2m2026-09-02T18:42:00.050574Z[0m [32m INFO[0m [2mtushare_sync[0m[2m:[0m window synced [3mcode[0m[2m=[0m"159577" [3mwindow[0m[2m=[0m2025-11-21..2025-12-20 [3mtotal[0m[2m=[0m107245
[2m2026-09-02T18:42:01.081052Z[0m [32m INFO[0m [2mtushare_sync[0m[2m:[0m window synced [3mcode[0m[2m=[0m"159577" [3mwindow[0m[2m=[0m2025-12-21..2026-01-19 [3mtotal[0m[2m=[0m111824
[2m2026-09-02T18:42:02.032747Z[0m [32m INFO[0m [2mtushare_sync[0m[2m:[0m window synced [3mcode[0m[2m=[0m"159577" [3mwindow[0m[2m=[0m2026-01-20..2026-02-18 [3mtotal[0m[2m=[0m116403
[2m2026-09-02T18:42:03.017742Z[0m [32m INFO[0m [2mtushare_sync[0m[2m:[0m window synced [3mcode[0m[2m=[0m"159577" [3mwindow[0m[2m=[0m2026-02-19..2026-03-20 [3mtotal[0m[2m=[0m120982
[2m2026-09-02T18:42:04.030468Z[0m [32m INFO[0m [2mtushare_sync[0m[2m:[0m window synced [3mcode[0m[2m=[0m"159577" [3mwindow[0m[2m=[0m2026-03-21..2026-04-19 [3mtotal[0m[2m=[0m125561
[2m2026-09-02T18:42:05.023796Z[0m [32m INFO[0m [2mtushare_sync[0m[2m:[0m window synced [3mcode[0m[2m=[0m"159577" [3mwindow[0m[2m=[0m2026-04-20..2026-05-19 [3mtotal[0m[2m=[0m130140
[2m2026-09-02T18:42:06.075110Z[0m [32m INFO[0m [2mtushare_sync[0m[2m:[0m window synced [3mcode[0m[2m=[0m"159577" [3mwindow[0m[2m=[0m2026-05-20..2026-06-18 [3mtotal[0m[2m=[0m135442
[2m2026-09-02T18:42:07.054330Z[0m [32m INFO[0m [2mtushare_sync[0m[2m:[0m window synced [3mcode[0m[2m=[0m"159577" [3mwindow[0m[2m=[0m2026-06-19..2026-07-18 [3mtotal[0m[2m=[0m140262
[2m2026-09-02T18:42:08.099004Z[0m [32m INFO[0m [2mtushare_sync[0m[2m:[0m window synced [3mcode[0m[2m=[0m"159577" [3mwindow[0m[2m=[0m2026-07-19..2026-08-17 [3mtotal[0m[2m=[0m145323
[2m2026-09-02T18:42:08.987238Z[0m [32m INFO[0m [2mtushare_sync[0m[2m:[0m window synced [3mcode[0m[2m=[0m"159577" [3mwindow[0m[2m=[0m2026-08-18..2026-09-03 [3mtotal[0m[2m=[0m148215
[2m2026-09-02T18:42:08.987273Z[0m [32m INFO[0m [2mtushare_sync[0m[2m:[0m === sync done === [3mcode[0m[2m=[0m"159577" [3mbars[0m[2m=[0m148215
[2m2026-09-02T18:42:08.987279Z[0m [32m INFO[0m [2mtushare_sync[0m[2m:[0m === sync start === [3mcode[0m[2m=[0m"159638"
[2m2026-09-02T18:42:08.987535Z[0m [32m INFO[0m [2mtushare_sync[0m[2m:[0m up to date [3mcode[0m[2m=[0m"159638"
[2m2026-09-02T18:42:08.987545Z[0m [32m INFO[0m [2mtushare_sync[0m[2m:[0m === sync done === [3mcode[0m[2m=[0m"159638" [3mbars[0m[2m=[0m0
[2m2026-09-02T18:42:08.987549Z[0m [32m INFO[0m [2mtushare_sync[0m[2m:[0m === sync start === [3mcode[0m[2m=[0m"159740"
[2m2026-09-02T18:42:19.109291Z[0m [32m INFO[0m [2mtushare_sync[0m[2m:[0m first data year found [3mcode[0m[2m=[0m"159740" [3mfirst_year[0m[2m=[0m2021
[2m2026-09-02T18:42:19.913501Z[0m [32m INFO[0m [2mtushare_sync[0m[2m:[0m window synced [3mcode[0m[2m=[0m"159740" [3mwindow[0m[2m=[0m2021-01-01..2021-01-30 [3mtotal[0m[2m=[0m0
[2m2026-09-02T18:42:20.916841Z[0m [32m INFO[0m [2mtushare_sync[0m[2m:[0m window synced [3mcode[0m[2m=[0m"159740" [3mwindow[0m[2m=[0m2021-01-31..2021-03-01 [3mtotal[0m[2m=[0m0
[2m2026-09-02T18:42:21.920549Z[0m [32m INFO[0m [2mtushare_sync[0m[2m:[0m window synced [3mcode[0m[2m=[0m"159740" [3mwindow[0m[2m=[0m2021-03-02..2021-03-31 [3mtotal[0m[2m=[0m0
[2m2026-09-02T18:42:22.904244Z[0m [32m INFO[0m [2mtushare_sync[0m[2m:[0m window synced [3mcode[0m[2m=[0m"159740" [3mwindow[0m[2m=[0m2021-04-01..2021-04-30 [3mtotal[0m[2m=[0m0
[2m2026-09-02T18:42:23.974160Z[0m [32m INFO[0m [2mtushare_sync[0m[2m:[0m window synced [3mcode[0m[2m=[0m"159740" [3mwindow[0m[2m=[0m2021-05-01..2021-05-30 [3mtotal[0m[2m=[0m482
[2m2026-09-02T18:42:25.076171Z[0m [32m INFO[0m [2mtushare_sync[0m[2m:[0m window synced [3mcode[0m[2m=[0m"159740" [3mwindow[0m[2m=[0m2021-05-31..2021-06-29 [3mtotal[0m[2m=[0m5543
[2m2026-09-02T18:42:26.069961Z[0m [32m INFO[0m [2mtushare_sync[0m[2m:[0m window synced [3mcode[0m[2m=[0m"159740" [3mwindow[0m[2m=[0m2021-06-30..2021-07-29 [3mtotal[0m[2m=[0m10845
[2m2026-09-02T18:42:27.225843Z[0m [32m INFO[0m [2mtushare_sync[0m[2m:[0m window synced [3mcode[0m[2m=[0m"159740" [3mwindow[0m[2m=[0m2021-07-30..2021-08-28 [3mtotal[0m[2m=[0m15906
[2m2026-09-02T18:42:28.095682Z[0m [32m INFO[0m [2mtushare_sync[0m[2m:[0m window synced [3mcode[0m[2m=[0m"159740" [3mwindow[0m[2m=[0m2021-08-29..2021-09-27 [3mtotal[0m[2m=[0m20485
[2m2026-09-02T18:42:29.070193Z[0m [32m INFO[0m [2mtushare_sync[0m[2m:[0m window synced [3mcode[0m[2m=[0m"159740" [3mwindow[0m[2m=[0m2021-09-28..2021-10-27 [3mtotal[0m[2m=[0m24582
[2m2026-09-02T18:42:30.073930Z[0m [32m INFO[0m [2mtushare_sync[0m[2m:[0m window synced [3mcode[0m[2m=[0m"159740" [3mwindow[0m[2m=[0m2021-10-28..2021-11-26 [3mtotal[0m[2m=[0m29884
[2m2026-09-02T18:42:31.088727Z[0m [32m INFO[0m [2mtushare_sync[0m[2m:[0m window synced [3mcode[0m[2m=[0m"159740" [3mwindow[0m[2m=[0m2021-11-27..2021-12-26 [3mtotal[0m[2m=[0m34704
[2m2026-09-02T18:42:32.084491Z[0m [32m INFO[0m [2mtushare_sync[0m[2m:[0m window synced [3mcode[0m[2m=[0m"159740" [3mwindow[0m[2m=[0m2021-12-27..2022-01-25 [3mtotal[0m[2m=[0m39765
[2m2026-09-02T18:42:33.067234Z[0m [32m INFO[0m [2mtushare_sync[0m[2m:[0m window synced [3mcode[0m[2m=[0m"159740" [3mwindow[0m[2m=[0m2022-01-26..2022-02-24 [3mtotal[0m[2m=[0m43862
[2m2026-09-02T18:42:34.086546Z[0m [32m INFO[0m [2mtushare_sync[0m[2m:[0m window synced [3mcode[0m[2m=[0m"159740" [3mwindow[0m[2m=[0m2022-02-25..2022-03-26 [3mtotal[0m[2m=[0m48923
[2m2026-09-02T18:42:35.064112Z[0m [32m INFO[0m [2mtushare_sync[0m[2m:[0m window synced [3mcode[0m[2m=[0m"159740" [3mwindow[0m[2m=[0m2022-03-27..2022-04-25 [3mtotal[0m[2m=[0m53502
[2m2026-09-02T18:42:36.071919Z[0m [32m INFO[0m [2mtushare_sync[0m[2m:[0m window synced [3mcode[0m[2m=[0m"159740" [3mwindow[0m[2m=[0m2022-04-26..2022-05-25 [3mtotal[0m[2m=[0m58081
[2m2026-09-02T18:42:37.092537Z[0m [32m INFO[0m [2mtushare_sync[0m[2m:[0m window synced [3mcode[0m[2m=[0m"159740" [3mwindow[0m[2m=[0m2022-05-26..2022-06-24 [3mtotal[0m[2m=[0m63142
[2m2026-09-02T18:42:38.084457Z[0m [32m INFO[0m [2mtushare_sync[0m[2m:[0m window synced [3mcode[0m[2m=[0m"159740" [3mwindow[0m[2m=[0m2022-06-25..2022-07-24 [3mtotal[0m[2m=[0m67962
[2m2026-09-02T18:42:39.092895Z[0m [32m INFO[0m [2mtushare_sync[0m[2m:[0m window synced [3mcode[0m[2m=[0m"159740" [3mwindow[0m[2m=[0m2022-07-25..2022-08-23 [3mtotal[0m[2m=[0m73264
[2m2026-09-02T18:42:40.086634Z[0m [32m INFO[0m [2mtushare_sync[0m[2m:[0m window synced [3mcode[0m[2m=[0m"159740" [3mwindow[0m[2m=[0m2022-08-24..2022-09-22 [3mtotal[0m[2m=[0m78325
[2m2026-09-02T18:42:41.059815Z[0m [32m INFO[0m [2mtushare_sync[0m[2m:[0m window synced [3mcode[0m[2m=[0m"159740" [3mwindow[0m[2m=[0m2022-09-23..2022-10-22 [3mtotal[0m[2m=[0m82181
[2m2026-09-02T18:42:42.090959Z[0m [32m INFO[0m [2mtushare_sync[0m[2m:[0m window synced [3mcode[0m[2m=[0m"159740" [3mwindow[0m[2m=[0m2022-10-23..2022-11-21 [3mtotal[0m[2m=[0m87242
[2m2026-09-02T18:42:43.102737Z[0m [32m INFO[0m [2mtushare_sync[0m[2m:[0m window synced [3mcode[0m[2m=[0m"159740" [3mwindow[0m[2m=[0m2022-11-22..2022-12-21 [3mtotal[0m[2m=[0m92544
[2m2026-09-02T18:42:44.149542Z[0m [32m INFO[0m [2mtushare_sync[0m[2m:[0m window synced [3mcode[0m[2m=[0m"159740" [3mwindow[0m[2m=[0m2022-12-22..2023-01-20 [3mtotal[0m[2m=[0m97605
[2m2026-09-02T18:42:45.087862Z[0m [32m INFO[0m [2mtushare_sync[0m[2m:[0m window synced [3mcode[0m[2m=[0m"159740" [3mwindow[0m[2m=[0m2023-01-21..2023-02-19 [3mtotal[0m[2m=[0m101220
[2m2026-09-02T18:42:46.118435Z[0m [32m INFO[0m [2mtushare_sync[0m[2m:[0m window synced [3mcode[0m[2m=[0m"159740" [3mwindow[0m[2m=[0m2023-02-20..2023-03-21 [3mtotal[0m[2m=[0m106522
[2m2026-09-02T18:42:47.138391Z[0m [32m INFO[0m [2mtushare_sync[0m[2m:[0m window synced [3mcode[0m[2m=[0m"159740" [3mwindow[0m[2m=[0m2023-03-22..2023-04-20 [3mtotal[0m[2m=[0m111583
[2m2026-09-02T18:42:48.102916Z[0m [32m INFO[0m [2mtushare_sync[0m[2m:[0m window synced [3mcode[0m[2m=[0m"159740" [3mwindow[0m[2m=[0m2023-04-21..2023-05-20 [3mtotal[0m[2m=[0m115921
[2m2026-09-02T18:42:49.142981Z[0m [32m INFO[0m [2mtushare_sync[0m[2m:[0m window synced [3mcode[0m[2m=[0m"159740" [3mwindow[0m[2m=[0m2023-05-21..2023-06-19 [3mtotal[0m[2m=[0m120982
[2m2026-09-02T18:42:50.133230Z[0m [32m INFO[0m [2mtushare_sync[0m[2m:[0m window synced [3mcode[0m[2m=[0m"159740" [3mwindow[0m[2m=[0m2023-06-20..2023-07-19 [3mtotal[0m[2m=[0m125802
[2m2026-09-02T18:42:51.176404Z[0m [32m INFO[0m [2mtushare_sync[0m[2m:[0m window synced [3mcode[0m[2m=[0m"159740" [3mwindow[0m[2m=[0m2023-07-20..2023-08-18 [3mtotal[0m[2m=[0m131104
[2m2026-09-02T18:42:52.112248Z[0m [32m INFO[0m [2mtushare_sync[0m[2m:[0m window synced [3mcode[0m[2m=[0m"159740" [3mwindow[0m[2m=[0m2023-08-19..2023-09-17 [3mtotal[0m[2m=[0m135924
[2m2026-09-02T18:42:53.102937Z[0m [32m INFO[0m [2mtushare_sync[0m[2m:[0m window synced [3mcode[0m[2m=[0m"159740" [3mwindow[0m[2m=[0m2023-09-18..2023-10-17 [3mtotal[0m[2m=[0m139780
[2m2026-09-02T18:42:54.536376Z[0m [32m INFO[0m [2mtushare_sync[0m[2m:[0m window synced [3mcode[0m[2m=[0m"159740" [3mwindow[0m[2m=[0m2023-10-18..2023-11-16 [3mtotal[0m[2m=[0m145082
[2m2026-09-02T18:42:55.166641Z[0m [32m INFO[0m [2mtushare_sync[0m[2m:[0m window synced [3mcode[0m[2m=[0m"159740" [3mwindow[0m[2m=[0m2023-11-17..2023-12-16 [3mtotal[0m[2m=[0m150143
[2m2026-09-02T18:42:56.240684Z[0m [32m INFO[0m [2mtushare_sync[0m[2m:[0m window synced [3mcode[0m[2m=[0m"159740" [3mwindow[0m[2m=[0m2023-12-17..2024-01-15 [3mtotal[0m[2m=[0m154963
[2m2026-09-02T18:42:57.130438Z[0m [32m INFO[0m [2mtushare_sync[0m[2m:[0m window synced [3mcode[0m[2m=[0m"159740" [3mwindow[0m[2m=[0m2024-01-16..2024-02-14 [3mtotal[0m[2m=[0m159301
[2m2026-09-02T18:42:58.128091Z[0m [32m INFO[0m [2mtushare_sync[0m[2m:[0m window synced [3mcode[0m[2m=[0m"159740" [3mwindow[0m[2m=[0m2024-02-15..2024-03-15 [3mtotal[0m[2m=[0m164121
[2m2026-09-02T18:42:59.171684Z[0m [32m INFO[0m [2mtushare_sync[0m[2m:[0m window synced [3mcode[0m[2m=[0m"159740" [3mwindow[0m[2m=[0m2024-03-16..2024-04-14 [3mtotal[0m[2m=[0m168459
[2m2026-09-02T18:43:00.130332Z[0m [32m INFO[0m [2mtushare_sync[0m[2m:[0m window synced [3mcode[0m[2m=[0m"159740" [3mwindow[0m[2m=[0m2024-04-15..2024-05-14 [3mtotal[0m[2m=[0m173038
[2m2026-09-02T18:43:01.144044Z[0m [32m INFO[0m [2mtushare_sync[0m[2m:[0m window synced [3mcode[0m[2m=[0m"159740" [3mwindow[0m[2m=[0m2024-05-15..2024-06-13 [3mtotal[0m[2m=[0m178099
[2m2026-09-02T18:43:02.132919Z[0m [32m INFO[0m [2mtushare_sync[0m[2m:[0m window synced [3mcode[0m[2m=[0m"159740" [3mwindow[0m[2m=[0m2024-06-14..2024-07-13 [3mtotal[0m[2m=[0m183160
[2m2026-09-02T18:43:03.154588Z[0m [32m INFO[0m [2mtushare_sync[0m[2m:[0m window synced [3mcode[0m[2m=[0m"159740" [3mwindow[0m[2m=[0m2024-07-14..2024-08-12 [3mtotal[0m[2m=[0m188221
[2m2026-09-02T18:43:04.139692Z[0m [32m INFO[0m [2mtushare_sync[0m[2m:[0m window synced [3mcode[0m[2m=[0m"159740" [3mwindow[0m[2m=[0m2024-08-13..2024-09-11 [3mtotal[0m[2m=[0m193523
[2m2026-09-02T18:43:05.115366Z[0m [32m INFO[0m [2mtushare_sync[0m[2m:[0m window synced [3mcode[0m[2m=[0m"159740" [3mwindow[0m[2m=[0m2024-09-12..2024-10-11 [3mtotal[0m[2m=[0m197138
[2m2026-09-02T18:43:06.619833Z[0m [32m INFO[0m [2mtushare_sync[0m[2m:[0m window synced [3mcode[0m[2m=[0m"159740" [3mwindow[0m[2m=[0m2024-10-12..2024-11-10 [3mtotal[0m[2m=[0m201958
[2m2026-09-02T18:43:07.193591Z[0m [32m INFO[0m [2mtushare_sync[0m[2m:[0m window synced [3mcode[0m[2m=[0m"159740" [3mwindow[0m[2m=[0m2024-11-11..2024-12-10 [3mtotal[0m[2m=[0m207260
[2m2026-09-02T18:43:08.141556Z[0m [32m INFO[0m [2mtushare_sync[0m[2m:[0m window synced [3mcode[0m[2m=[0m"159740" [3mwindow[0m[2m=[0m2024-12-11..2025-01-09 [3mtotal[0m[2m=[0m212321
[2m2026-09-02T18:43:09.100696Z[0m [32m INFO[0m [2mtushare_sync[0m[2m:[0m window synced [3mcode[0m[2m=[0m"159740" [3mwindow[0m[2m=[0m2025-01-10..2025-02-08 [3mtotal[0m[2m=[0m215936
[2m2026-09-02T18:43:10.154066Z[0m [32m INFO[0m [2mtushare_sync[0m[2m:[0m window synced [3mcode[0m[2m=[0m"159740" [3mwindow[0m[2m=[0m2025-02-09..2025-03-10 [3mtotal[0m[2m=[0m220997
[2m2026-09-02T18:43:11.172855Z[0m [32m INFO[0m [2mtushare_sync[0m[2m:[0m window synced [3mcode[0m[2m=[0m"159740" [3mwindow[0m[2m=[0m2025-03-11..2025-04-09 [3mtotal[0m[2m=[0m226058
[2m2026-09-02T18:43:12.113311Z[0m [32m INFO[0m [2mtushare_sync[0m[2m:[0m window synced [3mcode[0m[2m=[0m"159740" [3mwindow[0m[2m=[0m2025-04-10..2025-05-09 [3mtotal[0m[2m=[0m230637
[2m2026-09-02T18:43:13.114289Z[0m [32m INFO[0m [2mtushare_sync[0m[2m:[0m window synced [3mcode[0m[2m=[0m"159740" [3mwindow[0m[2m=[0m2025-05-10..2025-06-08 [3mtotal[0m[2m=[0m235216
[2m2026-09-02T18:43:14.154049Z[0m [32m INFO[0m [2mtushare_sync[0m[2m:[0m window synced [3mcode[0m[2m=[0m"159740" [3mwindow[0m[2m=[0m2025-06-09..2025-07-08 [3mtotal[0m[2m=[0m240518
[2m2026-09-02T18:43:15.163021Z[0m [32m INFO[0m [2mtushare_sync[0m[2m:[0m window synced [3mcode[0m[2m=[0m"159740" [3mwindow[0m[2m=[0m2025-07-09..2025-08-07 [3mtotal[0m[2m=[0m245820
[2m2026-09-02T18:43:16.131295Z[0m [32m INFO[0m [2mtushare_sync[0m[2m:[0m window synced [3mcode[0m[2m=[0m"159740" [3mwindow[0m[2m=[0m2025-08-08..2025-09-06 [3mtotal[0m[2m=[0m250881
[2m2026-09-02T18:43:17.100778Z[0m [32m INFO[0m [2mtushare_sync[0m[2m:[0m window synced [3mcode[0m[2m=[0m"159740" [3mwindow[0m[2m=[0m2025-09-07..2025-10-06 [3mtotal[0m[2m=[0m254978
[2m2026-09-02T18:43:18.147823Z[0m [32m INFO[0m [2mtushare_sync[0m[2m:[0m window synced [3mcode[0m[2m=[0m"159740" [3mwindow[0m[2m=[0m2025-10-07..2025-11-05 [3mtotal[0m[2m=[0m259798
[2m2026-09-02T18:43:19.206851Z[0m [32m INFO[0m [2mtushare_sync[0m[2m:[0m window synced [3mcode[0m[2m=[0m"159740" [3mwindow[0m[2m=[0m2025-11-06..2025-12-05 [3mtotal[0m[2m=[0m265100
[2m2026-09-02T18:43:20.105062Z[0m [32m INFO[0m [2mtushare_sync[0m[2m:[0m window synced [3mcode[0m[2m=[0m"159740" [3mwindow[0m[2m=[0m2025-12-06..2026-01-04 [3mtotal[0m[2m=[0m269438
[2m2026-09-02T18:43:21.129017Z[0m [32m INFO[0m [2mtushare_sync[0m[2m:[0m window synced [3mcode[0m[2m=[0m"159740" [3mwindow[0m[2m=[0m2026-01-05..2026-02-03 [3mtotal[0m[2m=[0m274740
[2m2026-09-02T18:43:22.090826Z[0m [32m INFO[0m [2mtushare_sync[0m[2m:[0m window synced [3mcode[0m[2m=[0m"159740" [3mwindow[0m[2m=[0m2026-02-04..2026-03-05 [3mtotal[0m[2m=[0m278596
[2m2026-09-02T18:43:23.121450Z[0m [32m INFO[0m [2mtushare_sync[0m[2m:[0m window synced [3mcode[0m[2m=[0m"159740" [3mwindow[0m[2m=[0m2026-03-06..2026-04-04 [3mtotal[0m[2m=[0m283657
[2m2026-09-02T18:43:24.129559Z[0m [32m INFO[0m [2mtushare_sync[0m[2m:[0m window synced [3mcode[0m[2m=[0m"159740" [3mwindow[0m[2m=[0m2026-04-05..2026-05-04 [3mtotal[0m[2m=[0m287995
[2m2026-09-02T18:43:25.129773Z[0m [32m INFO[0m [2mtushare_sync[0m[2m:[0m window synced [3mcode[0m[2m=[0m"159740" [3mwindow[0m[2m=[0m2026-05-05..2026-06-03 [3mtotal[0m[2m=[0m293056
[2m2026-09-02T18:43:26.122783Z[0m [32m INFO[0m [2mtushare_sync[0m[2m:[0m window synced [3mcode[0m[2m=[0m"159740" [3mwindow[0m[2m=[0m2026-06-04..2026-07-03 [3mtotal[0m[2m=[0m298117
[2m2026-09-02T18:43:27.125975Z[0m [32m INFO[0m [2mtushare_sync[0m[2m:[0m window synced [3mcode[0m[2m=[0m"159740" [3mwindow[0m[2m=[0m2026-07-04..2026-08-02 [3mtotal[0m[2m=[0m302937
[2m2026-09-02T18:43:28.205180Z[0m [32m INFO[0m [2mtushare_sync[0m[2m:[0m window synced [3mcode[0m[2m=[0m"159740" [3mwindow[0m[2m=[0m2026-08-03..2026-09-01 [3mtotal[0m[2m=[0m308239
[2m2026-09-02T18:43:29.000591Z[0m [32m INFO[0m [2mtushare_sync[0m[2m:[0m window synced [3mcode[0m[2m=[0m"159740" [3mwindow[0m[2m=[0m2026-09-02..2026-09-03 [3mtotal[0m[2m=[0m308480
[2m2026-09-02T18:43:29.000622Z[0m [32m INFO[0m [2mtushare_sync[0m[2m:[0m === sync done === [3mcode[0m[2m=[0m"159740" [3mbars[0m[2m=[0m308480
[2m2026-09-02T18:43:29.000629Z[0m [32m INFO[0m [2mtushare_sync[0m[2m:[0m === sync start === [3mcode[0m[2m=[0m"159742"
[2m2026-09-02T18:43:39.180141Z[0m [32m INFO[0m [2mtushare_sync[0m[2m:[0m first data year found [3mcode[0m[2m=[0m"159742" [3mfirst_year[0m[2m=[0m2021
[2m2026-09-02T18:43:39.982217Z[0m [32m INFO[0m [2mtushare_sync[0m[2m:[0m window synced [3mcode[0m[2m=[0m"159742" [3mwindow[0m[2m=[0m2021-01-01..2021-01-30 [3mtotal[0m[2m=[0m0
[2m2026-09-02T18:43:40.989766Z[0m [32m INFO[0m [2mtushare_sync[0m[2m:[0m window synced [3mcode[0m[2m=[0m"159742" [3mwindow[0m[2m=[0m2021-01-31..2021-03-01 [3mtotal[0m[2m=[0m0
[2m2026-09-02T18:43:41.987641Z[0m [32m INFO[0m [2mtushare_sync[0m[2m:[0m window synced [3mcode[0m[2m=[0m"159742" [3mwindow[0m[2m=[0m2021-03-02..2021-03-31 [3mtotal[0m[2m=[0m0
[2m2026-09-02T18:43:42.991294Z[0m [32m INFO[0m [2mtushare_sync[0m[2m:[0m window synced [3mcode[0m[2m=[0m"159742" [3mwindow[0m[2m=[0m2021-04-01..2021-04-30 [3mtotal[0m[2m=[0m0
[2m2026-09-02T18:43:44.046025Z[0m [32m INFO[0m [2mtushare_sync[0m[2m:[0m window synced [3mcode[0m[2m=[0m"159742" [3mwindow[0m[2m=[0m2021-05-01..2021-05-30 [3mtotal[0m[2m=[0m964
[2m2026-09-02T18:43:45.159119Z[0m [32m INFO[0m [2mtushare_sync[0m[2m:[0m window synced [3mcode[0m[2m=[0m"159742" [3mwindow[0m[2m=[0m2021-05-31..2021-06-29 [3mtotal[0m[2m=[0m6025
[2m2026-09-02T18:43:46.166284Z[0m [32m INFO[0m [2mtushare_sync[0m[2m:[0m window synced [3mcode[0m[2m=[0m"159742" [3mwindow[0m[2m=[0m2021-06-30..2021-07-29 [3mtotal[0m[2m=[0m11327
[2m2026-09-02T18:43:47.158091Z[0m [32m INFO[0m [2mtushare_sync[0m[2m:[0m window synced [3mcode[0m[2m=[0m"159742" [3mwindow[0m[2m=[0m2021-07-30..2021-08-28 [3mtotal[0m[2m=[0m16388
[2m2026-09-02T18:43:48.161372Z[0m [32m INFO[0m [2mtushare_sync[0m[2m:[0m window synced [3mcode[0m[2m=[0m"159742" [3mwindow[0m[2m=[0m2021-08-29..2021-09-27 [3mtotal[0m[2m=[0m20967
[2m2026-09-02T18:43:49.150710Z[0m [32m INFO[0m [2mtushare_sync[0m[2m:[0m window synced [3mcode[0m[2m=[0m"159742" [3mwindow[0m[2m=[0m2021-09-28..2021-10-27 [3mtotal[0m[2m=[0m25064
[2m2026-09-02T18:43:50.164911Z[0m [32m INFO[0m [2mtushare_sync[0m[2m:[0m window synced [3mcode[0m[2m=[0m"159742" [3mwindow[0m[2m=[0m2021-10-28..2021-11-26 [3mtotal[0m[2m=[0m30366
[2m2026-09-02T18:43:51.156318Z[0m [32m INFO[0m [2mtushare_sync[0m[2m:[0m window synced [3mcode[0m[2m=[0m"159742" [3mwindow[0m[2m=[0m2021-11-27..2021-12-26 [3mtotal[0m[2m=[0m35186
[2m2026-09-02T18:43:52.415732Z[0m [32m INFO[0m [2mtushare_sync[0m[2m:[0m window synced [3mcode[0m[2m=[0m"159742" [3mwindow[0m[2m=[0m2021-12-27..2022-01-25 [3mtotal[0m[2m=[0m40247
[2m2026-09-02T18:43:53.131542Z[0m [32m INFO[0m [2mtushare_sync[0m[2m:[0m window synced [3mcode[0m[2m=[0m"159742" [3mwindow[0m[2m=[0m2022-01-26..2022-02-24 [3mtotal[0m[2m=[0m44344
[2m2026-09-02T18:43:54.162887Z[0m [32m INFO[0m [2mtushare_sync[0m[2m:[0m window synced [3mcode[0m[2m=[0m"159742" [3mwindow[0m[2m=[0m2022-02-25..2022-03-26 [3mtotal[0m[2m=[0m49405
[2m2026-09-02T18:43:55.152217Z[0m [32m INFO[0m [2mtushare_sync[0m[2m:[0m window synced [3mcode[0m[2m=[0m"159742" [3mwindow[0m[2m=[0m2022-03-27..2022-04-25 [3mtotal[0m[2m=[0m53984
[2m2026-09-02T18:43:56.151929Z[0m [32m INFO[0m [2mtushare_sync[0m[2m:[0m window synced [3mcode[0m[2m=[0m"159742" [3mwindow[0m[2m=[0m2022-04-26..2022-05-25 [3mtotal[0m[2m=[0m58563
[2m2026-09-02T18:43:57.186969Z[0m [32m INFO[0m [2mtushare_sync[0m[2m:[0m window synced [3mcode[0m[2m=[0m"159742" [3mwindow[0m[2m=[0m2022-05-26..2022-06-24 [3mtotal[0m[2m=[0m63624
[2m2026-09-02T18:43:58.178887Z[0m [32m INFO[0m [2mtushare_sync[0m[2m:[0m window synced [3mcode[0m[2m=[0m"159742" [3mwindow[0m[2m=[0m2022-06-25..2022-07-24 [3mtotal[0m[2m=[0m68444
[2m2026-09-02T18:43:59.188068Z[0m [32m INFO[0m [2mtushare_sync[0m[2m:[0m window synced [3mcode[0m[2m=[0m"159742" [3mwindow[0m[2m=[0m2022-07-25..2022-08-23 [3mtotal[0m[2m=[0m73746
[2m2026-09-02T18:44:00.188138Z[0m [32m INFO[0m [2mtushare_sync[0m[2m:[0m window synced [3mcode[0m[2m=[0m"159742" [3mwindow[0m[2m=[0m2022-08-24..2022-09-22 [3mtotal[0m[2m=[0m78807
[2m2026-09-02T18:44:01.313412Z[0m [32m INFO[0m [2mtushare_sync[0m[2m:[0m window synced [3mcode[0m[2m=[0m"159742" [3mwindow[0m[2m=[0m2022-09-23..2022-10-22 [3mtotal[0m[2m=[0m82663
[2m2026-09-02T18:44:02.183887Z[0m [32m INFO[0m [2mtushare_sync[0m[2m:[0m window synced [3mcode[0m[2m=[0m"159742" [3mwindow[0m[2m=[0m2022-10-23..2022-11-21 [3mtotal[0m[2m=[0m87724
[2m2026-09-02T18:44:03.178864Z[0m [32m INFO[0m [2mtushare_sync[0m[2m:[0m window synced [3mcode[0m[2m=[0m"159742" [3mwindow[0m[2m=[0m2022-11-22..2022-12-21 [3mtotal[0m[2m=[0m93026
[2m2026-09-02T18:44:04.199833Z[0m [32m INFO[0m [2mtushare_sync[0m[2m:[0m window synced [3mcode[0m[2m=[0m"159742" [3mwindow[0m[2m=[0m2022-12-22..2023-01-20 [3mtotal[0m[2m=[0m98087
[2m2026-09-02T18:44:05.197479Z[0m [32m INFO[0m [2mtushare_sync[0m[2m:[0m window synced [3mcode[0m[2m=[0m"159742" [3mwindow[0m[2m=[0m2023-01-21..2023-02-19 [3mtotal[0m[2m=[0m101702
[2m2026-09-02T18:44:06.204771Z[0m [32m INFO[0m [2mtushare_sync[0m[2m:[0m window synced [3mcode[0m[2m=[0m"159742" [3mwindow[0m[2m=[0m2023-02-20..2023-03-21 [3mtotal[0m[2m=[0m107004
[2m2026-09-02T18:44:07.262554Z[0m [32m INFO[0m [2mtushare_sync[0m[2m:[0m window synced [3mcode[0m[2m=[0m"159742" [3mwindow[0m[2m=[0m2023-03-22..2023-04-20 [3mtotal[0m[2m=[0m112065
[2m2026-09-02T18:44:08.228940Z[0m [32m INFO[0m [2mtushare_sync[0m[2m:[0m window synced [3mcode[0m[2m=[0m"159742" [3mwindow[0m[2m=[0m2023-04-21..2023-05-20 [3mtotal[0m[2m=[0m116403
[2m2026-09-02T18:44:09.202393Z[0m [32m INFO[0m [2mtushare_sync[0m[2m:[0m window synced [3mcode[0m[2m=[0m"159742" [3mwindow[0m[2m=[0m2023-05-21..2023-06-19 [3mtotal[0m[2m=[0m121464
[2m2026-09-02T18:44:10.237940Z[0m [32m INFO[0m [2mtushare_sync[0m[2m:[0m window synced [3mcode[0m[2m=[0m"159742" [3mwindow[0m[2m=[0m2023-06-20..2023-07-19 [3mtotal[0m[2m=[0m126284
[2m2026-09-02T18:44:11.211229Z[0m [32m INFO[0m [2mtushare_sync[0m[2m:[0m window synced [3mcode[0m[2m=[0m"159742" [3mwindow[0m[2m=[0m2023-07-20..2023-08-18 [3mtotal[0m[2m=[0m131586
[2m2026-09-02T18:44:12.220605Z[0m [32m INFO[0m [2mtushare_sync[0m[2m:[0m window synced [3mcode[0m[2m=[0m"159742" [3mwindow[0m[2m=[0m2023-08-19..2023-09-17 [3mtotal[0m[2m=[0m136406
[2m2026-09-02T18:44:13.187136Z[0m [32m INFO[0m [2mtushare_sync[0m[2m:[0m window synced [3mcode[0m[2m=[0m"159742" [3mwindow[0m[2m=[0m2023-09-18..2023-10-17 [3mtotal[0m[2m=[0m140262
[2m2026-09-02T18:44:14.281038Z[0m [32m INFO[0m [2mtushare_sync[0m[2m:[0m window synced [3mcode[0m[2m=[0m"159742" [3mwindow[0m[2m=[0m2023-10-18..2023-11-16 [3mtotal[0m[2m=[0m145564
[2m2026-09-02T18:44:15.212035Z[0m [32m INFO[0m [2mtushare_sync[0m[2m:[0m window synced [3mcode[0m[2m=[0m"159742" [3mwindow[0m[2m=[0m2023-11-17..2023-12-16 [3mtotal[0m[2m=[0m150625
[2m2026-09-02T18:44:16.219761Z[0m [32m INFO[0m [2mtushare_sync[0m[2m:[0m window synced [3mcode[0m[2m=[0m"159742" [3mwindow[0m[2m=[0m2023-12-17..2024-01-15 [3mtotal[0m[2m=[0m155445
[2m2026-09-02T18:44:17.206176Z[0m [32m INFO[0m [2mtushare_sync[0m[2m:[0m window synced [3mcode[0m[2m=[0m"159742" [3mwindow[0m[2m=[0m2024-01-16..2024-02-14 [3mtotal[0m[2m=[0m159783
[2m2026-09-02T18:44:18.210859Z[0m [32m INFO[0m [2mtushare_sync[0m[2m:[0m window synced [3mcode[0m[2m=[0m"159742" [3mwindow[0m[2m=[0m2024-02-15..2024-03-15 [3mtotal[0m[2m=[0m164603
[2m2026-09-02T18:44:19.206117Z[0m [32m INFO[0m [2mtushare_sync[0m[2m:[0m window synced [3mcode[0m[2m=[0m"159742" [3mwindow[0m[2m=[0m2024-03-16..2024-04-14 [3mtotal[0m[2m=[0m168941
[2m2026-09-02T18:44:20.199921Z[0m [32m INFO[0m [2mtushare_sync[0m[2m:[0m window synced [3mcode[0m[2m=[0m"159742" [3mwindow[0m[2m=[0m2024-04-15..2024-05-14 [3mtotal[0m[2m=[0m173520
[2m2026-09-02T18:44:21.211164Z[0m [32m INFO[0m [2mtushare_sync[0m[2m:[0m window synced [3mcode[0m[2m=[0m"159742" [3mwindow[0m[2m=[0m2024-05-15..2024-06-13 [3mtotal[0m[2m=[0m178581
[2m2026-09-02T18:44:22.236307Z[0m [32m INFO[0m [2mtushare_sync[0m[2m:[0m window synced [3mcode[0m[2m=[0m"159742" [3mwindow[0m[2m=[0m2024-06-14..2024-07-13 [3mtotal[0m[2m=[0m183642
[2m2026-09-02T18:44:23.266984Z[0m [32m INFO[0m [2mtushare_sync[0m[2m:[0m window synced [3mcode[0m[2m=[0m"159742" [3mwindow[0m[2m=[0m2024-07-14..2024-08-12 [3mtotal[0m[2m=[0m188703
[2m2026-09-02T18:44:24.213649Z[0m [32m INFO[0m [2mtushare_sync[0m[2m:[0m window synced [3mcode[0m[2m=[0m"159742" [3mwindow[0m[2m=[0m2024-08-13..2024-09-11 [3mtotal[0m[2m=[0m194005
[2m2026-09-02T18:44:25.216380Z[0m [32m INFO[0m [2mtushare_sync[0m[2m:[0m window synced [3mcode[0m[2m=[0m"159742" [3mwindow[0m[2m=[0m2024-09-12..2024-10-11 [3mtotal[0m[2m=[0m197620
[2m2026-09-02T18:44:26.214461Z[0m [32m INFO[0m [2mtushare_sync[0m[2m:[0m window synced [3mcode[0m[2m=[0m"159742" [3mwindow[0m[2m=[0m2024-10-12..2024-11-10 [3mtotal[0m[2m=[0m202440
[2m2026-09-02T18:44:27.251923Z[0m [32m INFO[0m [2mtushare_sync[0m[2m:[0m window synced [3mcode[0m[2m=[0m"159742" [3mwindow[0m[2m=[0m2024-11-11..2024-12-10 [3mtotal[0m[2m=[0m207742
[2m2026-09-02T18:44:28.230370Z[0m [32m INFO[0m [2mtushare_sync[0m[2m:[0m window synced [3mcode[0m[2m=[0m"159742" [3mwindow[0m[2m=[0m2024-12-11..2025-01-09 [3mtotal[0m[2m=[0m212803
[2m2026-09-02T18:44:29.197181Z[0m [32m INFO[0m [2mtushare_sync[0m[2m:[0m window synced [3mcode[0m[2m=[0m"159742" [3mwindow[0m[2m=[0m2025-01-10..2025-02-08 [3mtotal[0m[2m=[0m216418
[2m2026-09-02T18:44:30.204198Z[0m [32m INFO[0m [2mtushare_sync[0m[2m:[0m window synced [3mcode[0m[2m=[0m"159742" [3mwindow[0m[2m=[0m2025-02-09..2025-03-10 [3mtotal[0m[2m=[0m221479
[2m2026-09-02T18:44:31.223771Z[0m [32m INFO[0m [2mtushare_sync[0m[2m:[0m window synced [3mcode[0m[2m=[0m"159742" [3mwindow[0m[2m=[0m2025-03-11..2025-04-09 [3mtotal[0m[2m=[0m226540
[2m2026-09-02T18:44:32.256493Z[0m [32m INFO[0m [2mtushare_sync[0m[2m:[0m window synced [3mcode[0m[2m=[0m"159742" [3mwindow[0m[2m=[0m2025-04-10..2025-05-09 [3mtotal[0m[2m=[0m231119
[2m2026-09-02T18:44:33.216946Z[0m [32m INFO[0m [2mtushare_sync[0m[2m:[0m window synced [3mcode[0m[2m=[0m"159742" [3mwindow[0m[2m=[0m2025-05-10..2025-06-08 [3mtotal[0m[2m=[0m235698
[2m2026-09-02T18:44:34.230283Z[0m [32m INFO[0m [2mtushare_sync[0m[2m:[0m window synced [3mcode[0m[2m=[0m"159742" [3mwindow[0m[2m=[0m2025-06-09..2025-07-08 [3mtotal[0m[2m=[0m241000
[2m2026-09-02T18:44:35.240309Z[0m [32m INFO[0m [2mtushare_sync[0m[2m:[0m window synced [3mcode[0m[2m=[0m"159742" [3mwindow[0m[2m=[0m2025-07-09..2025-08-07 [3mtotal[0m[2m=[0m246302
[2m2026-09-02T18:44:36.320082Z[0m [32m INFO[0m [2mtushare_sync[0m[2m:[0m window synced [3mcode[0m[2m=[0m"159742" [3mwindow[0m[2m=[0m2025-08-08..2025-09-06 [3mtotal[0m[2m=[0m251363
[2m2026-09-02T18:44:37.205979Z[0m [32m INFO[0m [2mtushare_sync[0m[2m:[0m window synced [3mcode[0m[2m=[0m"159742" [3mwindow[0m[2m=[0m2025-09-07..2025-10-06 [3mtotal[0m[2m=[0m255460
[2m2026-09-02T18:44:38.235455Z[0m [32m INFO[0m [2mtushare_sync[0m[2m:[0m window synced [3mcode[0m[2m=[0m"159742" [3mwindow[0m[2m=[0m2025-10-07..2025-11-05 [3mtotal[0m[2m=[0m260280
[2m2026-09-02T18:44:39.223093Z[0m [32m INFO[0m [2mtushare_sync[0m[2m:[0m window synced [3mcode[0m[2m=[0m"159742" [3mwindow[0m[2m=[0m2025-11-06..2025-12-05 [3mtotal[0m[2m=[0m265582
[2m2026-09-02T18:44:40.203870Z[0m [32m INFO[0m [2mtushare_sync[0m[2m:[0m window synced [3mcode[0m[2m=[0m"159742" [3mwindow[0m[2m=[0m2025-12-06..2026-01-04 [3mtotal[0m[2m=[0m269920
[2m2026-09-02T18:44:41.219425Z[0m [32m INFO[0m [2mtushare_sync[0m[2m:[0m window synced [3mcode[0m[2m=[0m"159742" [3mwindow[0m[2m=[0m2026-01-05..2026-02-03 [3mtotal[0m[2m=[0m275222
[2m2026-09-02T18:44:42.167454Z[0m [32m INFO[0m [2mtushare_sync[0m[2m:[0m window synced [3mcode[0m[2m=[0m"159742" [3mwindow[0m[2m=[0m2026-02-04..2026-03-05 [3mtotal[0m[2m=[0m279078
[2m2026-09-02T18:44:43.303408Z[0m [32m INFO[0m [2mtushare_sync[0m[2m:[0m window synced [3mcode[0m[2m=[0m"159742" [3mwindow[0m[2m=[0m2026-03-06..2026-04-04 [3mtotal[0m[2m=[0m284139
[2m2026-09-02T18:44:44.201719Z[0m [32m INFO[0m [2mtushare_sync[0m[2m:[0m window synced [3mcode[0m[2m=[0m"159742" [3mwindow[0m[2m=[0m2026-04-05..2026-05-04 [3mtotal[0m[2m=[0m288477
[2m2026-09-02T18:44:45.211032Z[0m [32m INFO[0m [2mtushare_sync[0m[2m:[0m window synced [3mcode[0m[2m=[0m"159742" [3mwindow[0m[2m=[0m2026-05-05..2026-06-03 [3mtotal[0m[2m=[0m293538
[2m2026-09-02T18:44:46.588046Z[0m [32m INFO[0m [2mtushare_sync[0m[2m:[0m window synced [3mcode[0m[2m=[0m"159742" [3mwindow[0m[2m=[0m2026-06-04..2026-07-03 [3mtotal[0m[2m=[0m298599
[2m2026-09-02T18:44:47.224624Z[0m [32m INFO[0m [2mtushare_sync[0m[2m:[0m window synced [3mcode[0m[2m=[0m"159742" [3mwindow[0m[2m=[0m2026-07-04..2026-08-02 [3mtotal[0m[2m=[0m303419
[2m2026-09-02T18:44:48.512175Z[0m [32m INFO[0m [2mtushare_sync[0m[2m:[0m window synced [3mcode[0m[2m=[0m"159742" [3mwindow[0m[2m=[0m2026-08-03..2026-09-01 [3mtotal[0m[2m=[0m308721
[2m2026-09-02T18:44:49.077987Z[0m [32m INFO[0m [2mtushare_sync[0m[2m:[0m window synced [3mcode[0m[2m=[0m"159742" [3mwindow[0m[2m=[0m2026-09-02..2026-09-03 [3mtotal[0m[2m=[0m308962
[2m2026-09-02T18:44:49.078023Z[0m [32m INFO[0m [2mtushare_sync[0m[2m:[0m === sync done === [3mcode[0m[2m=[0m"159742" [3mbars[0m[2m=[0m308962
[2m2026-09-02T18:44:49.078030Z[0m [32m INFO[0m [2mtushare_sync[0m[2m:[0m === sync start === [3mcode[0m[2m=[0m"159781"
[2m2026-09-02T18:44:59.281876Z[0m [32m INFO[0m [2mtushare_sync[0m[2m:[0m first data year found [3mcode[0m[2m=[0m"159781" [3mfirst_year[0m[2m=[0m2021
[2m2026-09-02T18:45:00.092228Z[0m [32m INFO[0m [2mtushare_sync[0m[2m:[0m window synced [3mcode[0m[2m=[0m"159781" [3mwindow[0m[2m=[0m2021-01-01..2021-01-30 [3mtotal[0m[2m=[0m0
[2m2026-09-02T18:45:01.091458Z[0m [32m INFO[0m [2mtushare_sync[0m[2m:[0m window synced [3mcode[0m[2m=[0m"159781" [3mwindow[0m[2m=[0m2021-01-31..2021-03-01 [3mtotal[0m[2m=[0m0
[2m2026-09-02T18:45:02.098121Z[0m [32m INFO[0m [2mtushare_sync[0m[2m:[0m window synced [3mcode[0m[2m=[0m"159781" [3mwindow[0m[2m=[0m2021-03-02..2021-03-31 [3mtotal[0m[2m=[0m0
[2m2026-09-02T18:45:03.093327Z[0m [32m INFO[0m [2mtushare_sync[0m[2m:[0m window synced [3mcode[0m[2m=[0m"159781" [3mwindow[0m[2m=[0m2021-04-01..2021-04-30 [3mtotal[0m[2m=[0m0
[2m2026-09-02T18:45:04.097457Z[0m [32m INFO[0m [2mtushare_sync[0m[2m:[0m window synced [3mcode[0m[2m=[0m"159781" [3mwindow[0m[2m=[0m2021-05-01..2021-05-30 [3mtotal[0m[2m=[0m0
[2m2026-09-02T18:45:05.091934Z[0m [32m INFO[0m [2mtushare_sync[0m[2m:[0m window synced [3mcode[0m[2m=[0m"159781" [3mwindow[0m[2m=[0m2021-05-31..2021-06-29 [3mtotal[0m[2m=[0m0
[2m2026-09-02T18:45:06.311380Z[0m [32m INFO[0m [2mtushare_sync[0m[2m:[0m window synced [3mcode[0m[2m=[0m"159781" [3mwindow[0m[2m=[0m2021-06-30..2021-07-29 [3mtotal[0m[2m=[0m4579
[2m2026-09-02T18:45:07.248518Z[0m [32m INFO[0m [2mtushare_sync[0m[2m:[0m window synced [3mcode[0m[2m=[0m"159781" [3mwindow[0m[2m=[0m2021-07-30..2021-08-28 [3mtotal[0m[2m=[0m9640
[2m2026-09-02T18:45:08.274857Z[0m [32m INFO[0m [2mtushare_sync[0m[2m:[0m window synced [3mcode[0m[2m=[0m"159781" [3mwindow[0m[2m=[0m2021-08-29..2021-09-27 [3mtotal[0m[2m=[0m14219
[2m2026-09-02T18:45:09.357576Z[0m [32m INFO[0m [2mtushare_sync[0m[2m:[0m window synced [3mcode[0m[2m=[0m"159781" [3mwindow[0m[2m=[0m2021-09-28..2021-10-27 [3mtotal[0m[2m=[0m18316
[2m2026-09-02T18:45:10.274778Z[0m [32m INFO[0m [2mtushare_sync[0m[2m:[0m window synced [3mcode[0m[2m=[0m"159781" [3mwindow[0m[2m=[0m2021-10-28..2021-11-26 [3mtotal[0m[2m=[0m23618
[2m2026-09-02T18:45:11.278730Z[0m [32m INFO[0m [2mtushare_sync[0m[2m:[0m window synced [3mcode[0m[2m=[0m"159781" [3mwindow[0m[2m=[0m2021-11-27..2021-12-26 [3mtotal[0m[2m=[0m28438
[2m2026-09-02T18:45:12.290944Z[0m [32m INFO[0m [2mtushare_sync[0m[2m:[0m window synced [3mcode[0m[2m=[0m"159781" [3mwindow[0m[2m=[0m2021-12-27..2022-01-25 [3mtotal[0m[2m=[0m33499
[2m2026-09-02T18:45:13.239103Z[0m [32m INFO[0m [2mtushare_sync[0m[2m:[0m window synced [3mcode[0m[2m=[0m"159781" [3mwindow[0m[2m=[0m2022-01-26..2022-02-24 [3mtotal[0m[2m=[0m37596
[2m2026-09-02T18:45:14.286214Z[0m [32m INFO[0m [2mtushare_sync[0m[2m:[0m window synced [3mcode[0m[2m=[0m"159781" [3mwindow[0m[2m=[0m2022-02-25..2022-03-26 [3mtotal[0m[2m=[0m42657
[2m2026-09-02T18:45:15.283096Z[0m [32m INFO[0m [2mtushare_sync[0m[2m:[0m window synced [3mcode[0m[2m=[0m"159781" [3mwindow[0m[2m=[0m2022-03-27..2022-04-25 [3mtotal[0m[2m=[0m47236
[2m2026-09-02T18:45:16.269156Z[0m [32m INFO[0m [2mtushare_sync[0m[2m:[0m window synced [3mcode[0m[2m=[0m"159781" [3mwindow[0m[2m=[0m2022-04-26..2022-05-25 [3mtotal[0m[2m=[0m51815
[2m2026-09-02T18:45:17.294875Z[0m [32m INFO[0m [2mtushare_sync[0m[2m:[0m window synced [3mcode[0m[2m=[0m"159781" [3mwindow[0m[2m=[0m2022-05-26..2022-06-24 [3mtotal[0m[2m=[0m56876
[2m2026-09-02T18:45:18.242546Z[0m [32m INFO[0m [2mtushare_sync[0m[2m:[0m window synced [3mcode[0m[2m=[0m"159781" [3mwindow[0m[2m=[0m2022-06-25..2022-07-24 [3mtotal[0m[2m=[0m61696
[2m2026-09-02T18:45:19.287794Z[0m [32m INFO[0m [2mtushare_sync[0m[2m:[0m window synced [3mcode[0m[2m=[0m"159781" [3mwindow[0m[2m=[0m2022-07-25..2022-08-23 [3mtotal[0m[2m=[0m66998
[2m2026-09-02T18:45:20.293223Z[0m [32m INFO[0m [2mtushare_sync[0m[2m:[0m window synced [3mcode[0m[2m=[0m"159781" [3mwindow[0m[2m=[0m2022-08-24..2022-09-22 [3mtotal[0m[2m=[0m72059
[2m2026-09-02T18:45:21.249219Z[0m [32m INFO[0m [2mtushare_sync[0m[2m:[0m window synced [3mcode[0m[2m=[0m"159781" [3mwindow[0m[2m=[0m2022-09-23..2022-10-22 [3mtotal[0m[2m=[0m75915
[2m2026-09-02T18:45:22.266365Z[0m [32m INFO[0m [2mtushare_sync[0m[2m:[0m window synced [3mcode[0m[2m=[0m"159781" [3mwindow[0m[2m=[0m2022-10-23..2022-11-21 [3mtotal[0m[2m=[0m80976
[2m2026-09-02T18:45:23.352668Z[0m [32m INFO[0m [2mtushare_sync[0m[2m:[0m window synced [3mcode[0m[2m=[0m"159781" [3mwindow[0m[2m=[0m2022-11-22..2022-12-21 [3mtotal[0m[2m=[0m86278
[2m2026-09-02T18:45:24.307769Z[0m [32m INFO[0m [2mtushare_sync[0m[2m:[0m window synced [3mcode[0m[2m=[0m"159781" [3mwindow[0m[2m=[0m2022-12-22..2023-01-20 [3mtotal[0m[2m=[0m91339
[2m2026-09-02T18:45:25.261641Z[0m [32m INFO[0m [2mtushare_sync[0m[2m:[0m window synced [3mcode[0m[2m=[0m"159781" [3mwindow[0m[2m=[0m2023-01-21..2023-02-19 [3mtotal[0m[2m=[0m94954
[2m2026-09-02T18:45:26.327390Z[0m [32m INFO[0m [2mtushare_sync[0m[2m:[0m window synced [3mcode[0m[2m=[0m"159781" [3mwindow[0m[2m=[0m2023-02-20..2023-03-21 [3mtotal[0m[2m=[0m100256
[2m2026-09-02T18:45:27.318909Z[0m [32m INFO[0m [2mtushare_sync[0m[2m:[0m window synced [3mcode[0m[2m=[0m"159781" [3mwindow[0m[2m=[0m2023-03-22..2023-04-20 [3mtotal[0m[2m=[0m105317
[2m2026-09-02T18:45:28.293182Z[0m [32m INFO[0m [2mtushare_sync[0m[2m:[0m window synced [3mcode[0m[2m=[0m"159781" [3mwindow[0m[2m=[0m2023-04-21..2023-05-20 [3mtotal[0m[2m=[0m109655
[2m2026-09-02T18:45:29.341247Z[0m [32m INFO[0m [2mtushare_sync[0m[2m:[0m window synced [3mcode[0m[2m=[0m"159781" [3mwindow[0m[2m=[0m2023-05-21..2023-06-19 [3mtotal[0m[2m=[0m114716
[2m2026-09-02T18:45:30.321393Z[0m [32m INFO[0m [2mtushare_sync[0m[2m:[0m window synced [3mcode[0m[2m=[0m"159781" [3mwindow[0m[2m=[0m2023-06-20..2023-07-19 [3mtotal[0m[2m=[0m119536
[2m2026-09-02T18:45:31.311683Z[0m [32m INFO[0m [2mtushare_sync[0m[2m:[0m window synced [3mcode[0m[2m=[0m"159781" [3mwindow[0m[2m=[0m2023-07-20..2023-08-18 [3mtotal[0m[2m=[0m124838
[2m2026-09-02T18:45:32.308602Z[0m [32m INFO[0m [2mtushare_sync[0m[2m:[0m window synced [3mcode[0m[2m=[0m"159781" [3mwindow[0m[2m=[0m2023-08-19..2023-09-17 [3mtotal[0m[2m=[0m129658
[2m2026-09-02T18:45:33.297960Z[0m [32m INFO[0m [2mtushare_sync[0m[2m:[0m window synced [3mcode[0m[2m=[0m"159781" [3mwindow[0m[2m=[0m2023-09-18..2023-10-17 [3mtotal[0m[2m=[0m133514
[2m2026-09-02T18:45:34.318093Z[0m [32m INFO[0m [2mtushare_sync[0m[2m:[0m window synced [3mcode[0m[2m=[0m"159781" [3mwindow[0m[2m=[0m2023-10-18..2023-11-16 [3mtotal[0m[2m=[0m138816
[2m2026-09-02T18:45:35.312816Z[0m [32m INFO[0m [2mtushare_sync[0m[2m:[0m window synced [3mcode[0m[2m=[0m"159781" [3mwindow[0m[2m=[0m2023-11-17..2023-12-16 [3mtotal[0m[2m=[0m143877
[2m2026-09-02T18:45:36.303930Z[0m [32m INFO[0m [2mtushare_sync[0m[2m:[0m window synced [3mcode[0m[2m=[0m"159781" [3mwindow[0m[2m=[0m2023-12-17..2024-01-15 [3mtotal[0m[2m=[0m148697
[2m2026-09-02T18:45:37.304927Z[0m [32m INFO[0m [2mtushare_sync[0m[2m:[0m window synced [3mcode[0m[2m=[0m"159781" [3mwindow[0m[2m=[0m2024-01-16..2024-02-14 [3mtotal[0m[2m=[0m153035
[2m2026-09-02T18:45:38.311825Z[0m [32m INFO[0m [2mtushare_sync[0m[2m:[0m window synced [3mcode[0m[2m=[0m"159781" [3mwindow[0m[2m=[0m2024-02-15..2024-03-15 [3mtotal[0m[2m=[0m157855
[2m2026-09-02T18:45:39.330136Z[0m [32m INFO[0m [2mtushare_sync[0m[2m:[0m window synced [3mcode[0m[2m=[0m"159781" [3mwindow[0m[2m=[0m2024-03-16..2024-04-14 [3mtotal[0m[2m=[0m162193
[2m2026-09-02T18:45:40.313605Z[0m [32m INFO[0m [2mtushare_sync[0m[2m:[0m window synced [3mcode[0m[2m=[0m"159781" [3mwindow[0m[2m=[0m2024-04-15..2024-05-14 [3mtotal[0m[2m=[0m166772
[2m2026-09-02T18:45:41.364720Z[0m [32m INFO[0m [2mtushare_sync[0m[2m:[0m window synced [3mcode[0m[2m=[0m"159781" [3mwindow[0m[2m=[0m2024-05-15..2024-06-13 [3mtotal[0m[2m=[0m171833
[2m2026-09-02T18:45:42.389507Z[0m [32m INFO[0m [2mtushare_sync[0m[2m:[0m window synced [3mcode[0m[2m=[0m"159781" [3mwindow[0m[2m=[0m2024-06-14..2024-07-13 [3mtotal[0m[2m=[0m176894
[2m2026-09-02T18:45:43.365739Z[0m [32m INFO[0m [2mtushare_sync[0m[2m:[0m window synced [3mcode[0m[2m=[0m"159781" [3mwindow[0m[2m=[0m2024-07-14..2024-08-12 [3mtotal[0m[2m=[0m181955
[2m2026-09-02T18:45:44.402480Z[0m [32m INFO[0m [2mtushare_sync[0m[2m:[0m window synced [3mcode[0m[2m=[0m"159781" [3mwindow[0m[2m=[0m2024-08-13..2024-09-11 [3mtotal[0m[2m=[0m187257
[2m2026-09-02T18:45:45.344344Z[0m [32m INFO[0m [2mtushare_sync[0m[2m:[0m window synced [3mcode[0m[2m=[0m"159781" [3mwindow[0m[2m=[0m2024-09-12..2024-10-11 [3mtotal[0m[2m=[0m190872
[2m2026-09-02T18:45:46.333514Z[0m [32m INFO[0m [2mtushare_sync[0m[2m:[0m window synced [3mcode[0m[2m=[0m"159781" [3mwindow[0m[2m=[0m2024-10-12..2024-11-10 [3mtotal[0m[2m=[0m195692
[2m2026-09-02T18:45:47.333164Z[0m [32m INFO[0m [2mtushare_sync[0m[2m:[0m window synced [3mcode[0m[2m=[0m"159781" [3mwindow[0m[2m=[0m2024-11-11..2024-12-10 [3mtotal[0m[2m=[0m200994
[2m2026-09-02T18:45:48.321343Z[0m [32m INFO[0m [2mtushare_sync[0m[2m:[0m window synced [3mcode[0m[2m=[0m"159781" [3mwindow[0m[2m=[0m2024-12-11..2025-01-09 [3mtotal[0m[2m=[0m206055
[2m2026-09-02T18:45:49.257063Z[0m [32m INFO[0m [2mtushare_sync[0m[2m:[0m window synced [3mcode[0m[2m=[0m"159781" [3mwindow[0m[2m=[0m2025-01-10..2025-02-08 [3mtotal[0m[2m=[0m209670
[2m2026-09-02T18:45:50.301301Z[0m [32m INFO[0m [2mtushare_sync[0m[2m:[0m window synced [3mcode[0m[2m=[0m"159781" [3mwindow[0m[2m=[0m2025-02-09..2025-03-10 [3mtotal[0m[2m=[0m214731
[2m2026-09-02T18:45:51.310283Z[0m [32m INFO[0m [2mtushare_sync[0m[2m:[0m window synced [3mcode[0m[2m=[0m"159781" [3mwindow[0m[2m=[0m2025-03-11..2025-04-09 [3mtotal[0m[2m=[0m219792
[2m2026-09-02T18:45:52.303862Z[0m [32m INFO[0m [2mtushare_sync[0m[2m:[0m window synced [3mcode[0m[2m=[0m"159781" [3mwindow[0m[2m=[0m2025-04-10..2025-05-09 [3mtotal[0m[2m=[0m224371
[2m2026-09-02T18:45:53.310338Z[0m [32m INFO[0m [2mtushare_sync[0m[2m:[0m window synced [3mcode[0m[2m=[0m"159781" [3mwindow[0m[2m=[0m2025-05-10..2025-06-08 [3mtotal[0m[2m=[0m228950
[2m2026-09-02T18:45:54.339431Z[0m [32m INFO[0m [2mtushare_sync[0m[2m:[0m window synced [3mcode[0m[2m=[0m"159781" [3mwindow[0m[2m=[0m2025-06-09..2025-07-08 [3mtotal[0m[2m=[0m234252
[2m2026-09-02T18:45:55.312557Z[0m [32m INFO[0m [2mtushare_sync[0m[2m:[0m window synced [3mcode[0m[2m=[0m"159781" [3mwindow[0m[2m=[0m2025-07-09..2025-08-07 [3mtotal[0m[2m=[0m239554
[2m2026-09-02T18:45:56.333726Z[0m [32m INFO[0m [2mtushare_sync[0m[2m:[0m window synced [3mcode[0m[2m=[0m"159781" [3mwindow[0m[2m=[0m2025-08-08..2025-09-06 [3mtotal[0m[2m=[0m244615
[2m2026-09-02T18:45:57.289338Z[0m [32m INFO[0m [2mtushare_sync[0m[2m:[0m window synced [3mcode[0m[2m=[0m"159781" [3mwindow[0m[2m=[0m2025-09-07..2025-10-06 [3mtotal[0m[2m=[0m248712
[2m2026-09-02T18:45:58.319302Z[0m [32m INFO[0m [2mtushare_sync[0m[2m:[0m window synced [3mcode[0m[2m=[0m"159781" [3mwindow[0m[2m=[0m2025-10-07..2025-11-05 [3mtotal[0m[2m=[0m253532
[2m2026-09-02T18:45:59.324790Z[0m [32m INFO[0m [2mtushare_sync[0m[2m:[0m window synced [3mcode[0m[2m=[0m"159781" [3mwindow[0m[2m=[0m2025-11-06..2025-12-05 [3mtotal[0m[2m=[0m258834
[2m2026-09-02T18:46:00.285297Z[0m [32m INFO[0m [2mtushare_sync[0m[2m:[0m window synced [3mcode[0m[2m=[0m"159781" [3mwindow[0m[2m=[0m2025-12-06..2026-01-04 [3mtotal[0m[2m=[0m263172
[2m2026-09-02T18:46:01.310298Z[0m [32m INFO[0m [2mtushare_sync[0m[2m:[0m window synced [3mcode[0m[2m=[0m"159781" [3mwindow[0m[2m=[0m2026-01-05..2026-02-03 [3mtotal[0m[2m=[0m268474
[2m2026-09-02T18:46:02.277553Z[0m [32m INFO[0m [2mtushare_sync[0m[2m:[0m window synced [3mcode[0m[2m=[0m"159781" [3mwindow[0m[2m=[0m2026-02-04..2026-03-05 [3mtotal[0m[2m=[0m272330
[2m2026-09-02T18:46:03.293363Z[0m [32m INFO[0m [2mtushare_sync[0m[2m:[0m window synced [3mcode[0m[2m=[0m"159781" [3mwindow[0m[2m=[0m2026-03-06..2026-04-04 [3mtotal[0m[2m=[0m277391
[2m2026-09-02T18:46:04.516312Z[0m [32m INFO[0m [2mtushare_sync[0m[2m:[0m window synced [3mcode[0m[2m=[0m"159781" [3mwindow[0m[2m=[0m2026-04-05..2026-05-04 [3mtotal[0m[2m=[0m281729
[2m2026-09-02T18:46:05.315233Z[0m [32m INFO[0m [2mtushare_sync[0m[2m:[0m window synced [3mcode[0m[2m=[0m"159781" [3mwindow[0m[2m=[0m2026-05-05..2026-06-03 [3mtotal[0m[2m=[0m286790
[2m2026-09-02T18:46:06.318058Z[0m [32m INFO[0m [2mtushare_sync[0m[2m:[0m window synced [3mcode[0m[2m=[0m"159781" [3mwindow[0m[2m=[0m2026-06-04..2026-07-03 [3mtotal[0m[2m=[0m291851
[2m2026-09-02T18:46:07.332257Z[0m [32m INFO[0m [2mtushare_sync[0m[2m:[0m window synced [3mcode[0m[2m=[0m"159781" [3mwindow[0m[2m=[0m2026-07-04..2026-08-02 [3mtotal[0m[2m=[0m296671
[2m2026-09-02T18:46:08.349763Z[0m [32m INFO[0m [2mtushare_sync[0m[2m:[0m window synced [3mcode[0m[2m=[0m"159781" [3mwindow[0m[2m=[0m2026-08-03..2026-09-01 [3mtotal[0m[2m=[0m301973
[2m2026-09-02T18:46:09.244707Z[0m [32m INFO[0m [2mtushare_sync[0m[2m:[0m window synced [3mcode[0m[2m=[0m"159781" [3mwindow[0m[2m=[0m2026-09-02..2026-09-03 [3mtotal[0m[2m=[0m302214
[2m2026-09-02T18:46:09.244745Z[0m [32m INFO[0m [2mtushare_sync[0m[2m:[0m === sync done === [3mcode[0m[2m=[0m"159781" [3mbars[0m[2m=[0m302214
[2m2026-09-02T18:46:09.244752Z[0m [32m INFO[0m [2mtushare_sync[0m[2m:[0m === sync start === [3mcode[0m[2m=[0m"159825"
[2m2026-09-02T18:46:18.206628Z[0m [32m INFO[0m [2mtushare_sync[0m[2m:[0m first data year found [3mcode[0m[2m=[0m"159825" [3mfirst_year[0m[2m=[0m2020
[2m2026-09-02T18:46:19.167652Z[0m [32m INFO[0m [2mtushare_sync[0m[2m:[0m window synced [3mcode[0m[2m=[0m"159825" [3mwindow[0m[2m=[0m2020-01-01..2020-01-30 [3mtotal[0m[2m=[0m0
[2m2026-09-02T18:46:20.190713Z[0m [32m INFO[0m [2mtushare_sync[0m[2m:[0m window synced [3mcode[0m[2m=[0m"159825" [3mwindow[0m[2m=[0m2020-01-31..2020-02-29 [3mtotal[0m[2m=[0m0
[2m2026-09-02T18:46:21.182516Z[0m [32m INFO[0m [2mtushare_sync[0m[2m:[0m window synced [3mcode[0m[2m=[0m"159825" [3mwindow[0m[2m=[0m2020-03-01..2020-03-30 [3mtotal[0m[2m=[0m0
[2m2026-09-02T18:46:22.170294Z[0m [32m INFO[0m [2mtushare_sync[0m[2m:[0m window synced [3mcode[0m[2m=[0m"159825" [3mwindow[0m[2m=[0m2020-03-31..2020-04-29 [3mtotal[0m[2m=[0m0
[2m2026-09-02T18:46:23.172183Z[0m [32m INFO[0m [2mtushare_sync[0m[2m:[0m window synced [3mcode[0m[2m=[0m"159825" [3mwindow[0m[2m=[0m2020-04-30..2020-05-29 [3mtotal[0m[2m=[0m0
[2m2026-09-02T18:46:24.196406Z[0m [32m INFO[0m [2mtushare_sync[0m[2m:[0m window synced [3mcode[0m[2m=[0m"159825" [3mwindow[0m[2m=[0m2020-05-30..2020-06-28 [3mtotal[0m[2m=[0m0
[2m2026-09-02T18:46:25.173561Z[0m [32m INFO[0m [2mtushare_sync[0m[2m:[0m window synced [3mcode[0m[2m=[0m"159825" [3mwindow[0m[2m=[0m2020-06-29..2020-07-28 [3mtotal[0m[2m=[0m0
[2m2026-09-02T18:46:26.271244Z[0m [32m INFO[0m [2mtushare_sync[0m[2m:[0m window synced [3mcode[0m[2m=[0m"159825" [3mwindow[0m[2m=[0m2020-07-29..2020-08-27 [3mtotal[0m[2m=[0m0
[2m2026-09-02T18:46:27.177827Z[0m [32m INFO[0m [2mtushare_sync[0m[2m:[0m window synced [3mcode[0m[2m=[0m"159825" [3mwindow[0m[2m=[0m2020-08-28..2020-09-26 [3mtotal[0m[2m=[0m0
[2m2026-09-02T18:46:28.179460Z[0m [32m INFO[0m [2mtushare_sync[0m[2m:[0m window synced [3mcode[0m[2m=[0m"159825" [3mwindow[0m[2m=[0m2020-09-27..2020-10-26 [3mtotal[0m[2m=[0m0
[2m2026-09-02T18:46:29.175395Z[0m [32m INFO[0m [2mtushare_sync[0m[2m:[0m window synced [3mcode[0m[2m=[0m"159825" [3mwindow[0m[2m=[0m2020-10-27..2020-11-25 [3mtotal[0m[2m=[0m0
[2m2026-09-02T18:46:30.195669Z[0m [32m INFO[0m [2mtushare_sync[0m[2m:[0m window synced [3mcode[0m[2m=[0m"159825" [3mwindow[0m[2m=[0m2020-11-26..2020-12-25 [3mtotal[0m[2m=[0m0
[2m2026-09-02T18:46:31.644811Z[0m [32m INFO[0m [2mtushare_sync[0m[2m:[0m window synced [3mcode[0m[2m=[0m"159825" [3mwindow[0m[2m=[0m2020-12-26..2021-01-24 [3mtotal[0m[2m=[0m4338
[2m2026-09-02T18:46:32.348319Z[0m [32m INFO[0m [2mtushare_sync[0m[2m:[0m window synced [3mcode[0m[2m=[0m"159825" [3mwindow[0m[2m=[0m2021-01-25..2021-02-23 [3mtotal[0m[2m=[0m8435
[2m2026-09-02T18:46:33.386290Z[0m [32m INFO[0m [2mtushare_sync[0m[2m:[0m window synced [3mcode[0m[2m=[0m"159825" [3mwindow[0m[2m=[0m2021-02-24..2021-03-25 [3mtotal[0m[2m=[0m13737
[2m2026-09-02T18:46:34.331554Z[0m [32m INFO[0m [2mtushare_sync[0m[2m:[0m window synced [3mcode[0m[2m=[0m"159825" [3mwindow[0m[2m=[0m2021-03-26..2021-04-24 [3mtotal[0m[2m=[0m18557
[2m2026-09-02T18:46:35.329303Z[0m [32m INFO[0m [2mtushare_sync[0m[2m:[0m window synced [3mcode[0m[2m=[0m"159825" [3mwindow[0m[2m=[0m2021-04-25..2021-05-24 [3mtotal[0m[2m=[0m22895
[2m2026-09-02T18:46:36.345994Z[0m [32m INFO[0m [2mtushare_sync[0m[2m:[0m window synced [3mcode[0m[2m=[0m"159825" [3mwindow[0m[2m=[0m2021-05-25..2021-06-23 [3mtotal[0m[2m=[0m27956
[2m2026-09-02T18:46:37.342259Z[0m [32m INFO[0m [2mtushare_sync[0m[2m:[0m window synced [3mcode[0m[2m=[0m"159825" [3mwindow[0m[2m=[0m2021-06-24..2021-07-23 [3mtotal[0m[2m=[0m33258
[2m2026-09-02T18:46:38.336821Z[0m [32m INFO[0m [2mtushare_sync[0m[2m:[0m window synced [3mcode[0m[2m=[0m"159825" [3mwindow[0m[2m=[0m2021-07-24..2021-08-22 [3mtotal[0m[2m=[0m38078
[2m2026-09-02T18:46:39.343284Z[0m [32m INFO[0m [2mtushare_sync[0m[2m:[0m window synced [3mcode[0m[2m=[0m"159825" [3mwindow[0m[2m=[0m2021-08-23..2021-09-21 [3mtotal[0m[2m=[0m42898
[2m2026-09-02T18:46:40.328476Z[0m [32m INFO[0m [2mtushare_sync[0m[2m:[0m window synced [3mcode[0m[2m=[0m"159825" [3mwindow[0m[2m=[0m2021-09-22..2021-10-21 [3mtotal[0m[2m=[0m46995
[2m2026-09-02T18:46:41.358617Z[0m [32m INFO[0m [2mtushare_sync[0m[2m:[0m window synced [3mcode[0m[2m=[0m"159825" [3mwindow[0m[2m=[0m2021-10-22..2021-11-20 [3mtotal[0m[2m=[0m52056
[2m2026-09-02T18:46:42.346866Z[0m [32m INFO[0m [2mtushare_sync[0m[2m:[0m window synced [3mcode[0m[2m=[0m"159825" [3mwindow[0m[2m=[0m2021-11-21..2021-12-20 [3mtotal[0m[2m=[0m57117
[2m2026-09-02T18:46:43.388454Z[0m [32m INFO[0m [2mtushare_sync[0m[2m:[0m window synced [3mcode[0m[2m=[0m"159825" [3mwindow[0m[2m=[0m2021-12-21..2022-01-19 [3mtotal[0m[2m=[0m62178
[2m2026-09-02T18:46:44.353640Z[0m [32m INFO[0m [2mtushare_sync[0m[2m:[0m window synced [3mcode[0m[2m=[0m"159825" [3mwindow[0m[2m=[0m2022-01-20..2022-02-18 [3mtotal[0m[2m=[0m66275
[2m2026-09-02T18:46:45.355038Z[0m [32m INFO[0m [2mtushare_sync[0m[2m:[0m window synced [3mcode[0m[2m=[0m"159825" [3mwindow[0m[2m=[0m2022-02-19..2022-03-20 [3mtotal[0m[2m=[0m71095
[2m2026-09-02T18:46:46.335184Z[0m [32m INFO[0m [2mtushare_sync[0m[2m:[0m window synced [3mcode[0m[2m=[0m"159825" [3mwindow[0m[2m=[0m2022-03-21..2022-04-19 [3mtotal[0m[2m=[0m75915
[2m2026-09-02T18:46:47.363037Z[0m [32m INFO[0m [2mtushare_sync[0m[2m:[0m window synced [3mcode[0m[2m=[0m"159825" [3mwindow[0m[2m=[0m2022-04-20..2022-05-19 [3mtotal[0m[2m=[0m80494
[2m2026-09-02T18:46:48.347454Z[0m [32m INFO[0m [2mtushare_sync[0m[2m:[0m window synced [3mcode[0m[2m=[0m"159825" [3mwindow[0m[2m=[0m2022-05-20..2022-06-18 [3mtotal[0m[2m=[0m85314
[2m2026-09-02T18:46:49.357682Z[0m [32m INFO[0m [2mtushare_sync[0m[2m:[0m window synced [3mcode[0m[2m=[0m"159825" [3mwindow[0m[2m=[0m2022-06-19..2022-07-18 [3mtotal[0m[2m=[0m90375
[2m2026-09-02T18:46:50.377960Z[0m [32m INFO[0m [2mtushare_sync[0m[2m:[0m window synced [3mcode[0m[2m=[0m"159825" [3mwindow[0m[2m=[0m2022-07-19..2022-08-17 [3mtotal[0m[2m=[0m95677
[2m2026-09-02T18:46:51.393060Z[0m [32m INFO[0m [2mtushare_sync[0m[2m:[0m window synced [3mcode[0m[2m=[0m"159825" [3mwindow[0m[2m=[0m2022-08-18..2022-09-16 [3mtotal[0m[2m=[0m100738
[2m2026-09-02T18:46:52.322820Z[0m [32m INFO[0m [2mtushare_sync[0m[2m:[0m window synced [3mcode[0m[2m=[0m"159825" [3mwindow[0m[2m=[0m2022-09-17..2022-10-16 [3mtotal[0m[2m=[0m104353
[2m2026-09-02T18:46:53.374995Z[0m [32m INFO[0m [2mtushare_sync[0m[2m:[0m window synced [3mcode[0m[2m=[0m"159825" [3mwindow[0m[2m=[0m2022-10-17..2022-11-15 [3mtotal[0m[2m=[0m109655
[2m2026-09-02T18:46:54.410082Z[0m [32m INFO[0m [2mtushare_sync[0m[2m:[0m window synced [3mcode[0m[2m=[0m"159825" [3mwindow[0m[2m=[0m2022-11-16..2022-12-15 [3mtotal[0m[2m=[0m114957
[2m2026-09-02T18:46:55.417383Z[0m [32m INFO[0m [2mtushare_sync[0m[2m:[0m window synced [3mcode[0m[2m=[0m"159825" [3mwindow[0m[2m=[0m2022-12-16..2023-01-14 [3mtotal[0m[2m=[0m119777
[2m2026-09-02T18:46:56.359436Z[0m [32m INFO[0m [2mtushare_sync[0m[2m:[0m window synced [3mcode[0m[2m=[0m"159825" [3mwindow[0m[2m=[0m2023-01-15..2023-02-13 [3mtotal[0m[2m=[0m123633
[2m2026-09-02T18:46:57.401873Z[0m [32m INFO[0m [2mtushare_sync[0m[2m:[0m window synced [3mcode[0m[2m=[0m"159825" [3mwindow[0m[2m=[0m2023-02-14..2023-03-15 [3mtotal[0m[2m=[0m128935
[2m2026-09-02T18:46:58.417088Z[0m [32m INFO[0m [2mtushare_sync[0m[2m:[0m window synced [3mcode[0m[2m=[0m"159825" [3mwindow[0m[2m=[0m2023-03-16..2023-04-14 [3mtotal[0m[2m=[0m133996
[2m2026-09-02T18:46:59.374828Z[0m [32m INFO[0m [2mtushare_sync[0m[2m:[0m window synced [3mcode[0m[2m=[0m"159825" [3mwindow[0m[2m=[0m2023-04-15..2023-05-14 [3mtotal[0m[2m=[0m138093
[2m2026-09-02T18:47:00.465066Z[0m [32m INFO[0m [2mtushare_sync[0m[2m:[0m window synced [3mcode[0m[2m=[0m"159825" [3mwindow[0m[2m=[0m2023-05-15..2023-06-13 [3mtotal[0m[2m=[0m143395
[2m2026-09-02T18:47:01.426733Z[0m [32m INFO[0m [2mtushare_sync[0m[2m:[0m window synced [3mcode[0m[2m=[0m"159825" [3mwindow[0m[2m=[0m2023-06-14..2023-07-13 [3mtotal[0m[2m=[0m148215
[2m2026-09-02T18:47:02.405853Z[0m [32m INFO[0m [2mtushare_sync[0m[2m:[0m window synced [3mcode[0m[2m=[0m"159825" [3mwindow[0m[2m=[0m2023-07-14..2023-08-12 [3mtotal[0m[2m=[0m153276
[2m2026-09-02T18:47:03.410408Z[0m [32m INFO[0m [2mtushare_sync[0m[2m:[0m window synced [3mcode[0m[2m=[0m"159825" [3mwindow[0m[2m=[0m2023-08-13..2023-09-11 [3mtotal[0m[2m=[0m158337
[2m2026-09-02T18:47:04.369553Z[0m [32m INFO[0m [2mtushare_sync[0m[2m:[0m window synced [3mcode[0m[2m=[0m"159825" [3mwindow[0m[2m=[0m2023-09-12..2023-10-11 [3mtotal[0m[2m=[0m162193
[2m2026-09-02T18:47:05.484936Z[0m [32m INFO[0m [2mtushare_sync[0m[2m:[0m window synced [3mcode[0m[2m=[0m"159825" [3mwindow[0m[2m=[0m2023-10-12..2023-11-10 [3mtotal[0m[2m=[0m167495
[2m2026-09-02T18:47:06.396248Z[0m [32m INFO[0m [2mtushare_sync[0m[2m:[0m window synced [3mcode[0m[2m=[0m"159825" [3mwindow[0m[2m=[0m2023-11-11..2023-12-10 [3mtotal[0m[2m=[0m172315
[2m2026-09-02T18:47:07.497092Z[0m [32m INFO[0m [2mtushare_sync[0m[2m:[0m window synced [3mcode[0m[2m=[0m"159825" [3mwindow[0m[2m=[0m2023-12-11..2024-01-09 [3mtotal[0m[2m=[0m177376
[2m2026-09-02T18:47:08.403185Z[0m [32m INFO[0m [2mtushare_sync[0m[2m:[0m window synced [3mcode[0m[2m=[0m"159825" [3mwindow[0m[2m=[0m2024-01-10..2024-02-08 [3mtotal[0m[2m=[0m182678
[2m2026-09-02T18:47:09.362845Z[0m [32m INFO[0m [2mtushare_sync[0m[2m:[0m window synced [3mcode[0m[2m=[0m"159825" [3mwindow[0m[2m=[0m2024-02-09..2024-03-09 [3mtotal[0m[2m=[0m186293
[2m2026-09-02T18:47:10.425522Z[0m [32m INFO[0m [2mtushare_sync[0m[2m:[0m window synced [3mcode[0m[2m=[0m"159825" [3mwindow[0m[2m=[0m2024-03-10..2024-04-08 [3mtotal[0m[2m=[0m190872
[2m2026-09-02T18:47:11.384210Z[0m [32m INFO[0m [2mtushare_sync[0m[2m:[0m window synced [3mcode[0m[2m=[0m"159825" [3mwindow[0m[2m=[0m2024-04-09..2024-05-08 [3mtotal[0m[2m=[0m195451
[2m2026-09-02T18:47:12.418916Z[0m [32m INFO[0m [2mtushare_sync[0m[2m:[0m window synced [3mcode[0m[2m=[0m"159825" [3mwindow[0m[2m=[0m2024-05-09..2024-06-07 [3mtotal[0m[2m=[0m200753
[2m2026-09-02T18:47:13.461104Z[0m [32m INFO[0m [2mtushare_sync[0m[2m:[0m window synced [3mcode[0m[2m=[0m"159825" [3mwindow[0m[2m=[0m2024-06-08..2024-07-07 [3mtotal[0m[2m=[0m205332
[2m2026-09-02T18:47:14.491229Z[0m [32m INFO[0m [2mtushare_sync[0m[2m:[0m window synced [3mcode[0m[2m=[0m"159825" [3mwindow[0m[2m=[0m2024-07-08..2024-08-06 [3mtotal[0m[2m=[0m210634
[2m2026-09-02T18:47:15.419624Z[0m [32m INFO[0m [2mtushare_sync[0m[2m:[0m window synced [3mcode[0m[2m=[0m"159825" [3mwindow[0m[2m=[0m2024-08-07..2024-09-05 [3mtotal[0m[2m=[0m215936
[2m2026-09-02T18:47:16.387218Z[0m [32m INFO[0m [2mtushare_sync[0m[2m:[0m window synced [3mcode[0m[2m=[0m"159825" [3mwindow[0m[2m=[0m2024-09-06..2024-10-05 [3mtotal[0m[2m=[0m219551
[2m2026-09-02T18:47:17.408531Z[0m [32m INFO[0m [2mtushare_sync[0m[2m:[0m window synced [3mcode[0m[2m=[0m"159825" [3mwindow[0m[2m=[0m2024-10-06..2024-11-04 [3mtotal[0m[2m=[0m224371
[2m2026-09-02T18:47:18.463444Z[0m [32m INFO[0m [2mtushare_sync[0m[2m:[0m window synced [3mcode[0m[2m=[0m"159825" [3mwindow[0m[2m=[0m2024-11-05..2024-12-04 [3mtotal[0m[2m=[0m229673
[2m2026-09-02T18:47:19.421664Z[0m [32m INFO[0m [2mtushare_sync[0m[2m:[0m window synced [3mcode[0m[2m=[0m"159825" [3mwindow[0m[2m=[0m2024-12-05..2025-01-03 [3mtotal[0m[2m=[0m234734
[2m2026-09-02T18:47:20.397930Z[0m [32m INFO[0m [2mtushare_sync[0m[2m:[0m window synced [3mcode[0m[2m=[0m"159825" [3mwindow[0m[2m=[0m2025-01-04..2025-02-02 [3mtotal[0m[2m=[0m238590
[2m2026-09-02T18:47:21.391187Z[0m [32m INFO[0m [2mtushare_sync[0m[2m:[0m window synced [3mcode[0m[2m=[0m"159825" [3mwindow[0m[2m=[0m2025-02-03..2025-03-04 [3mtotal[0m[2m=[0m243410
[2m2026-09-02T18:47:22.428819Z[0m [32m INFO[0m [2mtushare_sync[0m[2m:[0m window synced [3mcode[0m[2m=[0m"159825" [3mwindow[0m[2m=[0m2025-03-05..2025-04-03 [3mtotal[0m[2m=[0m248712
[2m2026-09-02T18:47:23.383815Z[0m [32m INFO[0m [2mtushare_sync[0m[2m:[0m window synced [3mcode[0m[2m=[0m"159825" [3mwindow[0m[2m=[0m2025-04-04..2025-05-03 [3mtotal[0m[2m=[0m253050
[2m2026-09-02T18:47:24.405395Z[0m [32m INFO[0m [2mtushare_sync[0m[2m:[0m window synced [3mcode[0m[2m=[0m"159825" [3mwindow[0m[2m=[0m2025-05-04..2025-06-02 [3mtotal[0m[2m=[0m257629
[2m2026-09-02T18:47:25.420308Z[0m [32m INFO[0m [2mtushare_sync[0m[2m:[0m window synced [3mcode[0m[2m=[0m"159825" [3mwindow[0m[2m=[0m2025-06-03..2025-07-02 [3mtotal[0m[2m=[0m262931
[2m2026-09-02T18:47:26.388647Z[0m [32m INFO[0m [2mtushare_sync[0m[2m:[0m window synced [3mcode[0m[2m=[0m"159825" [3mwindow[0m[2m=[0m2025-07-03..2025-08-01 [3mtotal[0m[2m=[0m268233
[2m2026-09-02T18:47:27.410026Z[0m [32m INFO[0m [2mtushare_sync[0m[2m:[0m window synced [3mcode[0m[2m=[0m"159825" [3mwindow[0m[2m=[0m2025-08-02..2025-08-31 [3mtotal[0m[2m=[0m273053
[2m2026-09-02T18:47:28.403401Z[0m [32m INFO[0m [2mtushare_sync[0m[2m:[0m window synced [3mcode[0m[2m=[0m"159825" [3mwindow[0m[2m=[0m2025-09-01..2025-09-30 [3mtotal[0m[2m=[0m278355
[2m2026-09-02T18:47:29.404583Z[0m [32m INFO[0m [2mtushare_sync[0m[2m:[0m window synced [3mcode[0m[2m=[0m"159825" [3mwindow[0m[2m=[0m2025-10-01..2025-10-30 [3mtotal[0m[2m=[0m282211
[2m2026-09-02T18:47:30.411342Z[0m [32m INFO[0m [2mtushare_sync[0m[2m:[0m window synced [3mcode[0m[2m=[0m"159825" [3mwindow[0m[2m=[0m2025-10-31..2025-11-29 [3mtotal[0m[2m=[0m287272
[2m2026-09-02T18:47:31.434355Z[0m [32m INFO[0m [2mtushare_sync[0m[2m:[0m window synced [3mcode[0m[2m=[0m"159825" [3mwindow[0m[2m=[0m2025-11-30..2025-12-29 [3mtotal[0m[2m=[0m292333
[2m2026-09-02T18:47:32.407196Z[0m [32m INFO[0m [2mtushare_sync[0m[2m:[0m window synced [3mcode[0m[2m=[0m"159825" [3mwindow[0m[2m=[0m2025-12-30..2026-01-28 [3mtotal[0m[2m=[0m297153
[2m2026-09-02T18:47:33.361412Z[0m [32m INFO[0m [2mtushare_sync[0m[2m:[0m window synced [3mcode[0m[2m=[0m"159825" [3mwindow[0m[2m=[0m2026-01-29..2026-02-27 [3mtotal[0m[2m=[0m301009
[2m2026-09-02T18:47:34.408544Z[0m [32m INFO[0m [2mtushare_sync[0m[2m:[0m window synced [3mcode[0m[2m=[0m"159825" [3mwindow[0m[2m=[0m2026-02-28..2026-03-29 [3mtotal[0m[2m=[0m305829
[2m2026-09-02T18:47:35.394780Z[0m [32m INFO[0m [2mtushare_sync[0m[2m:[0m window synced [3mcode[0m[2m=[0m"159825" [3mwindow[0m[2m=[0m2026-03-30..2026-04-28 [3mtotal[0m[2m=[0m310890
[2m2026-09-02T18:47:36.406353Z[0m [32m INFO[0m [2mtushare_sync[0m[2m:[0m window synced [3mcode[0m[2m=[0m"159825" [3mwindow[0m[2m=[0m2026-04-29..2026-05-28 [3mtotal[0m[2m=[0m315469
[2m2026-09-02T18:47:37.423725Z[0m [32m INFO[0m [2mtushare_sync[0m[2m:[0m window synced [3mcode[0m[2m=[0m"159825" [3mwindow[0m[2m=[0m2026-05-29..2026-06-27 [3mtotal[0m[2m=[0m320289
[2m2026-09-02T18:47:38.410185Z[0m [32m INFO[0m [2mtushare_sync[0m[2m:[0m window synced [3mcode[0m[2m=[0m"159825" [3mwindow[0m[2m=[0m2026-06-28..2026-07-27 [3mtotal[0m[2m=[0m325350
[2m2026-09-02T18:47:39.414370Z[0m [32m INFO[0m [2mtushare_sync[0m[2m:[0m window synced [3mcode[0m[2m=[0m"159825" [3mwindow[0m[2m=[0m2026-07-28..2026-08-26 [3mtotal[0m[2m=[0m330652
[2m2026-09-02T18:47:40.296458Z[0m [32m INFO[0m [2mtushare_sync[0m[2m:[0m window synced [3mcode[0m[2m=[0m"159825" [3mwindow[0m[2m=[0m2026-08-27..2026-09-03 [3mtotal[0m[2m=[0m331857
[2m2026-09-02T18:47:40.296491Z[0m [32m INFO[0m [2mtushare_sync[0m[2m:[0m === sync done === [3mcode[0m[2m=[0m"159825" [3mbars[0m[2m=[0m331857
[2m2026-09-02T18:47:40.296498Z[0m [32m INFO[0m [2mtushare_sync[0m[2m:[0m === sync start === [3mcode[0m[2m=[0m"159842"
[2m2026-09-02T18:47:50.463929Z[0m [32m INFO[0m [2mtushare_sync[0m[2m:[0m first data year found [3mcode[0m[2m=[0m"159842" [3mfirst_year[0m[2m=[0m2021
[2m2026-09-02T18:47:51.282967Z[0m [32m INFO[0m [2mtushare_sync[0m[2m:[0m window synced [3mcode[0m[2m=[0m"159842" [3mwindow[0m[2m=[0m2021-01-01..2021-01-30 [3mtotal[0m[2m=[0m0
[2m2026-09-02T18:47:52.275427Z[0m [32m INFO[0m [2mtushare_sync[0m[2m:[0m window synced [3mcode[0m[2m=[0m"159842" [3mwindow[0m[2m=[0m2021-01-31..2021-03-01 [3mtotal[0m[2m=[0m0
[2m2026-09-02T18:47:53.458877Z[0m [32m INFO[0m [2mtushare_sync[0m[2m:[0m window synced [3mcode[0m[2m=[0m"159842" [3mwindow[0m[2m=[0m2021-03-02..2021-03-31 [3mtotal[0m[2m=[0m2169
[2m2026-09-02T18:47:54.435282Z[0m [32m INFO[0m [2mtushare_sync[0m[2m:[0m window synced [3mcode[0m[2m=[0m"159842" [3mwindow[0m[2m=[0m2021-04-01..2021-04-30 [3mtotal[0m[2m=[0m7230
[2m2026-09-02T18:47:55.416187Z[0m [32m INFO[0m [2mtushare_sync[0m[2m:[0m window synced [3mcode[0m[2m=[0m"159842" [3mwindow[0m[2m=[0m2021-05-01..2021-05-30 [3mtotal[0m[2m=[0m11327
[2m2026-09-02T18:47:56.462243Z[0m [32m INFO[0m [2mtushare_sync[0m[2m:[0m window synced [3mcode[0m[2m=[0m"159842" [3mwindow[0m[2m=[0m2021-05-31..2021-06-29 [3mtotal[0m[2m=[0m16388
[2m2026-09-02T18:47:57.551901Z[0m [32m INFO[0m [2mtushare_sync[0m[2m:[0m window synced [3mcode[0m[2m=[0m"159842" [3mwindow[0m[2m=[0m2021-06-30..2021-07-29 [3mtotal[0m[2m=[0m21690
[2m2026-09-02T18:47:58.430064Z[0m [32m INFO[0m [2mtushare_sync[0m[2m:[0m window synced [3mcode[0m[2m=[0m"159842" [3mwindow[0m[2m=[0m2021-07-30..2021-08-28 [3mtotal[0m[2m=[0m26751
[2m2026-09-02T18:47:59.426959Z[0m [32m INFO[0m [2mtushare_sync[0m[2m:[0m window synced [3mcode[0m[2m=[0m"159842" [3mwindow[0m[2m=[0m2021-08-29..2021-09-27 [3mtotal[0m[2m=[0m31330
[2m2026-09-02T18:48:00.414116Z[0m [32m INFO[0m [2mtushare_sync[0m[2m:[0m window synced [3mcode[0m[2m=[0m"159842" [3mwindow[0m[2m=[0m2021-09-28..2021-10-27 [3mtotal[0m[2m=[0m35427
[2m2026-09-02T18:48:01.456093Z[0m [32m INFO[0m [2mtushare_sync[0m[2m:[0m window synced [3mcode[0m[2m=[0m"159842" [3mwindow[0m[2m=[0m2021-10-28..2021-11-26 [3mtotal[0m[2m=[0m40729
[2m2026-09-02T18:48:02.440812Z[0m [32m INFO[0m [2mtushare_sync[0m[2m:[0m window synced [3mcode[0m[2m=[0m"159842" [3mwindow[0m[2m=[0m2021-11-27..2021-12-26 [3mtotal[0m[2m=[0m45549
[2m2026-09-02T18:48:03.448880Z[0m [32m INFO[0m [2mtushare_sync[0m[2m:[0m window synced [3mcode[0m[2m=[0m"159842" [3mwindow[0m[2m=[0m2021-12-27..2022-01-25 [3mtotal[0m[2m=[0m50610
[2m2026-09-02T18:48:04.483941Z[0m [32m INFO[0m [2mtushare_sync[0m[2m:[0m window synced [3mcode[0m[2m=[0m"159842" [3mwindow[0m[2m=[0m2022-01-26..2022-02-24 [3mtotal[0m[2m=[0m54707
[2m2026-09-02T18:48:05.546345Z[0m [32m INFO[0m [2mtushare_sync[0m[2m:[0m window synced [3mcode[0m[2m=[0m"159842" [3mwindow[0m[2m=[0m2022-02-25..2022-03-26 [3mtotal[0m[2m=[0m59768
[2m2026-09-02T18:48:06.841604Z[0m [32m INFO[0m [2mtushare_sync[0m[2m:[0m window synced [3mcode[0m[2m=[0m"159842" [3mwindow[0m[2m=[0m2022-03-27..2022-04-25 [3mtotal[0m[2m=[0m64347
[2m2026-09-02T18:48:07.531706Z[0m [32m INFO[0m [2mtushare_sync[0m[2m:[0m window synced [3mcode[0m[2m=[0m"159842" [3mwindow[0m[2m=[0m2022-04-26..2022-05-25 [3mtotal[0m[2m=[0m68926
[2m2026-09-02T18:48:08.537621Z[0m [32m INFO[0m [2mtushare_sync[0m[2m:[0m window synced [3mcode[0m[2m=[0m"159842" [3mwindow[0m[2m=[0m2022-05-26..2022-06-24 [3mtotal[0m[2m=[0m73987
[2m2026-09-02T18:48:09.455965Z[0m [32m INFO[0m [2mtushare_sync[0m[2m:[0m window synced [3mcode[0m[2m=[0m"159842" [3mwindow[0m[2m=[0m2022-06-25..2022-07-24 [3mtotal[0m[2m=[0m78807
[2m2026-09-02T18:48:10.471010Z[0m [32m INFO[0m [2mtushare_sync[0m[2m:[0m window synced [3mcode[0m[2m=[0m"159842" [3mwindow[0m[2m=[0m2022-07-25..2022-08-23 [3mtotal[0m[2m=[0m84109
[2m2026-09-02T18:48:11.450139Z[0m [32m INFO[0m [2mtushare_sync[0m[2m:[0m window synced [3mcode[0m[2m=[0m"159842" [3mwindow[0m[2m=[0m2022-08-24..2022-09-22 [3mtotal[0m[2m=[0m89170
[2m2026-09-02T18:48:12.433740Z[0m [32m INFO[0m [2mtushare_sync[0m[2m:[0m window synced [3mcode[0m[2m=[0m"159842" [3mwindow[0m[2m=[0m2022-09-23..2022-10-22 [3mtotal[0m[2m=[0m93026
[2m2026-09-02T18:48:13.473131Z[0m [32m INFO[0m [2mtushare_sync[0m[2m:[0m window synced [3mcode[0m[2m=[0m"159842" [3mwindow[0m[2m=[0m2022-10-23..2022-11-21 [3mtotal[0m[2m=[0m98087
[2m2026-09-02T18:48:14.472620Z[0m [32m INFO[0m [2mtushare_sync[0m[2m:[0m window synced [3mcode[0m[2m=[0m"159842" [3mwindow[0m[2m=[0m2022-11-22..2022-12-21 [3mtotal[0m[2m=[0m103389
[2m2026-09-02T18:48:15.508618Z[0m [32m INFO[0m [2mtushare_sync[0m[2m:[0m window synced [3mcode[0m[2m=[0m"159842" [3mwindow[0m[2m=[0m2022-12-22..2023-01-20 [3mtotal[0m[2m=[0m108450
[2m2026-09-02T18:48:16.576890Z[0m [32m INFO[0m [2mtushare_sync[0m[2m:[0m window synced [3mcode[0m[2m=[0m"159842" [3mwindow[0m[2m=[0m2023-01-21..2023-02-19 [3mtotal[0m[2m=[0m112065
[2m2026-09-02T18:48:17.479112Z[0m [32m INFO[0m [2mtushare_sync[0m[2m:[0m window synced [3mcode[0m[2m=[0m"159842" [3mwindow[0m[2m=[0m2023-02-20..2023-03-21 [3mtotal[0m[2m=[0m117367
[2m2026-09-02T18:48:18.501574Z[0m [32m INFO[0m [2mtushare_sync[0m[2m:[0m window synced [3mcode[0m[2m=[0m"159842" [3mwindow[0m[2m=[0m2023-03-22..2023-04-20 [3mtotal[0m[2m=[0m122428
[2m2026-09-02T18:48:19.490602Z[0m [32m INFO[0m [2mtushare_sync[0m[2m:[0m window synced [3mcode[0m[2m=[0m"159842" [3mwindow[0m[2m=[0m2023-04-21..2023-05-20 [3mtotal[0m[2m=[0m126766
[2m2026-09-02T18:48:20.523329Z[0m [32m INFO[0m [2mtushare_sync[0m[2m:[0m window synced [3mcode[0m[2m=[0m"159842" [3mwindow[0m[2m=[0m2023-05-21..2023-06-19 [3mtotal[0m[2m=[0m131827
[2m2026-09-02T18:48:21.514336Z[0m [32m INFO[0m [2mtushare_sync[0m[2m:[0m window synced [3mcode[0m[2m=[0m"159842" [3mwindow[0m[2m=[0m2023-06-20..2023-07-19 [3mtotal[0m[2m=[0m136647
[2m2026-09-02T18:48:22.514606Z[0m [32m INFO[0m [2mtushare_sync[0m[2m:[0m window synced [3mcode[0m[2m=[0m"159842" [3mwindow[0m[2m=[0m2023-07-20..2023-08-18 [3mtotal[0m[2m=[0m141949
[2m2026-09-02T18:48:23.519377Z[0m [32m INFO[0m [2mtushare_sync[0m[2m:[0m window synced [3mcode[0m[2m=[0m"159842" [3mwindow[0m[2m=[0m2023-08-19..2023-09-17 [3mtotal[0m[2m=[0m146769
[2m2026-09-02T18:48:24.458253Z[0m [32m INFO[0m [2mtushare_sync[0m[2m:[0m window synced [3mcode[0m[2m=[0m"159842" [3mwindow[0m[2m=[0m2023-09-18..2023-10-17 [3mtotal[0m[2m=[0m150625
[2m2026-09-02T18:48:25.517506Z[0m [32m INFO[0m [2mtushare_sync[0m[2m:[0m window synced [3mcode[0m[2m=[0m"159842" [3mwindow[0m[2m=[0m2023-10-18..2023-11-16 [3mtotal[0m[2m=[0m155927
[2m2026-09-02T18:48:26.519159Z[0m [32m INFO[0m [2mtushare_sync[0m[2m:[0m window synced [3mcode[0m[2m=[0m"159842" [3mwindow[0m[2m=[0m2023-11-17..2023-12-16 [3mtotal[0m[2m=[0m160988
[2m2026-09-02T18:48:27.502588Z[0m [32m INFO[0m [2mtushare_sync[0m[2m:[0m window synced [3mcode[0m[2m=[0m"159842" [3mwindow[0m[2m=[0m2023-12-17..2024-01-15 [3mtotal[0m[2m=[0m165808
[2m2026-09-02T18:48:28.482847Z[0m [32m INFO[0m [2mtushare_sync[0m[2m:[0m window synced [3mcode[0m[2m=[0m"159842" [3mwindow[0m[2m=[0m2024-01-16..2024-02-14 [3mtotal[0m[2m=[0m170146
[2m2026-09-02T18:48:29.487748Z[0m [32m INFO[0m [2mtushare_sync[0m[2m:[0m window synced [3mcode[0m[2m=[0m"159842" [3mwindow[0m[2m=[0m2024-02-15..2024-03-15 [3mtotal[0m[2m=[0m174966
[2m2026-09-02T18:48:30.500903Z[0m [32m INFO[0m [2mtushare_sync[0m[2m:[0m window synced [3mcode[0m[2m=[0m"159842" [3mwindow[0m[2m=[0m2024-03-16..2024-04-14 [3mtotal[0m[2m=[0m179304
[2m2026-09-02T18:48:31.518394Z[0m [32m INFO[0m [2mtushare_sync[0m[2m:[0m window synced [3mcode[0m[2m=[0m"159842" [3mwindow[0m[2m=[0m2024-04-15..2024-05-14 [3mtotal[0m[2m=[0m183883
[2m2026-09-02T18:48:32.532668Z[0m [32m INFO[0m [2mtushare_sync[0m[2m:[0m window synced [3mcode[0m[2m=[0m"159842" [3mwindow[0m[2m=[0m2024-05-15..2024-06-13 [3mtotal[0m[2m=[0m188944
[2m2026-09-02T18:48:33.523254Z[0m [32m INFO[0m [2mtushare_sync[0m[2m:[0m window synced [3mcode[0m[2m=[0m"159842" [3mwindow[0m[2m=[0m2024-06-14..2024-07-13 [3mtotal[0m[2m=[0m194005
[2m2026-09-02T18:48:34.514831Z[0m [32m INFO[0m [2mtushare_sync[0m[2m:[0m window synced [3mcode[0m[2m=[0m"159842" [3mwindow[0m[2m=[0m2024-07-14..2024-08-12 [3mtotal[0m[2m=[0m199066
[2m2026-09-02T18:48:35.505567Z[0m [32m INFO[0m [2mtushare_sync[0m[2m:[0m window synced [3mcode[0m[2m=[0m"159842" [3mwindow[0m[2m=[0m2024-08-13..2024-09-11 [3mtotal[0m[2m=[0m204368
[2m2026-09-02T18:48:36.518199Z[0m [32m INFO[0m [2mtushare_sync[0m[2m:[0m window synced [3mcode[0m[2m=[0m"159842" [3mwindow[0m[2m=[0m2024-09-12..2024-10-11 [3mtotal[0m[2m=[0m207983
[2m2026-09-02T18:48:37.505250Z[0m [32m INFO[0m [2mtushare_sync[0m[2m:[0m window synced [3mcode[0m[2m=[0m"159842" [3mwindow[0m[2m=[0m2024-10-12..2024-11-10 [3mtotal[0m[2m=[0m212803
[2m2026-09-02T18:48:38.546782Z[0m [32m INFO[0m [2mtushare_sync[0m[2m:[0m window synced [3mcode[0m[2m=[0m"159842" [3mwindow[0m[2m=[0m2024-11-11..2024-12-10 [3mtotal[0m[2m=[0m218105
[2m2026-09-02T18:48:39.501273Z[0m [32m INFO[0m [2mtushare_sync[0m[2m:[0m window synced [3mcode[0m[2m=[0m"159842" [3mwindow[0m[2m=[0m2024-12-11..2025-01-09 [3mtotal[0m[2m=[0m223166
[2m2026-09-02T18:48:40.649356Z[0m [32m INFO[0m [2mtushare_sync[0m[2m:[0m window synced [3mcode[0m[2m=[0m"159842" [3mwindow[0m[2m=[0m2025-01-10..2025-02-08 [3mtotal[0m[2m=[0m226781
[2m2026-09-02T18:48:41.701659Z[0m [32m INFO[0m [2mtushare_sync[0m[2m:[0m window synced [3mcode[0m[2m=[0m"159842" [3mwindow[0m[2m=[0m2025-02-09..2025-03-10 [3mtotal[0m[2m=[0m231842
[2m2026-09-02T18:48:42.498938Z[0m [32m INFO[0m [2mtushare_sync[0m[2m:[0m window synced [3mcode[0m[2m=[0m"159842" [3mwindow[0m[2m=[0m2025-03-11..2025-04-09 [3mtotal[0m[2m=[0m236903
[2m2026-09-02T18:48:43.515925Z[0m [32m INFO[0m [2mtushare_sync[0m[2m:[0m window synced [3mcode[0m[2m=[0m"159842" [3mwindow[0m[2m=[0m2025-04-10..2025-05-09 [3mtotal[0m[2m=[0m241482
[2m2026-09-02T18:48:44.495260Z[0m [32m INFO[0m [2mtushare_sync[0m[2m:[0m window synced [3mcode[0m[2m=[0m"159842" [3mwindow[0m[2m=[0m2025-05-10..2025-06-08 [3mtotal[0m[2m=[0m246061
[2m2026-09-02T18:48:45.562489Z[0m [32m INFO[0m [2mtushare_sync[0m[2m:[0m window synced [3mcode[0m[2m=[0m"159842" [3mwindow[0m[2m=[0m2025-06-09..2025-07-08 [3mtotal[0m[2m=[0m251363
[2m2026-09-02T18:48:46.512531Z[0m [32m INFO[0m [2mtushare_sync[0m[2m:[0m window synced [3mcode[0m[2m=[0m"159842" [3mwindow[0m[2m=[0m2025-07-09..2025-08-07 [3mtotal[0m[2m=[0m256665
[2m2026-09-02T18:48:47.521844Z[0m [32m INFO[0m [2mtushare_sync[0m[2m:[0m window synced [3mcode[0m[2m=[0m"159842" [3mwindow[0m[2m=[0m2025-08-08..2025-09-06 [3mtotal[0m[2m=[0m261726
[2m2026-09-02T18:48:48.489841Z[0m [32m INFO[0m [2mtushare_sync[0m[2m:[0m window synced [3mcode[0m[2m=[0m"159842" [3mwindow[0m[2m=[0m2025-09-07..2025-10-06 [3mtotal[0m[2m=[0m265823
[2m2026-09-02T18:48:49.521076Z[0m [32m INFO[0m [2mtushare_sync[0m[2m:[0m window synced [3mcode[0m[2m=[0m"159842" [3mwindow[0m[2m=[0m2025-10-07..2025-11-05 [3mtotal[0m[2m=[0m270643
[2m2026-09-02T18:48:50.526316Z[0m [32m INFO[0m [2mtushare_sync[0m[2m:[0m window synced [3mcode[0m[2m=[0m"159842" [3mwindow[0m[2m=[0m2025-11-06..2025-12-05 [3mtotal[0m[2m=[0m275945
[2m2026-09-02T18:48:51.528696Z[0m [32m INFO[0m [2mtushare_sync[0m[2m:[0m window synced [3mcode[0m[2m=[0m"159842" [3mwindow[0m[2m=[0m2025-12-06..2026-01-04 [3mtotal[0m[2m=[0m280283
[2m2026-09-02T18:48:52.517745Z[0m [32m INFO[0m [2mtushare_sync[0m[2m:[0m window synced [3mcode[0m[2m=[0m"159842" [3mwindow[0m[2m=[0m2026-01-05..2026-02-03 [3mtotal[0m[2m=[0m285585
[2m2026-09-02T18:48:53.458849Z[0m [32m INFO[0m [2mtushare_sync[0m[2m:[0m window synced [3mcode[0m[2m=[0m"159842" [3mwindow[0m[2m=[0m2026-02-04..2026-03-05 [3mtotal[0m[2m=[0m289441
[2m2026-09-02T18:48:54.494135Z[0m [32m INFO[0m [2mtushare_sync[0m[2m:[0m window synced [3mcode[0m[2m=[0m"159842" [3mwindow[0m[2m=[0m2026-03-06..2026-04-04 [3mtotal[0m[2m=[0m294502
[2m2026-09-02T18:48:55.607507Z[0m [32m INFO[0m [2mtushare_sync[0m[2m:[0m window synced [3mcode[0m[2m=[0m"159842" [3mwindow[0m[2m=[0m2026-04-05..2026-05-04 [3mtotal[0m[2m=[0m298840
[2m2026-09-02T18:48:56.516761Z[0m [32m INFO[0m [2mtushare_sync[0m[2m:[0m window synced [3mcode[0m[2m=[0m"159842" [3mwindow[0m[2m=[0m2026-05-05..2026-06-03 [3mtotal[0m[2m=[0m303901
[2m2026-09-02T18:48:57.526584Z[0m [32m INFO[0m [2mtushare_sync[0m[2m:[0m window synced [3mcode[0m[2m=[0m"159842" [3mwindow[0m[2m=[0m2026-06-04..2026-07-03 [3mtotal[0m[2m=[0m308962
[2m2026-09-02T18:48:58.520767Z[0m [32m INFO[0m [2mtushare_sync[0m[2m:[0m window synced [3mcode[0m[2m=[0m"159842" [3mwindow[0m[2m=[0m2026-07-04..2026-08-02 [3mtotal[0m[2m=[0m313782
[2m2026-09-02T18:48:59.521184Z[0m [32m INFO[0m [2mtushare_sync[0m[2m:[0m window synced [3mcode[0m[2m=[0m"159842" [3mwindow[0m[2m=[0m2026-08-03..2026-09-01 [3mtotal[0m[2m=[0m319084
[2m2026-09-02T18:49:00.377675Z[0m [32m INFO[0m [2mtushare_sync[0m[2m:[0m window synced [3mcode[0m[2m=[0m"159842" [3mwindow[0m[2m=[0m2026-09-02..2026-09-03 [3mtotal[0m[2m=[0m319325
[2m2026-09-02T18:49:00.377706Z[0m [32m INFO[0m [2mtushare_sync[0m[2m:[0m === sync done === [3mcode[0m[2m=[0m"159842" [3mbars[0m[2m=[0m319325
[2m2026-09-02T18:49:00.377714Z[0m [32m INFO[0m [2mtushare_sync[0m[2m:[0m === sync start === [3mcode[0m[2m=[0m"159869"
[2m2026-09-02T18:49:10.681120Z[0m [32m INFO[0m [2mtushare_sync[0m[2m:[0m first data year found [3mcode[0m[2m=[0m"159869" [3mfirst_year[0m[2m=[0m2021
[2m2026-09-02T18:49:11.404418Z[0m [32m INFO[0m [2mtushare_sync[0m[2m:[0m window synced [3mcode[0m[2m=[0m"159869" [3mwindow[0m[2m=[0m2021-01-01..2021-01-30 [3mtotal[0m[2m=[0m0
[2m2026-09-02T18:49:12.427328Z[0m [32m INFO[0m [2mtushare_sync[0m[2m:[0m window synced [3mcode[0m[2m=[0m"159869" [3mwindow[0m[2m=[0m2021-01-31..2021-03-01 [3mtotal[0m[2m=[0m0
[2m2026-09-02T18:49:13.583089Z[0m [32m INFO[0m [2mtushare_sync[0m[2m:[0m window synced [3mcode[0m[2m=[0m"159869" [3mwindow[0m[2m=[0m2021-03-02..2021-03-31 [3mtotal[0m[2m=[0m4579
[2m2026-09-02T18:49:14.557392Z[0m [32m INFO[0m [2mtushare_sync[0m[2m:[0m window synced [3mcode[0m[2m=[0m"159869" [3mwindow[0m[2m=[0m2021-04-01..2021-04-30 [3mtotal[0m[2m=[0m9640
[2m2026-09-02T18:49:15.501135Z[0m [32m INFO[0m [2mtushare_sync[0m[2m:[0m window synced [3mcode[0m[2m=[0m"159869" [3mwindow[0m[2m=[0m2021-05-01..2021-05-30 [3mtotal[0m[2m=[0m13737
[2m2026-09-02T18:49:16.533754Z[0m [32m INFO[0m [2mtushare_sync[0m[2m:[0m window synced [3mcode[0m[2m=[0m"159869" [3mwindow[0m[2m=[0m2021-05-31..2021-06-29 [3mtotal[0m[2m=[0m18798
[2m2026-09-02T18:49:17.537278Z[0m [32m INFO[0m [2mtushare_sync[0m[2m:[0m window synced [3mcode[0m[2m=[0m"159869" [3mwindow[0m[2m=[0m2021-06-30..2021-07-29 [3mtotal[0m[2m=[0m24100
[2m2026-09-02T18:49:18.531066Z[0m [32m INFO[0m [2mtushare_sync[0m[2m:[0m window synced [3mcode[0m[2m=[0m"159869" [3mwindow[0m[2m=[0m2021-07-30..2021-08-28 [3mtotal[0m[2m=[0m29161
[2m2026-09-02T18:49:19.517066Z[0m [32m INFO[0m [2mtushare_sync[0m[2m:[0m window synced [3mcode[0m[2m=[0m"159869" [3mwindow[0m[2m=[0m2021-08-29..2021-09-27 [3mtotal[0m[2m=[0m33740
[2m2026-09-02T18:49:20.518992Z[0m [32m INFO[0m [2mtushare_sync[0m[2m:[0m window synced [3mcode[0m[2m=[0m"159869" [3mwindow[0m[2m=[0m2021-09-28..2021-10-27 [3mtotal[0m[2m=[0m37837
[2m2026-09-02T18:49:21.556551Z[0m [32m INFO[0m [2mtushare_sync[0m[2m:[0m window synced [3mcode[0m[2m=[0m"159869" [3mwindow[0m[2m=[0m2021-10-28..2021-11-26 [3mtotal[0m[2m=[0m43139
[2m2026-09-02T18:49:22.533180Z[0m [32m INFO[0m [2mtushare_sync[0m[2m:[0m window synced [3mcode[0m[2m=[0m"159869" [3mwindow[0m[2m=[0m2021-11-27..2021-12-26 [3mtotal[0m[2m=[0m47959
[2m2026-09-02T18:49:23.548679Z[0m [32m INFO[0m [2mtushare_sync[0m[2m:[0m window synced [3mcode[0m[2m=[0m"159869" [3mwindow[0m[2m=[0m2021-12-27..2022-01-25 [3mtotal[0m[2m=[0m53020
[2m2026-09-02T18:49:24.519575Z[0m [32m INFO[0m [2mtushare_sync[0m[2m:[0m window synced [3mcode[0m[2m=[0m"159869" [3mwindow[0m[2m=[0m2022-01-26..2022-02-24 [3mtotal[0m[2m=[0m57117
[2m2026-09-02T18:49:25.542158Z[0m [32m INFO[0m [2mtushare_sync[0m[2m:[0m window synced [3mcode[0m[2m=[0m"159869" [3mwindow[0m[2m=[0m2022-02-25..2022-03-26 [3mtotal[0m[2m=[0m62178
[2m2026-09-02T18:49:26.633023Z[0m [32m INFO[0m [2mtushare_sync[0m[2m:[0m window synced [3mcode[0m[2m=[0m"159869" [3mwindow[0m[2m=[0m2022-03-27..2022-04-25 [3mtotal[0m[2m=[0m66757
[2m2026-09-02T18:49:27.548731Z[0m [32m INFO[0m [2mtushare_sync[0m[2m:[0m window synced [3mcode[0m[2m=[0m"159869" [3mwindow[0m[2m=[0m2022-04-26..2022-05-25 [3mtotal[0m[2m=[0m71336
[2m2026-09-02T18:49:28.750568Z[0m [32m INFO[0m [2mtushare_sync[0m[2m:[0m window synced [3mcode[0m[2m=[0m"159869" [3mwindow[0m[2m=[0m2022-05-26..2022-06-24 [3mtotal[0m[2m=[0m76397
[2m2026-09-02T18:49:29.555339Z[0m [32m INFO[0m [2mtushare_sync[0m[2m:[0m window synced [3mcode[0m[2m=[0m"159869" [3mwindow[0m[2m=[0m2022-06-25..2022-07-24 [3mtotal[0m[2m=[0m81217
[2m2026-09-02T18:49:30.591632Z[0m [32m INFO[0m [2mtushare_sync[0m[2m:[0m window synced [3mcode[0m[2m=[0m"159869" [3mwindow[0m[2m=[0m2022-07-25..2022-08-23 [3mtotal[0m[2m=[0m86519
[2m2026-09-02T18:49:31.579222Z[0m [32m INFO[0m [2mtushare_sync[0m[2m:[0m window synced [3mcode[0m[2m=[0m"159869" [3mwindow[0m[2m=[0m2022-08-24..2022-09-22 [3mtotal[0m[2m=[0m91580
[2m2026-09-02T18:49:32.538649Z[0m [32m INFO[0m [2mtushare_sync[0m[2m:[0m window synced [3mcode[0m[2m=[0m"159869" [3mwindow[0m[2m=[0m2022-09-23..2022-10-22 [3mtotal[0m[2m=[0m95436
[2m2026-09-02T18:49:33.550160Z[0m [32m INFO[0m [2mtushare_sync[0m[2m:[0m window synced [3mcode[0m[2m=[0m"159869" [3mwindow[0m[2m=[0m2022-10-23..2022-11-21 [3mtotal[0m[2m=[0m100497
[2m2026-09-02T18:49:34.559754Z[0m [32m INFO[0m [2mtushare_sync[0m[2m:[0m window synced [3mcode[0m[2m=[0m"159869" [3mwindow[0m[2m=[0m2022-11-22..2022-12-21 [3mtotal[0m[2m=[0m105799
[2m2026-09-02T18:49:35.597262Z[0m [32m INFO[0m [2mtushare_sync[0m[2m:[0m window synced [3mcode[0m[2m=[0m"159869" [3mwindow[0m[2m=[0m2022-12-22..2023-01-20 [3mtotal[0m[2m=[0m110860
[2m2026-09-02T18:49:36.557061Z[0m [32m INFO[0m [2mtushare_sync[0m[2m:[0m window synced [3mcode[0m[2m=[0m"159869" [3mwindow[0m[2m=[0m2023-01-21..2023-02-19 [3mtotal[0m[2m=[0m114475
[2m2026-09-02T18:49:37.625344Z[0m [32m INFO[0m [2mtushare_sync[0m[2m:[0m window synced [3mcode[0m[2m=[0m"159869" [3mwindow[0m[2m=[0m2023-02-20..2023-03-21 [3mtotal[0m[2m=[0m119777
[2m2026-09-02T18:49:38.596071Z[0m [32m INFO[0m [2mtushare_sync[0m[2m:[0m window synced [3mcode[0m[2m=[0m"159869" [3mwindow[0m[2m=[0m2023-03-22..2023-04-20 [3mtotal[0m[2m=[0m124838
[2m2026-09-02T18:49:39.596884Z[0m [32m INFO[0m [2mtushare_sync[0m[2m:[0m window synced [3mcode[0m[2m=[0m"159869" [3mwindow[0m[2m=[0m2023-04-21..2023-05-20 [3mtotal[0m[2m=[0m129176
[2m2026-09-02T18:49:40.612875Z[0m [32m INFO[0m [2mtushare_sync[0m[2m:[0m window synced [3mcode[0m[2m=[0m"159869" [3mwindow[0m[2m=[0m2023-05-21..2023-06-19 [3mtotal[0m[2m=[0m134237
[2m2026-09-02T18:49:41.573934Z[0m [32m INFO[0m [2mtushare_sync[0m[2m:[0m window synced [3mcode[0m[2m=[0m"159869" [3mwindow[0m[2m=[0m2023-06-20..2023-07-19 [3mtotal[0m[2m=[0m139057
[2m2026-09-02T18:49:42.595571Z[0m [32m INFO[0m [2mtushare_sync[0m[2m:[0m window synced [3mcode[0m[2m=[0m"159869" [3mwindow[0m[2m=[0m2023-07-20..2023-08-18 [3mtotal[0m[2m=[0m144359
[2m2026-09-02T18:49:43.654205Z[0m [32m INFO[0m [2mtushare_sync[0m[2m:[0m window synced [3mcode[0m[2m=[0m"159869" [3mwindow[0m[2m=[0m2023-08-19..2023-09-17 [3mtotal[0m[2m=[0m149179
[2m2026-09-02T18:49:44.575954Z[0m [32m INFO[0m [2mtushare_sync[0m[2m:[0m window synced [3mcode[0m[2m=[0m"159869" [3mwindow[0m[2m=[0m2023-09-18..2023-10-17 [3mtotal[0m[2m=[0m153035
[2m2026-09-02T18:49:45.628361Z[0m [32m INFO[0m [2mtushare_sync[0m[2m:[0m window synced [3mcode[0m[2m=[0m"159869" [3mwindow[0m[2m=[0m2023-10-18..2023-11-16 [3mtotal[0m[2m=[0m158337
[2m2026-09-02T18:49:47.005954Z[0m [32m INFO[0m [2mtushare_sync[0m[2m:[0m window synced [3mcode[0m[2m=[0m"159869" [3mwindow[0m[2m=[0m2023-11-17..2023-12-16 [3mtotal[0m[2m=[0m163398
[2m2026-09-02T18:49:47.607883Z[0m [32m INFO[0m [2mtushare_sync[0m[2m:[0m window synced [3mcode[0m[2m=[0m"159869" [3mwindow[0m[2m=[0m2023-12-17..2024-01-15 [3mtotal[0m[2m=[0m168218
[2m2026-09-02T18:49:48.564648Z[0m [32m INFO[0m [2mtushare_sync[0m[2m:[0m window synced [3mcode[0m[2m=[0m"159869" [3mwindow[0m[2m=[0m2024-01-16..2024-02-14 [3mtotal[0m[2m=[0m172556
[2m2026-09-02T18:49:49.623374Z[0m [32m INFO[0m [2mtushare_sync[0m[2m:[0m window synced [3mcode[0m[2m=[0m"159869" [3mwindow[0m[2m=[0m2024-02-15..2024-03-15 [3mtotal[0m[2m=[0m177376
[2m2026-09-02T18:49:50.589822Z[0m [32m INFO[0m [2mtushare_sync[0m[2m:[0m window synced [3mcode[0m[2m=[0m"159869" [3mwindow[0m[2m=[0m2024-03-16..2024-04-14 [3mtotal[0m[2m=[0m181714
[2m2026-09-02T18:49:51.608918Z[0m [32m INFO[0m [2mtushare_sync[0m[2m:[0m window synced [3mcode[0m[2m=[0m"159869" [3mwindow[0m[2m=[0m2024-04-15..2024-05-14 [3mtotal[0m[2m=[0m186293
[2m2026-09-02T18:49:52.610044Z[0m [32m INFO[0m [2mtushare_sync[0m[2m:[0m window synced [3mcode[0m[2m=[0m"159869" [3mwindow[0m[2m=[0m2024-05-15..2024-06-13 [3mtotal[0m[2m=[0m191354
[2m2026-09-02T18:49:53.583753Z[0m [32m INFO[0m [2mtushare_sync[0m[2m:[0m window synced [3mcode[0m[2m=[0m"159869" [3mwindow[0m[2m=[0m2024-06-14..2024-07-13 [3mtotal[0m[2m=[0m196415
[2m2026-09-02T18:49:54.596773Z[0m [32m INFO[0m [2mtushare_sync[0m[2m:[0m window synced [3mcode[0m[2m=[0m"159869" [3mwindow[0m[2m=[0m2024-07-14..2024-08-12 [3mtotal[0m[2m=[0m201476
[2m2026-09-02T18:49:55.656577Z[0m [32m INFO[0m [2mtushare_sync[0m[2m:[0m window synced [3mcode[0m[2m=[0m"159869" [3mwindow[0m[2m=[0m2024-08-13..2024-09-11 [3mtotal[0m[2m=[0m206778
[2m2026-09-02T18:49:56.574825Z[0m [32m INFO[0m [2mtushare_sync[0m[2m:[0m window synced [3mcode[0m[2m=[0m"159869" [3mwindow[0m[2m=[0m2024-09-12..2024-10-11 [3mtotal[0m[2m=[0m210393
[2m2026-09-02T18:49:57.625561Z[0m [32m INFO[0m [2mtushare_sync[0m[2m:[0m window synced [3mcode[0m[2m=[0m"159869" [3mwindow[0m[2m=[0m2024-10-12..2024-11-10 [3mtotal[0m[2m=[0m215213
[2m2026-09-02T18:49:58.627676Z[0m [32m INFO[0m [2mtushare_sync[0m[2m:[0m window synced [3mcode[0m[2m=[0m"159869" [3mwindow[0m[2m=[0m2024-11-11..2024-12-10 [3mtotal[0m[2m=[0m220515
[2m2026-09-02T18:49:59.605223Z[0m [32m INFO[0m [2mtushare_sync[0m[2m:[0m window synced [3mcode[0m[2m=[0m"159869" [3mwindow[0m[2m=[0m2024-12-11..2025-01-09 [3mtotal[0m[2m=[0m225576
[2m2026-09-02T18:50:00.549478Z[0m [32m INFO[0m [2mtushare_sync[0m[2m:[0m window synced [3mcode[0m[2m=[0m"159869" [3mwindow[0m[2m=[0m2025-01-10..2025-02-08 [3mtotal[0m[2m=[0m229191
[2m2026-09-02T18:50:01.608882Z[0m [32m INFO[0m [2mtushare_sync[0m[2m:[0m window synced [3mcode[0m[2m=[0m"159869" [3mwindow[0m[2m=[0m2025-02-09..2025-03-10 [3mtotal[0m[2m=[0m234252
[2m2026-09-02T18:50:02.663273Z[0m [32m INFO[0m [2mtushare_sync[0m[2m:[0m window synced [3mcode[0m[2m=[0m"159869" [3mwindow[0m[2m=[0m2025-03-11..2025-04-09 [3mtotal[0m[2m=[0m239313
[2m2026-09-02T18:50:03.568129Z[0m [32m INFO[0m [2mtushare_sync[0m[2m:[0m window synced [3mcode[0m[2m=[0m"159869" [3mwindow[0m[2m=[0m2025-04-10..2025-05-09 [3mtotal[0m[2m=[0m243892
[2m2026-09-02T18:50:04.615025Z[0m [32m INFO[0m [2mtushare_sync[0m[2m:[0m window synced [3mcode[0m[2m=[0m"159869" [3mwindow[0m[2m=[0m2025-05-10..2025-06-08 [3mtotal[0m[2m=[0m248471
[2m2026-09-02T18:50:05.668351Z[0m [32m INFO[0m [2mtushare_sync[0m[2m:[0m window synced [3mcode[0m[2m=[0m"159869" [3mwindow[0m[2m=[0m2025-06-09..2025-07-08 [3mtotal[0m[2m=[0m253773
[2m2026-09-02T18:50:06.633238Z[0m [32m INFO[0m [2mtushare_sync[0m[2m:[0m window synced [3mcode[0m[2m=[0m"159869" [3mwindow[0m[2m=[0m2025-07-09..2025-08-07 [3mtotal[0m[2m=[0m259075
[2m2026-09-02T18:50:07.689132Z[0m [32m INFO[0m [2mtushare_sync[0m[2m:[0m window synced [3mcode[0m[2m=[0m"159869" [3mwindow[0m[2m=[0m2025-08-08..2025-09-06 [3mtotal[0m[2m=[0m264136
[2m2026-09-02T18:50:08.630677Z[0m [32m INFO[0m [2mtushare_sync[0m[2m:[0m window synced [3mcode[0m[2m=[0m"159869" [3mwindow[0m[2m=[0m2025-09-07..2025-10-06 [3mtotal[0m[2m=[0m268233
[2m2026-09-02T18:50:09.715068Z[0m [32m INFO[0m [2mtushare_sync[0m[2m:[0m window synced [3mcode[0m[2m=[0m"159869" [3mwindow[0m[2m=[0m2025-10-07..2025-11-05 [3mtotal[0m[2m=[0m273053
[2m2026-09-02T18:50:10.636437Z[0m [32m INFO[0m [2mtushare_sync[0m[2m:[0m window synced [3mcode[0m[2m=[0m"159869" [3mwindow[0m[2m=[0m2025-11-06..2025-12-05 [3mtotal[0m[2m=[0m278355
[2m2026-09-02T18:50:11.583105Z[0m [32m INFO[0m [2mtushare_sync[0m[2m:[0m window synced [3mcode[0m[2m=[0m"159869" [3mwindow[0m[2m=[0m2025-12-06..2026-01-04 [3mtotal[0m[2m=[0m282693
[2m2026-09-02T18:50:12.619483Z[0m [32m INFO[0m [2mtushare_sync[0m[2m:[0m window synced [3mcode[0m[2m=[0m"159869" [3mwindow[0m[2m=[0m2026-01-05..2026-02-03 [3mtotal[0m[2m=[0m287995
[2m2026-09-02T18:50:13.569370Z[0m [32m INFO[0m [2mtushare_sync[0m[2m:[0m window synced [3mcode[0m[2m=[0m"159869" [3mwindow[0m[2m=[0m2026-02-04..2026-03-05 [3mtotal[0m[2m=[0m291851
[2m2026-09-02T18:50:14.591269Z[0m [32m INFO[0m [2mtushare_sync[0m[2m:[0m window synced [3mcode[0m[2m=[0m"159869" [3mwindow[0m[2m=[0m2026-03-06..2026-04-04 [3mtotal[0m[2m=[0m296912
[2m2026-09-02T18:50:15.579061Z[0m [32m INFO[0m [2mtushare_sync[0m[2m:[0m window synced [3mcode[0m[2m=[0m"159869" [3mwindow[0m[2m=[0m2026-04-05..2026-05-04 [3mtotal[0m[2m=[0m301250
[2m2026-09-02T18:50:16.617476Z[0m [32m INFO[0m [2mtushare_sync[0m[2m:[0m window synced [3mcode[0m[2m=[0m"159869" [3mwindow[0m[2m=[0m2026-05-05..2026-06-03 [3mtotal[0m[2m=[0m306311
[2m2026-09-02T18:50:17.583453Z[0m [32m INFO[0m [2mtushare_sync[0m[2m:[0m window synced [3mcode[0m[2m=[0m"159869" [3mwindow[0m[2m=[0m2026-06-04..2026-07-03 [3mtotal[0m[2m=[0m311372
[2m2026-09-02T18:50:18.600042Z[0m [32m INFO[0m [2mtushare_sync[0m[2m:[0m window synced [3mcode[0m[2m=[0m"159869" [3mwindow[0m[2m=[0m2026-07-04..2026-08-02 [3mtotal[0m[2m=[0m316192
[2m2026-09-02T18:50:19.683255Z[0m [32m INFO[0m [2mtushare_sync[0m[2m:[0m window synced [3mcode[0m[2m=[0m"159869" [3mwindow[0m[2m=[0m2026-08-03..2026-09-01 [3mtotal[0m[2m=[0m321494
[2m2026-09-02T18:50:20.501347Z[0m [32m INFO[0m [2mtushare_sync[0m[2m:[0m window synced [3mcode[0m[2m=[0m"159869" [3mwindow[0m[2m=[0m2026-09-02..2026-09-03 [3mtotal[0m[2m=[0m321735
[2m2026-09-02T18:50:20.501379Z[0m [32m INFO[0m [2mtushare_sync[0m[2m:[0m === sync done === [3mcode[0m[2m=[0m"159869" [3mbars[0m[2m=[0m321735
[2m2026-09-02T18:50:20.501386Z[0m [32m INFO[0m [2mtushare_sync[0m[2m:[0m === sync start === [3mcode[0m[2m=[0m"159870"
[2m2026-09-02T18:50:30.655918Z[0m [32m INFO[0m [2mtushare_sync[0m[2m:[0m first data year found [3mcode[0m[2m=[0m"159870" [3mfirst_year[0m[2m=[0m2021
[2m2026-09-02T18:50:31.458364Z[0m [32m INFO[0m [2mtushare_sync[0m[2m:[0m window synced [3mcode[0m[2m=[0m"159870" [3mwindow[0m[2m=[0m2021-01-01..2021-01-30 [3mtotal[0m[2m=[0m0
[2m2026-09-02T18:50:32.472421Z[0m [32m INFO[0m [2mtushare_sync[0m[2m:[0m window synced [3mcode[0m[2m=[0m"159870" [3mwindow[0m[2m=[0m2021-01-31..2021-03-01 [3mtotal[0m[2m=[0m0
[2m2026-09-02T18:50:33.637016Z[0m [32m INFO[0m [2mtushare_sync[0m[2m:[0m window synced [3mcode[0m[2m=[0m"159870" [3mwindow[0m[2m=[0m2021-03-02..2021-03-31 [3mtotal[0m[2m=[0m5061
[2m2026-09-02T18:50:34.621432Z[0m [32m INFO[0m [2mtushare_sync[0m[2m:[0m window synced [3mcode[0m[2m=[0m"159870" [3mwindow[0m[2m=[0m2021-04-01..2021-04-30 [3mtotal[0m[2m=[0m10122
[2m2026-09-02T18:50:35.600412Z[0m [32m INFO[0m [2mtushare_sync[0m[2m:[0m window synced [3mcode[0m[2m=[0m"159870" [3mwindow[0m[2m=[0m2021-05-01..2021-05-30 [3mtotal[0m[2m=[0m14219
[2m2026-09-02T18:50:36.650998Z[0m [32m INFO[0m [2mtushare_sync[0m[2m:[0m window synced [3mcode[0m[2m=[0m"159870" [3mwindow[0m[2m=[0m2021-05-31..2021-06-29 [3mtotal[0m[2m=[0m19280
[2m2026-09-02T18:50:37.633407Z[0m [32m INFO[0m [2mtushare_sync[0m[2m:[0m window synced [3mcode[0m[2m=[0m"159870" [3mwindow[0m[2m=[0m2021-06-30..2021-07-29 [3mtotal[0m[2m=[0m24582
[2m2026-09-02T18:50:38.657892Z[0m [32m INFO[0m [2mtushare_sync[0m[2m:[0m window synced [3mcode[0m[2m=[0m"159870" [3mwindow[0m[2m=[0m2021-07-30..2021-08-28 [3mtotal[0m[2m=[0m29643
[2m2026-09-02T18:50:39.644382Z[0m [32m INFO[0m [2mtushare_sync[0m[2m:[0m window synced [3mcode[0m[2m=[0m"159870" [3mwindow[0m[2m=[0m2021-08-29..2021-09-27 [3mtotal[0m[2m=[0m34222
[2m2026-09-02T18:50:40.616574Z[0m [32m INFO[0m [2mtushare_sync[0m[2m:[0m window synced [3mcode[0m[2m=[0m"159870" [3mwindow[0m[2m=[0m2021-09-28..2021-10-27 [3mtotal[0m[2m=[0m38319
[2m2026-09-02T18:50:41.643085Z[0m [32m INFO[0m [2mtushare_sync[0m[2m:[0m window synced [3mcode[0m[2m=[0m"159870" [3mwindow[0m[2m=[0m2021-10-28..2021-11-26 [3mtotal[0m[2m=[0m43621
[2m2026-09-02T18:50:42.627162Z[0m [32m INFO[0m [2mtushare_sync[0m[2m:[0m window synced [3mcode[0m[2m=[0m"159870" [3mwindow[0m[2m=[0m2021-11-27..2021-12-26 [3mtotal[0m[2m=[0m48441
[2m2026-09-02T18:50:43.631813Z[0m [32m INFO[0m [2mtushare_sync[0m[2m:[0m window synced [3mcode[0m[2m=[0m"159870" [3mwindow[0m[2m=[0m2021-12-27..2022-01-25 [3mtotal[0m[2m=[0m53502
[2m2026-09-02T18:50:44.625772Z[0m [32m INFO[0m [2mtushare_sync[0m[2m:[0m window synced [3mcode[0m[2m=[0m"159870" [3mwindow[0m[2m=[0m2022-01-26..2022-02-24 [3mtotal[0m[2m=[0m57599
[2m2026-09-02T18:50:45.643140Z[0m [32m INFO[0m [2mtushare_sync[0m[2m:[0m window synced [3mcode[0m[2m=[0m"159870" [3mwindow[0m[2m=[0m2022-02-25..2022-03-26 [3mtotal[0m[2m=[0m62660
[2m2026-09-02T18:50:46.638868Z[0m [32m INFO[0m [2mtushare_sync[0m[2m:[0m window synced [3mcode[0m[2m=[0m"159870" [3mwindow[0m[2m=[0m2022-03-27..2022-04-25 [3mtotal[0m[2m=[0m67239
[2m2026-09-02T18:50:47.648245Z[0m [32m INFO[0m [2mtushare_sync[0m[2m:[0m window synced [3mcode[0m[2m=[0m"159870" [3mwindow[0m[2m=[0m2022-04-26..2022-05-25 [3mtotal[0m[2m=[0m71818
[2m2026-09-02T18:50:48.640658Z[0m [32m INFO[0m [2mtushare_sync[0m[2m:[0m window synced [3mcode[0m[2m=[0m"159870" [3mwindow[0m[2m=[0m2022-05-26..2022-06-24 [3mtotal[0m[2m=[0m76879
[2m2026-09-02T18:50:49.638743Z[0m [32m INFO[0m [2mtushare_sync[0m[2m:[0m window synced [3mcode[0m[2m=[0m"159870" [3mwindow[0m[2m=[0m2022-06-25..2022-07-24 [3mtotal[0m[2m=[0m81699
[2m2026-09-02T18:50:50.658597Z[0m [32m INFO[0m [2mtushare_sync[0m[2m:[0m window synced [3mcode[0m[2m=[0m"159870" [3mwindow[0m[2m=[0m2022-07-25..2022-08-23 [3mtotal[0m[2m=[0m87001
[2m2026-09-02T18:50:51.650388Z[0m [32m INFO[0m [2mtushare_sync[0m[2m:[0m window synced [3mcode[0m[2m=[0m"159870" [3mwindow[0m[2m=[0m2022-08-24..2022-09-22 [3mtotal[0m[2m=[0m92062
[2m2026-09-02T18:50:52.612166Z[0m [32m INFO[0m [2mtushare_sync[0m[2m:[0m window synced [3mcode[0m[2m=[0m"159870" [3mwindow[0m[2m=[0m2022-09-23..2022-10-22 [3mtotal[0m[2m=[0m95918
[2m2026-09-02T18:50:53.654063Z[0m [32m INFO[0m [2mtushare_sync[0m[2m:[0m window synced [3mcode[0m[2m=[0m"159870" [3mwindow[0m[2m=[0m2022-10-23..2022-11-21 [3mtotal[0m[2m=[0m100979
[2m2026-09-02T18:50:54.664474Z[0m [32m INFO[0m [2mtushare_sync[0m[2m:[0m window synced [3mcode[0m[2m=[0m"159870" [3mwindow[0m[2m=[0m2022-11-22..2022-12-21 [3mtotal[0m[2m=[0m106281
[2m2026-09-02T18:50:55.736856Z[0m [32m INFO[0m [2mtushare_sync[0m[2m:[0m window synced [3mcode[0m[2m=[0m"159870" [3mwindow[0m[2m=[0m2022-12-22..2023-01-20 [3mtotal[0m[2m=[0m111342
[2m2026-09-02T18:50:56.639276Z[0m [32m INFO[0m [2mtushare_sync[0m[2m:[0m window synced [3mcode[0m[2m=[0m"159870" [3mwindow[0m[2m=[0m2023-01-21..2023-02-19 [3mtotal[0m[2m=[0m114957
[2m2026-09-02T18:50:57.670576Z[0m [32m INFO[0m [2mtushare_sync[0m[2m:[0m window synced [3mcode[0m[2m=[0m"159870" [3mwindow[0m[2m=[0m2023-02-20..2023-03-21 [3mtotal[0m[2m=[0m120259
[2m2026-09-02T18:50:58.676145Z[0m [32m INFO[0m [2mtushare_sync[0m[2m:[0m window synced [3mcode[0m[2m=[0m"159870" [3mwindow[0m[2m=[0m2023-03-22..2023-04-20 [3mtotal[0m[2m=[0m125320
[2m2026-09-02T18:50:59.670889Z[0m [32m INFO[0m [2mtushare_sync[0m[2m:[0m window synced [3mcode[0m[2m=[0m"159870" [3mwindow[0m[2m=[0m2023-04-21..2023-05-20 [3mtotal[0m[2m=[0m129658
[2m2026-09-02T18:51:00.733078Z[0m [32m INFO[0m [2mtushare_sync[0m[2m:[0m window synced [3mcode[0m[2m=[0m"159870" [3mwindow[0m[2m=[0m2023-05-21..2023-06-19 [3mtotal[0m[2m=[0m134719
[2m2026-09-02T18:51:01.685528Z[0m [32m INFO[0m [2mtushare_sync[0m[2m:[0m window synced [3mcode[0m[2m=[0m"159870" [3mwindow[0m[2m=[0m2023-06-20..2023-07-19 [3mtotal[0m[2m=[0m139539
[2m2026-09-02T18:51:02.706007Z[0m [32m INFO[0m [2mtushare_sync[0m[2m:[0m window synced [3mcode[0m[2m=[0m"159870" [3mwindow[0m[2m=[0m2023-07-20..2023-08-18 [3mtotal[0m[2m=[0m144841
[2m2026-09-02T18:51:03.669872Z[0m [32m INFO[0m [2mtushare_sync[0m[2m:[0m window synced [3mcode[0m[2m=[0m"159870" [3mwindow[0m[2m=[0m2023-08-19..2023-09-17 [3mtotal[0m[2m=[0m149661
[2m2026-09-02T18:51:04.919572Z[0m [32m INFO[0m [2mtushare_sync[0m[2m:[0m window synced [3mcode[0m[2m=[0m"159870" [3mwindow[0m[2m=[0m2023-09-18..2023-10-17 [3mtotal[0m[2m=[0m153517
[2m2026-09-02T18:51:05.705004Z[0m [32m INFO[0m [2mtushare_sync[0m[2m:[0m window synced [3mcode[0m[2m=[0m"159870" [3mwindow[0m[2m=[0m2023-10-18..2023-11-16 [3mtotal[0m[2m=[0m158819
[2m2026-09-02T18:51:06.742688Z[0m [32m INFO[0m [2mtushare_sync[0m[2m:[0m window synced [3mcode[0m[2m=[0m"159870" [3mwindow[0m[2m=[0m2023-11-17..2023-12-16 [3mtotal[0m[2m=[0m163880
[2m2026-09-02T18:51:07.723625Z[0m [32m INFO[0m [2mtushare_sync[0m[2m:[0m window synced [3mcode[0m[2m=[0m"159870" [3mwindow[0m[2m=[0m2023-12-17..2024-01-15 [3mtotal[0m[2m=[0m168700
[2m2026-09-02T18:51:08.723543Z[0m [32m INFO[0m [2mtushare_sync[0m[2m:[0m window synced [3mcode[0m[2m=[0m"159870" [3mwindow[0m[2m=[0m2024-01-16..2024-02-14 [3mtotal[0m[2m=[0m173038
[2m2026-09-02T18:51:09.767197Z[0m [32m INFO[0m [2mtushare_sync[0m[2m:[0m window synced [3mcode[0m[2m=[0m"159870" [3mwindow[0m[2m=[0m2024-02-15..2024-03-15 [3mtotal[0m[2m=[0m177858
[2m2026-09-02T18:51:11.246359Z[0m [32m INFO[0m [2mtushare_sync[0m[2m:[0m window synced [3mcode[0m[2m=[0m"159870" [3mwindow[0m[2m=[0m2024-03-16..2024-04-14 [3mtotal[0m[2m=[0m182196
[2m2026-09-02T18:51:12.907913Z[0m [32m INFO[0m [2mtushare_sync[0m[2m:[0m window synced [3mcode[0m[2m=[0m"159870" [3mwindow[0m[2m=[0m2024-04-15..2024-05-14 [3mtotal[0m[2m=[0m186775
[2m2026-09-02T18:51:15.290304Z[0m [32m INFO[0m [2mtushare_sync[0m[2m:[0m window synced [3mcode[0m[2m=[0m"159870" [3mwindow[0m[2m=[0m2024-05-15..2024-06-13 [3mtotal[0m[2m=[0m191836
[2m2026-09-02T18:51:15.577122Z[0m [32m INFO[0m [2mtushare_sync[0m[2m:[0m window synced [3mcode[0m[2m=[0m"159870" [3mwindow[0m[2m=[0m2024-06-14..2024-07-13 [3mtotal[0m[2m=[0m196897
[2m2026-09-02T18:51:16.565729Z[0m [32m INFO[0m [2mtushare_sync[0m[2m:[0m window synced [3mcode[0m[2m=[0m"159870" [3mwindow[0m[2m=[0m2024-07-14..2024-08-12 [3mtotal[0m[2m=[0m201958
[2m2026-09-02T18:51:17.568041Z[0m [32m INFO[0m [2mtushare_sync[0m[2m:[0m window synced [3mcode[0m[2m=[0m"159870" [3mwindow[0m[2m=[0m2024-08-13..2024-09-11 [3mtotal[0m[2m=[0m207260
[2m2026-09-02T18:51:18.513038Z[0m [32m INFO[0m [2mtushare_sync[0m[2m:[0m window synced [3mcode[0m[2m=[0m"159870" [3mwindow[0m[2m=[0m2024-09-12..2024-10-11 [3mtotal[0m[2m=[0m210875
[2m2026-09-02T18:51:19.533546Z[0m [32m INFO[0m [2mtushare_sync[0m[2m:[0m window synced [3mcode[0m[2m=[0m"159870" [3mwindow[0m[2m=[0m2024-10-12..2024-11-10 [3mtotal[0m[2m=[0m215695
[2m2026-09-02T18:51:20.564983Z[0m [32m INFO[0m [2mtushare_sync[0m[2m:[0m window synced [3mcode[0m[2m=[0m"159870" [3mwindow[0m[2m=[0m2024-11-11..2024-12-10 [3mtotal[0m[2m=[0m220997
[2m2026-09-02T18:51:21.622123Z[0m [32m INFO[0m [2mtushare_sync[0m[2m:[0m window synced [3mcode[0m[2m=[0m"159870" [3mwindow[0m[2m=[0m2024-12-11..2025-01-09 [3mtotal[0m[2m=[0m226058
[2m2026-09-02T18:51:22.510563Z[0m [32m INFO[0m [2mtushare_sync[0m[2m:[0m window synced [3mcode[0m[2m=[0m"159870" [3mwindow[0m[2m=[0m2025-01-10..2025-02-08 [3mtotal[0m[2m=[0m229673
[2m2026-09-02T18:51:23.551340Z[0m [32m INFO[0m [2mtushare_sync[0m[2m:[0m window synced [3mcode[0m[2m=[0m"159870" [3mwindow[0m[2m=[0m2025-02-09..2025-03-10 [3mtotal[0m[2m=[0m234734
[2m2026-09-02T18:51:24.534486Z[0m [32m INFO[0m [2mtushare_sync[0m[2m:[0m window synced [3mcode[0m[2m=[0m"159870" [3mwindow[0m[2m=[0m2025-03-11..2025-04-09 [3mtotal[0m[2m=[0m239795
[2m2026-09-02T18:51:25.531601Z[0m [32m INFO[0m [2mtushare_sync[0m[2m:[0m window synced [3mcode[0m[2m=[0m"159870" [3mwindow[0m[2m=[0m2025-04-10..2025-05-09 [3mtotal[0m[2m=[0m244374
[2m2026-09-02T18:51:26.525153Z[0m [32m INFO[0m [2mtushare_sync[0m[2m:[0m window synced [3mcode[0m[2m=[0m"159870" [3mwindow[0m[2m=[0m2025-05-10..2025-06-08 [3mtotal[0m[2m=[0m248953
[2m2026-09-02T18:51:27.568241Z[0m [32m INFO[0m [2mtushare_sync[0m[2m:[0m window synced [3mcode[0m[2m=[0m"159870" [3mwindow[0m[2m=[0m2025-06-09..2025-07-08 [3mtotal[0m[2m=[0m254255
[2m2026-09-02T18:51:28.834433Z[0m [32m INFO[0m [2mtushare_sync[0m[2m:[0m window synced [3mcode[0m[2m=[0m"159870" [3mwindow[0m[2m=[0m2025-07-09..2025-08-07 [3mtotal[0m[2m=[0m259557
[2m2026-09-02T18:51:29.555294Z[0m [32m INFO[0m [2mtushare_sync[0m[2m:[0m window synced [3mcode[0m[2m=[0m"159870" [3mwindow[0m[2m=[0m2025-08-08..2025-09-06 [3mtotal[0m[2m=[0m264618
[2m2026-09-02T18:51:30.584971Z[0m [32m INFO[0m [2mtushare_sync[0m[2m:[0m window synced [3mcode[0m[2m=[0m"159870" [3mwindow[0m[2m=[0m2025-09-07..2025-10-06 [3mtotal[0m[2m=[0m268715
[2m2026-09-02T18:51:31.676101Z[0m [32m INFO[0m [2mtushare_sync[0m[2m:[0m window synced [3mcode[0m[2m=[0m"159870" [3mwindow[0m[2m=[0m2025-10-07..2025-11-05 [3mtotal[0m[2m=[0m273535
[2m2026-09-02T18:51:32.565283Z[0m [32m INFO[0m [2mtushare_sync[0m[2m:[0m window synced [3mcode[0m[2m=[0m"159870" [3mwindow[0m[2m=[0m2025-11-06..2025-12-05 [3mtotal[0m[2m=[0m278837
[2m2026-09-02T18:51:33.514024Z[0m [32m INFO[0m [2mtushare_sync[0m[2m:[0m window synced [3mcode[0m[2m=[0m"159870" [3mwindow[0m[2m=[0m2025-12-06..2026-01-04 [3mtotal[0m[2m=[0m283175
[2m2026-09-02T18:51:34.540006Z[0m [32m INFO[0m [2mtushare_sync[0m[2m:[0m window synced [3mcode[0m[2m=[0m"159870" [3mwindow[0m[2m=[0m2026-01-05..2026-02-03 [3mtotal[0m[2m=[0m288477
[2m2026-09-02T18:51:35.496038Z[0m [32m INFO[0m [2mtushare_sync[0m[2m:[0m window synced [3mcode[0m[2m=[0m"159870" [3mwindow[0m[2m=[0m2026-02-04..2026-03-05 [3mtotal[0m[2m=[0m292333
[2m2026-09-02T18:51:36.543159Z[0m [32m INFO[0m [2mtushare_sync[0m[2m:[0m window synced [3mcode[0m[2m=[0m"159870" [3mwindow[0m[2m=[0m2026-03-06..2026-04-04 [3mtotal[0m[2m=[0m297394
[2m2026-09-02T18:51:37.516529Z[0m [32m INFO[0m [2mtushare_sync[0m[2m:[0m window synced [3mcode[0m[2m=[0m"159870" [3mwindow[0m[2m=[0m2026-04-05..2026-05-04 [3mtotal[0m[2m=[0m301732
[2m2026-09-02T18:51:38.553775Z[0m [32m INFO[0m [2mtushare_sync[0m[2m:[0m window synced [3mcode[0m[2m=[0m"159870" [3mwindow[0m[2m=[0m2026-05-05..2026-06-03 [3mtotal[0m[2m=[0m306793
[2m2026-09-02T18:51:39.570755Z[0m [32m INFO[0m [2mtushare_sync[0m[2m:[0m window synced [3mcode[0m[2m=[0m"159870" [3mwindow[0m[2m=[0m2026-06-04..2026-07-03 [3mtotal[0m[2m=[0m311854
[2m2026-09-02T18:51:40.531560Z[0m [32m INFO[0m [2mtushare_sync[0m[2m:[0m window synced [3mcode[0m[2m=[0m"159870" [3mwindow[0m[2m=[0m2026-07-04..2026-08-02 [3mtotal[0m[2m=[0m316674
[2m2026-09-02T18:51:41.538698Z[0m [32m INFO[0m [2mtushare_sync[0m[2m:[0m window synced [3mcode[0m[2m=[0m"159870" [3mwindow[0m[2m=[0m2026-08-03..2026-09-01 [3mtotal[0m[2m=[0m321976
[2m2026-09-02T18:51:42.405090Z[0m [32m INFO[0m [2mtushare_sync[0m[2m:[0m window synced [3mcode[0m[2m=[0m"159870" [3mwindow[0m[2m=[0m2026-09-02..2026-09-03 [3mtotal[0m[2m=[0m322217
[2m2026-09-02T18:51:42.405122Z[0m [32m INFO[0m [2mtushare_sync[0m[2m:[0m === sync done === [3mcode[0m[2m=[0m"159870" [3mbars[0m[2m=[0m322217
[2m2026-09-02T18:51:42.405128Z[0m [32m INFO[0m [2mtushare_sync[0m[2m:[0m === sync start === [3mcode[0m[2m=[0m"159890"
[2m2026-09-02T18:51:52.569644Z[0m [32m INFO[0m [2mtushare_sync[0m[2m:[0m first data year found [3mcode[0m[2m=[0m"159890" [3mfirst_year[0m[2m=[0m2021
[2m2026-09-02T18:51:53.413848Z[0m [32m INFO[0m [2mtushare_sync[0m[2m:[0m window synced [3mcode[0m[2m=[0m"159890" [3mwindow[0m[2m=[0m2021-01-01..2021-01-30 [3mtotal[0m[2m=[0m0
[2m2026-09-02T18:51:54.396434Z[0m [32m INFO[0m [2mtushare_sync[0m[2m:[0m window synced [3mcode[0m[2m=[0m"159890" [3mwindow[0m[2m=[0m2021-01-31..2021-03-01 [3mtotal[0m[2m=[0m0
[2m2026-09-02T18:51:55.395823Z[0m [32m INFO[0m [2mtushare_sync[0m[2m:[0m window synced [3mcode[0m[2m=[0m"159890" [3mwindow[0m[2m=[0m2021-03-02..2021-03-31 [3mtotal[0m[2m=[0m0
[2m2026-09-02T18:51:56.555462Z[0m [32m INFO[0m [2mtushare_sync[0m[2m:[0m window synced [3mcode[0m[2m=[0m"159890" [3mwindow[0m[2m=[0m2021-04-01..2021-04-30 [3mtotal[0m[2m=[0m4820
[2m2026-09-02T18:51:57.529513Z[0m [32m INFO[0m [2mtushare_sync[0m[2m:[0m window synced [3mcode[0m[2m=[0m"159890" [3mwindow[0m[2m=[0m2021-05-01..2021-05-30 [3mtotal[0m[2m=[0m8917
[2m2026-09-02T18:51:58.621665Z[0m [32m INFO[0m [2mtushare_sync[0m[2m:[0m window synced [3mcode[0m[2m=[0m"159890" [3mwindow[0m[2m=[0m2021-05-31..2021-06-29 [3mtotal[0m[2m=[0m13978
[2m2026-09-02T18:51:59.573722Z[0m [32m INFO[0m [2mtushare_sync[0m[2m:[0m window synced [3mcode[0m[2m=[0m"159890" [3mwindow[0m[2m=[0m2021-06-30..2021-07-29 [3mtotal[0m[2m=[0m19280
[2m2026-09-02T18:52:00.574447Z[0m [32m INFO[0m [2mtushare_sync[0m[2m:[0m window synced [3mcode[0m[2m=[0m"159890" [3mwindow[0m[2m=[0m2021-07-30..2021-08-28 [3mtotal[0m[2m=[0m24341
[2m2026-09-02T18:52:01.549570Z[0m [32m INFO[0m [2mtushare_sync[0m[2m:[0m window synced [3mcode[0m[2m=[0m"159890" [3mwindow[0m[2m=[0m2021-08-29..2021-09-27 [3mtotal[0m[2m=[0m28920
[2m2026-09-02T18:52:02.544754Z[0m [32m INFO[0m [2mtushare_sync[0m[2m:[0m window synced [3mcode[0m[2m=[0m"159890" [3mwindow[0m[2m=[0m2021-09-28..2021-10-27 [3mtotal[0m[2m=[0m33017
[2m2026-09-02T18:52:03.680956Z[0m [32m INFO[0m [2mtushare_sync[0m[2m:[0m window synced [3mcode[0m[2m=[0m"159890" [3mwindow[0m[2m=[0m2021-10-28..2021-11-26 [3mtotal[0m[2m=[0m38319
[2m2026-09-02T18:52:04.586222Z[0m [32m INFO[0m [2mtushare_sync[0m[2m:[0m window synced [3mcode[0m[2m=[0m"159890" [3mwindow[0m[2m=[0m2021-11-27..2021-12-26 [3mtotal[0m[2m=[0m43139
[2m2026-09-02T18:52:05.593150Z[0m [32m INFO[0m [2mtushare_sync[0m[2m:[0m window synced [3mcode[0m[2m=[0m"159890" [3mwindow[0m[2m=[0m2021-12-27..2022-01-25 [3mtotal[0m[2m=[0m48200
[2m2026-09-02T18:52:06.575685Z[0m [32m INFO[0m [2mtushare_sync[0m[2m:[0m window synced [3mcode[0m[2m=[0m"159890" [3mwindow[0m[2m=[0m2022-01-26..2022-02-24 [3mtotal[0m[2m=[0m52297
[2m2026-09-02T18:52:07.564768Z[0m [32m INFO[0m [2mtushare_sync[0m[2m:[0m window synced [3mcode[0m[2m=[0m"159890" [3mwindow[0m[2m=[0m2022-02-25..2022-03-26 [3mtotal[0m[2m=[0m57358
[2m2026-09-02T18:52:08.571924Z[0m [32m INFO[0m [2mtushare_sync[0m[2m:[0m window synced [3mcode[0m[2m=[0m"159890" [3mwindow[0m[2m=[0m2022-03-27..2022-04-25 [3mtotal[0m[2m=[0m61937
[2m2026-09-02T18:52:09.558045Z[0m [32m INFO[0m [2mtushare_sync[0m[2m:[0m window synced [3mcode[0m[2m=[0m"159890" [3mwindow[0m[2m=[0m2022-04-26..2022-05-25 [3mtotal[0m[2m=[0m66516
[2m2026-09-02T18:52:11.077000Z[0m [32m INFO[0m [2mtushare_sync[0m[2m:[0m window synced [3mcode[0m[2m=[0m"159890" [3mwindow[0m[2m=[0m2022-05-26..2022-06-24 [3mtotal[0m[2m=[0m71577
[2m2026-09-02T18:52:11.581678Z[0m [32m INFO[0m [2mtushare_sync[0m[2m:[0m window synced [3mcode[0m[2m=[0m"159890" [3mwindow[0m[2m=[0m2022-06-25..2022-07-24 [3mtotal[0m[2m=[0m76397
[2m2026-09-02T18:52:12.611275Z[0m [32m INFO[0m [2mtushare_sync[0m[2m:[0m window synced [3mcode[0m[2m=[0m"159890" [3mwindow[0m[2m=[0m2022-07-25..2022-08-23 [3mtotal[0m[2m=[0m81699
[2m2026-09-02T18:52:13.567999Z[0m [32m INFO[0m [2mtushare_sync[0m[2m:[0m window synced [3mcode[0m[2m=[0m"159890" [3mwindow[0m[2m=[0m2022-08-24..2022-09-22 [3mtotal[0m[2m=[0m86760
[2m2026-09-02T18:52:14.547553Z[0m [32m INFO[0m [2mtushare_sync[0m[2m:[0m window synced [3mcode[0m[2m=[0m"159890" [3mwindow[0m[2m=[0m2022-09-23..2022-10-22 [3mtotal[0m[2m=[0m90616
[2m2026-09-02T18:52:15.565710Z[0m [32m INFO[0m [2mtushare_sync[0m[2m:[0m window synced [3mcode[0m[2m=[0m"159890" [3mwindow[0m[2m=[0m2022-10-23..2022-11-21 [3mtotal[0m[2m=[0m95677
[2m2026-09-02T18:52:16.586314Z[0m [32m INFO[0m [2mtushare_sync[0m[2m:[0m window synced [3mcode[0m[2m=[0m"159890" [3mwindow[0m[2m=[0m2022-11-22..2022-12-21 [3mtotal[0m[2m=[0m100979
[2m2026-09-02T18:52:17.598019Z[0m [32m INFO[0m [2mtushare_sync[0m[2m:[0m window synced [3mcode[0m[2m=[0m"159890" [3mwindow[0m[2m=[0m2022-12-22..2023-01-20 [3mtotal[0m[2m=[0m106040
[2m2026-09-02T18:52:18.558611Z[0m [32m INFO[0m [2mtushare_sync[0m[2m:[0m window synced [3mcode[0m[2m=[0m"159890" [3mwindow[0m[2m=[0m2023-01-21..2023-02-19 [3mtotal[0m[2m=[0m109655
[2m2026-09-02T18:52:19.645748Z[0m [32m INFO[0m [2mtushare_sync[0m[2m:[0m window synced [3mcode[0m[2m=[0m"159890" [3mwindow[0m[2m=[0m2023-02-20..2023-03-21 [3mtotal[0m[2m=[0m114957
[2m2026-09-02T18:52:20.596956Z[0m [32m INFO[0m [2mtushare_sync[0m[2m:[0m window synced [3mcode[0m[2m=[0m"159890" [3mwindow[0m[2m=[0m2023-03-22..2023-04-20 [3mtotal[0m[2m=[0m120018
[2m2026-09-02T18:52:21.590506Z[0m [32m INFO[0m [2mtushare_sync[0m[2m:[0m window synced [3mcode[0m[2m=[0m"159890" [3mwindow[0m[2m=[0m2023-04-21..2023-05-20 [3mtotal[0m[2m=[0m124356
[2m2026-09-02T18:52:22.612698Z[0m [32m INFO[0m [2mtushare_sync[0m[2m:[0m window synced [3mcode[0m[2m=[0m"159890" [3mwindow[0m[2m=[0m2023-05-21..2023-06-19 [3mtotal[0m[2m=[0m129417
[2m2026-09-02T18:52:23.606140Z[0m [32m INFO[0m [2mtushare_sync[0m[2m:[0m window synced [3mcode[0m[2m=[0m"159890" [3mwindow[0m[2m=[0m2023-06-20..2023-07-19 [3mtotal[0m[2m=[0m134237
[2m2026-09-02T18:52:24.634087Z[0m [32m INFO[0m [2mtushare_sync[0m[2m:[0m window synced [3mcode[0m[2m=[0m"159890" [3mwindow[0m[2m=[0m2023-07-20..2023-08-18 [3mtotal[0m[2m=[0m139539
[2m2026-09-02T18:52:25.604933Z[0m [32m INFO[0m [2mtushare_sync[0m[2m:[0m window synced [3mcode[0m[2m=[0m"159890" [3mwindow[0m[2m=[0m2023-08-19..2023-09-17 [3mtotal[0m[2m=[0m144359
[2m2026-09-02T18:52:26.585273Z[0m [32m INFO[0m [2mtushare_sync[0m[2m:[0m window synced [3mcode[0m[2m=[0m"159890" [3mwindow[0m[2m=[0m2023-09-18..2023-10-17 [3mtotal[0m[2m=[0m148215
[2m2026-09-02T18:52:27.613852Z[0m [32m INFO[0m [2mtushare_sync[0m[2m:[0m window synced [3mcode[0m[2m=[0m"159890" [3mwindow[0m[2m=[0m2023-10-18..2023-11-16 [3mtotal[0m[2m=[0m153517
[2m2026-09-02T18:52:28.621845Z[0m [32m INFO[0m [2mtushare_sync[0m[2m:[0m window synced [3mcode[0m[2m=[0m"159890" [3mwindow[0m[2m=[0m2023-11-17..2023-12-16 [3mtotal[0m[2m=[0m158578
[2m2026-09-02T18:52:29.610822Z[0m [32m INFO[0m [2mtushare_sync[0m[2m:[0m window synced [3mcode[0m[2m=[0m"159890" [3mwindow[0m[2m=[0m2023-12-17..2024-01-15 [3mtotal[0m[2m=[0m163398
[2m2026-09-02T18:52:30.599860Z[0m [32m INFO[0m [2mtushare_sync[0m[2m:[0m window synced [3mcode[0m[2m=[0m"159890" [3mwindow[0m[2m=[0m2024-01-16..2024-02-14 [3mtotal[0m[2m=[0m167736
[2m2026-09-02T18:52:31.636947Z[0m [32m INFO[0m [2mtushare_sync[0m[2m:[0m window synced [3mcode[0m[2m=[0m"159890" [3mwindow[0m[2m=[0m2024-02-15..2024-03-15 [3mtotal[0m[2m=[0m172556
[2m2026-09-02T18:52:32.584099Z[0m [32m INFO[0m [2mtushare_sync[0m[2m:[0m window synced [3mcode[0m[2m=[0m"159890" [3mwindow[0m[2m=[0m2024-03-16..2024-04-14 [3mtotal[0m[2m=[0m176894
[2m2026-09-02T18:52:33.594082Z[0m [32m INFO[0m [2mtushare_sync[0m[2m:[0m window synced [3mcode[0m[2m=[0m"159890" [3mwindow[0m[2m=[0m2024-04-15..2024-05-14 [3mtotal[0m[2m=[0m181473
[2m2026-09-02T18:52:34.622108Z[0m [32m INFO[0m [2mtushare_sync[0m[2m:[0m window synced [3mcode[0m[2m=[0m"159890" [3mwindow[0m[2m=[0m2024-05-15..2024-06-13 [3mtotal[0m[2m=[0m186534
[2m2026-09-02T18:52:35.624335Z[0m [32m INFO[0m [2mtushare_sync[0m[2m:[0m window synced [3mcode[0m[2m=[0m"159890" [3mwindow[0m[2m=[0m2024-06-14..2024-07-13 [3mtotal[0m[2m=[0m191595
[2m2026-09-02T18:52:36.629130Z[0m [32m INFO[0m [2mtushare_sync[0m[2m:[0m window synced [3mcode[0m[2m=[0m"159890" [3mwindow[0m[2m=[0m2024-07-14..2024-08-12 [3mtotal[0m[2m=[0m196656
[2m2026-09-02T18:52:37.637358Z[0m [32m INFO[0m [2mtushare_sync[0m[2m:[0m window synced [3mcode[0m[2m=[0m"159890" [3mwindow[0m[2m=[0m2024-08-13..2024-09-11 [3mtotal[0m[2m=[0m201958
[2m2026-09-02T18:52:38.583076Z[0m [32m INFO[0m [2mtushare_sync[0m[2m:[0m window synced [3mcode[0m[2m=[0m"159890" [3mwindow[0m[2m=[0m2024-09-12..2024-10-11 [3mtotal[0m[2m=[0m205573
[2m2026-09-02T18:52:39.622846Z[0m [32m INFO[0m [2mtushare_sync[0m[2m:[0m window synced [3mcode[0m[2m=[0m"159890" [3mwindow[0m[2m=[0m2024-10-12..2024-11-10 [3mtotal[0m[2m=[0m210393
[2m2026-09-02T18:52:40.651465Z[0m [32m INFO[0m [2mtushare_sync[0m[2m:[0m window synced [3mcode[0m[2m=[0m"159890" [3mwindow[0m[2m=[0m2024-11-11..2024-12-10 [3mtotal[0m[2m=[0m215695
[2m2026-09-02T18:52:41.619594Z[0m [32m INFO[0m [2mtushare_sync[0m[2m:[0m window synced [3mcode[0m[2m=[0m"159890" [3mwindow[0m[2m=[0m2024-12-11..2025-01-09 [3mtotal[0m[2m=[0m220756
[2m2026-09-02T18:52:42.558556Z[0m [32m INFO[0m [2mtushare_sync[0m[2m:[0m window synced [3mcode[0m[2m=[0m"159890" [3mwindow[0m[2m=[0m2025-01-10..2025-02-08 [3mtotal[0m[2m=[0m224371
[2m2026-09-02T18:52:43.636149Z[0m [32m INFO[0m [2mtushare_sync[0m[2m:[0m window synced [3mcode[0m[2m=[0m"159890" [3mwindow[0m[2m=[0m2025-02-09..2025-03-10 [3mtotal[0m[2m=[0m229432
[2m2026-09-02T18:52:44.620022Z[0m [32m INFO[0m [2mtushare_sync[0m[2m:[0m window synced [3mcode[0m[2m=[0m"159890" [3mwindow[0m[2m=[0m2025-03-11..2025-04-09 [3mtotal[0m[2m=[0m234493
[2m2026-09-02T18:52:45.612064Z[0m [32m INFO[0m [2mtushare_sync[0m[2m:[0m window synced [3mcode[0m[2m=[0m"159890" [3mwindow[0m[2m=[0m2025-04-10..2025-05-09 [3mtotal[0m[2m=[0m239072
[2m2026-09-02T18:52:46.601966Z[0m [32m INFO[0m [2mtushare_sync[0m[2m:[0m window synced [3mcode[0m[2m=[0m"159890" [3mwindow[0m[2m=[0m2025-05-10..2025-06-08 [3mtotal[0m[2m=[0m243651
[2m2026-09-02T18:52:47.620341Z[0m [32m INFO[0m [2mtushare_sync[0m[2m:[0m window synced [3mcode[0m[2m=[0m"159890" [3mwindow[0m[2m=[0m2025-06-09..2025-07-08 [3mtotal[0m[2m=[0m248953
[2m2026-09-02T18:52:48.621626Z[0m [32m INFO[0m [2mtushare_sync[0m[2m:[0m window synced [3mcode[0m[2m=[0m"159890" [3mwindow[0m[2m=[0m2025-07-09..2025-08-07 [3mtotal[0m[2m=[0m254255
[2m2026-09-02T18:52:49.642520Z[0m [32m INFO[0m [2mtushare_sync[0m[2m:[0m window synced [3mcode[0m[2m=[0m"159890" [3mwindow[0m[2m=[0m2025-08-08..2025-09-06 [3mtotal[0m[2m=[0m259316
[2m2026-09-02T18:52:50.586488Z[0m [32m INFO[0m [2mtushare_sync[0m[2m:[0m window synced [3mcode[0m[2m=[0m"159890" [3mwindow[0m[2m=[0m2025-09-07..2025-10-06 [3mtotal[0m[2m=[0m263413
[2m2026-09-02T18:52:51.622678Z[0m [32m INFO[0m [2mtushare_sync[0m[2m:[0m window synced [3mcode[0m[2m=[0m"159890" [3mwindow[0m[2m=[0m2025-10-07..2025-11-05 [3mtotal[0m[2m=[0m268233
[2m2026-09-02T18:52:52.645697Z[0m [32m INFO[0m [2mtushare_sync[0m[2m:[0m window synced [3mcode[0m[2m=[0m"159890" [3mwindow[0m[2m=[0m2025-11-06..2025-12-05 [3mtotal[0m[2m=[0m273535
[2m2026-09-02T18:52:53.611574Z[0m [32m INFO[0m [2mtushare_sync[0m[2m:[0m window synced [3mcode[0m[2m=[0m"159890" [3mwindow[0m[2m=[0m2025-12-06..2026-01-04 [3mtotal[0m[2m=[0m277873
[2m2026-09-02T18:52:54.619990Z[0m [32m INFO[0m [2mtushare_sync[0m[2m:[0m window synced [3mcode[0m[2m=[0m"159890" [3mwindow[0m[2m=[0m2026-01-05..2026-02-03 [3mtotal[0m[2m=[0m283175
[2m2026-09-02T18:52:55.600147Z[0m [32m INFO[0m [2mtushare_sync[0m[2m:[0m window synced [3mcode[0m[2m=[0m"159890" [3mwindow[0m[2m=[0m2026-02-04..2026-03-05 [3mtotal[0m[2m=[0m287031
[2m2026-09-02T18:52:56.619322Z[0m [32m INFO[0m [2mtushare_sync[0m[2m:[0m window synced [3mcode[0m[2m=[0m"159890" [3mwindow[0m[2m=[0m2026-03-06..2026-04-04 [3mtotal[0m[2m=[0m292092
[2m2026-09-02T18:52:57.585270Z[0m [32m INFO[0m [2mtushare_sync[0m[2m:[0m window synced [3mcode[0m[2m=[0m"159890" [3mwindow[0m[2m=[0m2026-04-05..2026-05-04 [3mtotal[0m[2m=[0m296430
[2m2026-09-02T18:52:58.612378Z[0m [32m INFO[0m [2mtushare_sync[0m[2m:[0m window synced [3mcode[0m[2m=[0m"159890" [3mwindow[0m[2m=[0m2026-05-05..2026-06-03 [3mtotal[0m[2m=[0m301491
[2m2026-09-02T18:52:59.622512Z[0m [32m INFO[0m [2mtushare_sync[0m[2m:[0m window synced [3mcode[0m[2m=[0m"159890" [3mwindow[0m[2m=[0m2026-06-04..2026-07-03 [3mtotal[0m[2m=[0m306552
[2m2026-09-02T18:53:00.721328Z[0m [32m INFO[0m [2mtushare_sync[0m[2m:[0m window synced [3mcode[0m[2m=[0m"159890" [3mwindow[0m[2m=[0m2026-07-04..2026-08-02 [3mtotal[0m[2m=[0m311372
[2m2026-09-02T18:53:01.632269Z[0m [32m INFO[0m [2mtushare_sync[0m[2m:[0m window synced [3mcode[0m[2m=[0m"159890" [3mwindow[0m[2m=[0m2026-08-03..2026-09-01 [3mtotal[0m[2m=[0m316674
[2m2026-09-02T18:53:02.486533Z[0m [32m INFO[0m [2mtushare_sync[0m[2m:[0m window synced [3mcode[0m[2m=[0m"159890" [3mwindow[0m[2m=[0m2026-09-02..2026-09-03 [3mtotal[0m[2m=[0m316915
[2m2026-09-02T18:53:02.486564Z[0m [32m INFO[0m [2mtushare_sync[0m[2m:[0m === sync done === [3mcode[0m[2m=[0m"159890" [3mbars[0m[2m=[0m316915
[2m2026-09-02T18:53:02.486571Z[0m [32m INFO[0m [2mtushare_sync[0m[2m:[0m === sync start === [3mcode[0m[2m=[0m"159980"
[2m2026-09-02T18:53:10.632435Z[0m [32m INFO[0m [2mtushare_sync[0m[2m:[0m first data year found [3mcode[0m[2m=[0m"159980" [3mfirst_year[0m[2m=[0m2019
[2m2026-09-02T18:53:11.484702Z[0m [32m INFO[0m [2mtushare_sync[0m[2m:[0m window synced [3mcode[0m[2m=[0m"159980" [3mwindow[0m[2m=[0m2019-01-01..2019-01-30 [3mtotal[0m[2m=[0m0
[2m2026-09-02T18:53:12.485903Z[0m [32m INFO[0m [2mtushare_sync[0m[2m:[0m window synced [3mcode[0m[2m=[0m"159980" [3mwindow[0m[2m=[0m2019-01-31..2019-03-01 [3mtotal[0m[2m=[0m0
[2m2026-09-02T18:53:13.495083Z[0m [32m INFO[0m [2mtushare_sync[0m[2m:[0m window synced [3mcode[0m[2m=[0m"159980" [3mwindow[0m[2m=[0m2019-03-02..2019-03-31 [3mtotal[0m[2m=[0m0
[2m2026-09-02T18:53:14.489029Z[0m [32m INFO[0m [2mtushare_sync[0m[2m:[0m window synced [3mcode[0m[2m=[0m"159980" [3mwindow[0m[2m=[0m2019-04-01..2019-04-30 [3mtotal[0m[2m=[0m0
[2m2026-09-02T18:53:15.482406Z[0m [32m INFO[0m [2mtushare_sync[0m[2m:[0m window synced [3mcode[0m[2m=[0m"159980" [3mwindow[0m[2m=[0m2019-05-01..2019-05-30 [3mtotal[0m[2m=[0m0
[2m2026-09-02T18:53:16.490326Z[0m [32m INFO[0m [2mtushare_sync[0m[2m:[0m window synced [3mcode[0m[2m=[0m"159980" [3mwindow[0m[2m=[0m2019-05-31..2019-06-29 [3mtotal[0m[2m=[0m0
[2m2026-09-02T18:53:17.496089Z[0m [32m INFO[0m [2mtushare_sync[0m[2m:[0m window synced [3mcode[0m[2m=[0m"159980" [3mwindow[0m[2m=[0m2019-06-30..2019-07-29 [3mtotal[0m[2m=[0m0
[2m2026-09-02T18:53:18.485849Z[0m [32m INFO[0m [2mtushare_sync[0m[2m:[0m window synced [3mcode[0m[2m=[0m"159980" [3mwindow[0m[2m=[0m2019-07-30..2019-08-28 [3mtotal[0m[2m=[0m0
[2m2026-09-02T18:53:19.498623Z[0m [32m INFO[0m [2mtushare_sync[0m[2m:[0m window synced [3mcode[0m[2m=[0m"159980" [3mwindow[0m[2m=[0m2019-08-29..2019-09-27 [3mtotal[0m[2m=[0m0
[2m2026-09-02T18:53:20.493318Z[0m [32m INFO[0m [2mtushare_sync[0m[2m:[0m window synced [3mcode[0m[2m=[0m"159980" [3mwindow[0m[2m=[0m2019-09-28..2019-10-27 [3mtotal[0m[2m=[0m0
[2m2026-09-02T18:53:21.493851Z[0m [32m INFO[0m [2mtushare_sync[0m[2m:[0m window synced [3mcode[0m[2m=[0m"159980" [3mwindow[0m[2m=[0m2019-10-28..2019-11-26 [3mtotal[0m[2m=[0m0
[2m2026-09-02T18:53:22.536323Z[0m [32m INFO[0m [2mtushare_sync[0m[2m:[0m window synced [3mcode[0m[2m=[0m"159980" [3mwindow[0m[2m=[0m2019-11-27..2019-12-26 [3mtotal[0m[2m=[0m723
[2m2026-09-02T18:53:23.699164Z[0m [32m INFO[0m [2mtushare_sync[0m[2m:[0m window synced [3mcode[0m[2m=[0m"159980" [3mwindow[0m[2m=[0m2019-12-27..2020-01-25 [3mtotal[0m[2m=[0m5302
[2m2026-09-02T18:53:24.615057Z[0m [32m INFO[0m [2mtushare_sync[0m[2m:[0m window synced [3mcode[0m[2m=[0m"159980" [3mwindow[0m[2m=[0m2020-01-26..2020-02-24 [3mtotal[0m[2m=[0m9158
[2m2026-09-02T18:53:25.668133Z[0m [32m INFO[0m [2mtushare_sync[0m[2m:[0m window synced [3mcode[0m[2m=[0m"159980" [3mwindow[0m[2m=[0m2020-02-25..2020-03-25 [3mtotal[0m[2m=[0m14460
[2m2026-09-02T18:53:26.672867Z[0m [32m INFO[0m [2mtushare_sync[0m[2m:[0m window synced [3mcode[0m[2m=[0m"159980" [3mwindow[0m[2m=[0m2020-03-26..2020-04-24 [3mtotal[0m[2m=[0m19521
[2m2026-09-02T18:53:27.630643Z[0m [32m INFO[0m [2mtushare_sync[0m[2m:[0m window synced [3mcode[0m[2m=[0m"159980" [3mwindow[0m[2m=[0m2020-04-25..2020-05-24 [3mtotal[0m[2m=[0m23618
[2m2026-09-02T18:53:28.648722Z[0m [32m INFO[0m [2mtushare_sync[0m[2m:[0m window synced [3mcode[0m[2m=[0m"159980" [3mwindow[0m[2m=[0m2020-05-25..2020-06-23 [3mtotal[0m[2m=[0m28920
[2m2026-09-02T18:53:29.755885Z[0m [32m INFO[0m [2mtushare_sync[0m[2m:[0m window synced [3mcode[0m[2m=[0m"159980" [3mwindow[0m[2m=[0m2020-06-24..2020-07-23 [3mtotal[0m[2m=[0m33740
[2m2026-09-02T18:53:30.667345Z[0m [32m INFO[0m [2mtushare_sync[0m[2m:[0m window synced [3mcode[0m[2m=[0m"159980" [3mwindow[0m[2m=[0m2020-07-24..2020-08-22 [3mtotal[0m[2m=[0m38801
[2m2026-09-02T18:53:31.648886Z[0m [32m INFO[0m [2mtushare_sync[0m[2m:[0m window synced [3mcode[0m[2m=[0m"159980" [3mwindow[0m[2m=[0m2020-08-23..2020-09-21 [3mtotal[0m[2m=[0m43862
[2m2026-09-02T18:53:32.633835Z[0m [32m INFO[0m [2mtushare_sync[0m[2m:[0m window synced [3mcode[0m[2m=[0m"159980" [3mwindow[0m[2m=[0m2020-09-22..2020-10-21 [3mtotal[0m[2m=[0m47718
[2m2026-09-02T18:53:33.673154Z[0m [32m INFO[0m [2mtushare_sync[0m[2m:[0m window synced [3mcode[0m[2m=[0m"159980" [3mwindow[0m[2m=[0m2020-10-22..2020-11-20 [3mtotal[0m[2m=[0m53020
[2m2026-09-02T18:53:34.655589Z[0m [32m INFO[0m [2mtushare_sync[0m[2m:[0m window synced [3mcode[0m[2m=[0m"159980" [3mwindow[0m[2m=[0m2020-11-21..2020-12-20 [3mtotal[0m[2m=[0m57840
[2m2026-09-02T18:53:35.669094Z[0m [32m INFO[0m [2mtushare_sync[0m[2m:[0m window synced [3mcode[0m[2m=[0m"159980" [3mwindow[0m[2m=[0m2020-12-21..2021-01-19 [3mtotal[0m[2m=[0m62901
[2m2026-09-02T18:53:36.637507Z[0m [32m INFO[0m [2mtushare_sync[0m[2m:[0m window synced [3mcode[0m[2m=[0m"159980" [3mwindow[0m[2m=[0m2021-01-20..2021-02-18 [3mtotal[0m[2m=[0m66998
[2m2026-09-02T18:53:37.671047Z[0m [32m INFO[0m [2mtushare_sync[0m[2m:[0m window synced [3mcode[0m[2m=[0m"159980" [3mwindow[0m[2m=[0m2021-02-19..2021-03-20 [3mtotal[0m[2m=[0m72059
[2m2026-09-02T18:53:38.669081Z[0m [32m INFO[0m [2mtushare_sync[0m[2m:[0m window synced [3mcode[0m[2m=[0m"159980" [3mwindow[0m[2m=[0m2021-03-21..2021-04-19 [3mtotal[0m[2m=[0m76879
[2m2026-09-02T18:53:39.668694Z[0m [32m INFO[0m [2mtushare_sync[0m[2m:[0m window synced [3mcode[0m[2m=[0m"159980" [3mwindow[0m[2m=[0m2021-04-20..2021-05-19 [3mtotal[0m[2m=[0m81458
[2m2026-09-02T18:53:40.671689Z[0m [32m INFO[0m [2mtushare_sync[0m[2m:[0m window synced [3mcode[0m[2m=[0m"159980" [3mwindow[0m[2m=[0m2021-05-20..2021-06-18 [3mtotal[0m[2m=[0m86519
[2m2026-09-02T18:53:41.676786Z[0m [32m INFO[0m [2mtushare_sync[0m[2m:[0m window synced [3mcode[0m[2m=[0m"159980" [3mwindow[0m[2m=[0m2021-06-19..2021-07-18 [3mtotal[0m[2m=[0m91339
[2m2026-09-02T18:53:42.689951Z[0m [32m INFO[0m [2mtushare_sync[0m[2m:[0m window synced [3mcode[0m[2m=[0m"159980" [3mwindow[0m[2m=[0m2021-07-19..2021-08-17 [3mtotal[0m[2m=[0m96641
[2m2026-09-02T18:53:43.688502Z[0m [32m INFO[0m [2mtushare_sync[0m[2m:[0m window synced [3mcode[0m[2m=[0m"159980" [3mwindow[0m[2m=[0m2021-08-18..2021-09-16 [3mtotal[0m[2m=[0m101943
[2m2026-09-02T18:53:44.654596Z[0m [32m INFO[0m [2mtushare_sync[0m[2m:[0m window synced [3mcode[0m[2m=[0m"159980" [3mwindow[0m[2m=[0m2021-09-17..2021-10-16 [3mtotal[0m[2m=[0m105317
[2m2026-09-02T18:53:45.670202Z[0m [32m INFO[0m [2mtushare_sync[0m[2m:[0m window synced [3mcode[0m[2m=[0m"159980" [3mwindow[0m[2m=[0m2021-10-17..2021-11-15 [3mtotal[0m[2m=[0m110378
[2m2026-09-02T18:53:46.694158Z[0m [32m INFO[0m [2mtushare_sync[0m[2m:[0m window synced [3mcode[0m[2m=[0m"159980" [3mwindow[0m[2m=[0m2021-11-16..2021-12-15 [3mtotal[0m[2m=[0m115680
[2m2026-09-02T18:53:47.705390Z[0m [32m INFO[0m [2mtushare_sync[0m[2m:[0m window synced [3mcode[0m[2m=[0m"159980" [3mwindow[0m[2m=[0m2021-12-16..2022-01-14 [3mtotal[0m[2m=[0m120741
[2m2026-09-02T18:53:48.647811Z[0m [32m INFO[0m [2mtushare_sync[0m[2m:[0m window synced [3mcode[0m[2m=[0m"159980" [3mwindow[0m[2m=[0m2022-01-15..2022-02-13 [3mtotal[0m[2m=[0m124356
[2m2026-09-02T18:53:49.691741Z[0m [32m INFO[0m [2mtushare_sync[0m[2m:[0m window synced [3mcode[0m[2m=[0m"159980" [3mwindow[0m[2m=[0m2022-02-14..2022-03-15 [3mtotal[0m[2m=[0m129658
[2m2026-09-02T18:53:50.676417Z[0m [32m INFO[0m [2mtushare_sync[0m[2m:[0m window synced [3mcode[0m[2m=[0m"159980" [3mwindow[0m[2m=[0m2022-03-16..2022-04-14 [3mtotal[0m[2m=[0m134478
[2m2026-09-02T18:53:51.667411Z[0m [32m INFO[0m [2mtushare_sync[0m[2m:[0m window synced [3mcode[0m[2m=[0m"159980" [3mwindow[0m[2m=[0m2022-04-15..2022-05-14 [3mtotal[0m[2m=[0m138816
[2m2026-09-02T18:53:52.824662Z[0m [32m INFO[0m [2mtushare_sync[0m[2m:[0m window synced [3mcode[0m[2m=[0m"159980" [3mwindow[0m[2m=[0m2022-05-15..2022-06-13 [3mtotal[0m[2m=[0m143636
[2m2026-09-02T18:53:53.704654Z[0m [32m INFO[0m [2mtushare_sync[0m[2m:[0m window synced [3mcode[0m[2m=[0m"159980" [3mwindow[0m[2m=[0m2022-06-14..2022-07-13 [3mtotal[0m[2m=[0m148938
[2m2026-09-02T18:53:54.684425Z[0m [32m INFO[0m [2mtushare_sync[0m[2m:[0m window synced [3mcode[0m[2m=[0m"159980" [3mwindow[0m[2m=[0m2022-07-14..2022-08-12 [3mtotal[0m[2m=[0m154240
[2m2026-09-02T18:53:55.700299Z[0m [32m INFO[0m [2mtushare_sync[0m[2m:[0m window synced [3mcode[0m[2m=[0m"159980" [3mwindow[0m[2m=[0m2022-08-13..2022-09-11 [3mtotal[0m[2m=[0m159060
[2m2026-09-02T18:53:56.642383Z[0m [32m INFO[0m [2mtushare_sync[0m[2m:[0m window synced [3mcode[0m[2m=[0m"159980" [3mwindow[0m[2m=[0m2022-09-12..2022-10-11 [3mtotal[0m[2m=[0m162916
[2m2026-09-02T18:53:57.709139Z[0m [32m INFO[0m [2mtushare_sync[0m[2m:[0m window synced [3mcode[0m[2m=[0m"159980" [3mwindow[0m[2m=[0m2022-10-12..2022-11-10 [3mtotal[0m[2m=[0m168218
[2m2026-09-02T18:53:58.700865Z[0m [32m INFO[0m [2mtushare_sync[0m[2m:[0m window synced [3mcode[0m[2m=[0m"159980" [3mwindow[0m[2m=[0m2022-11-11..2022-12-10 [3mtotal[0m[2m=[0m173279
[2m2026-09-02T18:53:59.739996Z[0m [32m INFO[0m [2mtushare_sync[0m[2m:[0m window synced [3mcode[0m[2m=[0m"159980" [3mwindow[0m[2m=[0m2022-12-11..2023-01-09 [3mtotal[0m[2m=[0m178099
[2m2026-09-02T18:54:00.711617Z[0m [32m INFO[0m [2mtushare_sync[0m[2m:[0m window synced [3mcode[0m[2m=[0m"159980" [3mwindow[0m[2m=[0m2023-01-10..2023-02-08 [3mtotal[0m[2m=[0m182196
[2m2026-09-02T18:54:01.720043Z[0m [32m INFO[0m [2mtushare_sync[0m[2m:[0m window synced [3mcode[0m[2m=[0m"159980" [3mwindow[0m[2m=[0m2023-02-09..2023-03-10 [3mtotal[0m[2m=[0m187498
[2m2026-09-02T18:54:02.708409Z[0m [32m INFO[0m [2mtushare_sync[0m[2m:[0m window synced [3mcode[0m[2m=[0m"159980" [3mwindow[0m[2m=[0m2023-03-11..2023-04-09 [3mtotal[0m[2m=[0m192077
[2m2026-09-02T18:54:03.810467Z[0m [32m INFO[0m [2mtushare_sync[0m[2m:[0m window synced [3mcode[0m[2m=[0m"159980" [3mwindow[0m[2m=[0m2023-04-10..2023-05-09 [3mtotal[0m[2m=[0m196656
[2m2026-09-02T18:54:04.728970Z[0m [32m INFO[0m [2mtushare_sync[0m[2m:[0m window synced [3mcode[0m[2m=[0m"159980" [3mwindow[0m[2m=[0m2023-05-10..2023-06-08 [3mtotal[0m[2m=[0m201958
[2m2026-09-02T18:54:05.738978Z[0m [32m INFO[0m [2mtushare_sync[0m[2m:[0m window synced [3mcode[0m[2m=[0m"159980" [3mwindow[0m[2m=[0m2023-06-09..2023-07-08 [3mtotal[0m[2m=[0m206537
[2m2026-09-02T18:54:06.750576Z[0m [32m INFO[0m [2mtushare_sync[0m[2m:[0m window synced [3mcode[0m[2m=[0m"159980" [3mwindow[0m[2m=[0m2023-07-09..2023-08-07 [3mtotal[0m[2m=[0m211598
[2m2026-09-02T18:54:07.813244Z[0m [32m INFO[0m [2mtushare_sync[0m[2m:[0m window synced [3mcode[0m[2m=[0m"159980" [3mwindow[0m[2m=[0m2023-08-08..2023-09-06 [3mtotal[0m[2m=[0m216900
[2m2026-09-02T18:54:08.716583Z[0m [32m INFO[0m [2mtushare_sync[0m[2m:[0m window synced [3mcode[0m[2m=[0m"159980" [3mwindow[0m[2m=[0m2023-09-07..2023-10-06 [3mtotal[0m[2m=[0m220756
[2m2026-09-02T18:54:09.718680Z[0m [32m INFO[0m [2mtushare_sync[0m[2m:[0m window synced [3mcode[0m[2m=[0m"159980" [3mwindow[0m[2m=[0m2023-10-07..2023-11-05 [3mtotal[0m[2m=[0m225576
[2m2026-09-02T18:54:10.947217Z[0m [32m INFO[0m [2mtushare_sync[0m[2m:[0m window synced [3mcode[0m[2m=[0m"159980" [3mwindow[0m[2m=[0m2023-11-06..2023-12-05 [3mtotal[0m[2m=[0m230878
[2m2026-09-02T18:54:11.729503Z[0m [32m INFO[0m [2mtushare_sync[0m[2m:[0m window synced [3mcode[0m[2m=[0m"159980" [3mwindow[0m[2m=[0m2023-12-06..2024-01-04 [3mtotal[0m[2m=[0m235939
[2m2026-09-02T18:54:12.749689Z[0m [32m INFO[0m [2mtushare_sync[0m[2m:[0m window synced [3mcode[0m[2m=[0m"159980" [3mwindow[0m[2m=[0m2024-01-05..2024-02-03 [3mtotal[0m[2m=[0m241000
[2m2026-09-02T18:54:13.690420Z[0m [32m INFO[0m [2mtushare_sync[0m[2m:[0m window synced [3mcode[0m[2m=[0m"159980" [3mwindow[0m[2m=[0m2024-02-04..2024-03-04 [3mtotal[0m[2m=[0m244615
[2m2026-09-02T18:54:14.749675Z[0m [32m INFO[0m [2mtushare_sync[0m[2m:[0m window synced [3mcode[0m[2m=[0m"159980" [3mwindow[0m[2m=[0m2024-03-05..2024-04-03 [3mtotal[0m[2m=[0m249917
[2m2026-09-02T18:54:15.756023Z[0m [32m INFO[0m [2mtushare_sync[0m[2m:[0m window synced [3mcode[0m[2m=[0m"159980" [3mwindow[0m[2m=[0m2024-04-04..2024-05-03 [3mtotal[0m[2m=[0m254014
[2m2026-09-02T18:54:16.754319Z[0m [32m INFO[0m [2mtushare_sync[0m[2m:[0m window synced [3mcode[0m[2m=[0m"159980" [3mwindow[0m[2m=[0m2024-05-04..2024-06-02 [3mtotal[0m[2m=[0m258834
[2m2026-09-02T18:54:17.727034Z[0m [32m INFO[0m [2mtushare_sync[0m[2m:[0m window synced [3mcode[0m[2m=[0m"159980" [3mwindow[0m[2m=[0m2024-06-03..2024-07-02 [3mtotal[0m[2m=[0m263895
[2m2026-09-02T18:54:18.761021Z[0m [32m INFO[0m [2mtushare_sync[0m[2m:[0m window synced [3mcode[0m[2m=[0m"159980" [3mwindow[0m[2m=[0m2024-07-03..2024-08-01 [3mtotal[0m[2m=[0m269197
[2m2026-09-02T18:54:19.815916Z[0m [32m INFO[0m [2mtushare_sync[0m[2m:[0m window synced [3mcode[0m[2m=[0m"159980" [3mwindow[0m[2m=[0m2024-08-02..2024-08-31 [3mtotal[0m[2m=[0m274258
[2m2026-09-02T18:54:20.715144Z[0m [32m INFO[0m [2mtushare_sync[0m[2m:[0m window synced [3mcode[0m[2m=[0m"159980" [3mwindow[0m[2m=[0m2024-09-01..2024-09-30 [3mtotal[0m[2m=[0m278837
[2m2026-09-02T18:54:21.727042Z[0m [32m INFO[0m [2mtushare_sync[0m[2m:[0m window synced [3mcode[0m[2m=[0m"159980" [3mwindow[0m[2m=[0m2024-10-01..2024-10-30 [3mtotal[0m[2m=[0m282934
[2m2026-09-02T18:54:22.730560Z[0m [32m INFO[0m [2mtushare_sync[0m[2m:[0m window synced [3mcode[0m[2m=[0m"159980" [3mwindow[0m[2m=[0m2024-10-31..2024-11-29 [3mtotal[0m[2m=[0m288236
[2m2026-09-02T18:54:23.747775Z[0m [32m INFO[0m [2mtushare_sync[0m[2m:[0m window synced [3mcode[0m[2m=[0m"159980" [3mwindow[0m[2m=[0m2024-11-30..2024-12-29 [3mtotal[0m[2m=[0m293056
[2m2026-09-02T18:54:25.498017Z[0m [32m INFO[0m [2mtushare_sync[0m[2m:[0m window synced [3mcode[0m[2m=[0m"159980" [3mwindow[0m[2m=[0m2024-12-30..2025-01-28 [3mtotal[0m[2m=[0m297876
[2m2026-09-02T18:54:25.685804Z[0m [32m INFO[0m [2mtushare_sync[0m[2m:[0m window synced [3mcode[0m[2m=[0m"159980" [3mwindow[0m[2m=[0m2025-01-29..2025-02-27 [3mtotal[0m[2m=[0m301973
[2m2026-09-02T18:54:26.714300Z[0m [32m INFO[0m [2mtushare_sync[0m[2m:[0m window synced [3mcode[0m[2m=[0m"159980" [3mwindow[0m[2m=[0m2025-02-28..2025-03-29 [3mtotal[0m[2m=[0m307034
[2m2026-09-02T18:54:27.719524Z[0m [32m INFO[0m [2mtushare_sync[0m[2m:[0m window synced [3mcode[0m[2m=[0m"159980" [3mwindow[0m[2m=[0m2025-03-30..2025-04-28 [3mtotal[0m[2m=[0m311854
[2m2026-09-02T18:54:28.729968Z[0m [32m INFO[0m [2mtushare_sync[0m[2m:[0m window synced [3mcode[0m[2m=[0m"159980" [3mwindow[0m[2m=[0m2025-04-29..2025-05-28 [3mtotal[0m[2m=[0m316433
[2m2026-09-02T18:54:29.748152Z[0m [32m INFO[0m [2mtushare_sync[0m[2m:[0m window synced [3mcode[0m[2m=[0m"159980" [3mwindow[0m[2m=[0m2025-05-29..2025-06-27 [3mtotal[0m[2m=[0m321494
[2m2026-09-02T18:54:30.733981Z[0m [32m INFO[0m [2mtushare_sync[0m[2m:[0m window synced [3mcode[0m[2m=[0m"159980" [3mwindow[0m[2m=[0m2025-06-28..2025-07-27 [3mtotal[0m[2m=[0m326314
[2m2026-09-02T18:54:31.765627Z[0m [32m INFO[0m [2mtushare_sync[0m[2m:[0m window synced [3mcode[0m[2m=[0m"159980" [3mwindow[0m[2m=[0m2025-07-28..2025-08-26 [3mtotal[0m[2m=[0m331616
[2m2026-09-02T18:54:32.734813Z[0m [32m INFO[0m [2mtushare_sync[0m[2m:[0m window synced [3mcode[0m[2m=[0m"159980" [3mwindow[0m[2m=[0m2025-08-27..2025-09-25 [3mtotal[0m[2m=[0m336918
[2m2026-09-02T18:54:33.686316Z[0m [32m INFO[0m [2mtushare_sync[0m[2m:[0m window synced [3mcode[0m[2m=[0m"159980" [3mwindow[0m[2m=[0m2025-09-26..2025-10-25 [3mtotal[0m[2m=[0m340533
[2m2026-09-02T18:54:34.732337Z[0m [32m INFO[0m [2mtushare_sync[0m[2m:[0m window synced [3mcode[0m[2m=[0m"159980" [3mwindow[0m[2m=[0m2025-10-26..2025-11-24 [3mtotal[0m[2m=[0m345594
[2m2026-09-02T18:54:35.739719Z[0m [32m INFO[0m [2mtushare_sync[0m[2m:[0m window synced [3mcode[0m[2m=[0m"159980" [3mwindow[0m[2m=[0m2025-11-25..2025-12-24 [3mtotal[0m[2m=[0m350896
[2m2026-09-02T18:54:37.390701Z[0m [32m INFO[0m [2mtushare_sync[0m[2m:[0m window synced [3mcode[0m[2m=[0m"159980" [3mwindow[0m[2m=[0m2025-12-25..2026-01-23 [3mtotal[0m[2m=[0m355716
[2m2026-09-02T18:54:37.688213Z[0m [32m INFO[0m [2mtushare_sync[0m[2m:[0m window synced [3mcode[0m[2m=[0m"159980" [3mwindow[0m[2m=[0m2026-01-24..2026-02-22 [3mtotal[0m[2m=[0m359331
[2m2026-09-02T18:54:38.762384Z[0m [32m INFO[0m [2mtushare_sync[0m[2m:[0m window synced [3mcode[0m[2m=[0m"159980" [3mwindow[0m[2m=[0m2026-02-23..2026-03-24 [3mtotal[0m[2m=[0m364392
[2m2026-09-02T18:54:39.722762Z[0m [32m INFO[0m [2mtushare_sync[0m[2m:[0m window synced [3mcode[0m[2m=[0m"159980" [3mwindow[0m[2m=[0m2026-03-25..2026-04-23 [3mtotal[0m[2m=[0m369453
[2m2026-09-02T18:54:40.987195Z[0m [32m INFO[0m [2mtushare_sync[0m[2m:[0m window synced [3mcode[0m[2m=[0m"159980" [3mwindow[0m[2m=[0m2026-04-24..2026-05-23 [3mtotal[0m[2m=[0m373791
[2m2026-09-02T18:54:41.737181Z[0m [32m INFO[0m [2mtushare_sync[0m[2m:[0m window synced [3mcode[0m[2m=[0m"159980" [3mwindow[0m[2m=[0m2026-05-24..2026-06-22 [3mtotal[0m[2m=[0m378611
[2m2026-09-02T18:54:42.731270Z[0m [32m INFO[0m [2mtushare_sync[0m[2m:[0m window synced [3mcode[0m[2m=[0m"159980" [3mwindow[0m[2m=[0m2026-06-23..2026-07-22 [3mtotal[0m[2m=[0m383913
[2m2026-09-02T18:54:43.743877Z[0m [32m INFO[0m [2mtushare_sync[0m[2m:[0m window synced [3mcode[0m[2m=[0m"159980" [3mwindow[0m[2m=[0m2026-07-23..2026-08-21 [3mtotal[0m[2m=[0m389215
[2m2026-09-02T18:54:44.702778Z[0m [32m INFO[0m [2mtushare_sync[0m[2m:[0m window synced [3mcode[0m[2m=[0m"159980" [3mwindow[0m[2m=[0m2026-08-22..2026-09-03 [3mtotal[0m[2m=[0m391143
[2m2026-09-02T18:54:44.702814Z[0m [32m INFO[0m [2mtushare_sync[0m[2m:[0m === sync done === [3mcode[0m[2m=[0m"159980" [3mbars[0m[2m=[0m391143
[2m2026-09-02T18:54:44.702827Z[0m [32m INFO[0m [2mtushare_sync[0m[2m:[0m === sync start === [3mcode[0m[2m=[0m"159981"
[2m2026-09-02T18:54:53.968136Z[0m [32m INFO[0m [2mtushare_sync[0m[2m:[0m first data year found [3mcode[0m[2m=[0m"159981" [3mfirst_year[0m[2m=[0m2020
[2m2026-09-02T18:54:54.647680Z[0m [32m INFO[0m [2mtushare_sync[0m[2m:[0m window synced [3mcode[0m[2m=[0m"159981" [3mwindow[0m[2m=[0m2020-01-01..2020-01-30 [3mtotal[0m[2m=[0m1205
[2m2026-09-02T18:54:55.751797Z[0m [32m INFO[0m [2mtushare_sync[0m[2m:[0m window synced [3mcode[0m[2m=[0m"159981" [3mwindow[0m[2m=[0m2020-01-31..2020-02-29 [3mtotal[0m[2m=[0m6025
[2m2026-09-02T18:54:56.774576Z[0m [32m INFO[0m [2mtushare_sync[0m[2m:[0m window synced [3mcode[0m[2m=[0m"159981" [3mwindow[0m[2m=[0m2020-03-01..2020-03-30 [3mtotal[0m[2m=[0m11086
[2m2026-09-02T18:54:58.361294Z[0m [32m INFO[0m [2mtushare_sync[0m[2m:[0m window synced [3mcode[0m[2m=[0m"159981" [3mwindow[0m[2m=[0m2020-03-31..2020-04-29 [3mtotal[0m[2m=[0m16147
[2m2026-09-02T18:54:58.736632Z[0m [32m INFO[0m [2mtushare_sync[0m[2m:[0m window synced [3mcode[0m[2m=[0m"159981" [3mwindow[0m[2m=[0m2020-04-30..2020-05-29 [3mtotal[0m[2m=[0m20726
[2m2026-09-02T18:54:59.726467Z[0m [32m INFO[0m [2mtushare_sync[0m[2m:[0m window synced [3mcode[0m[2m=[0m"159981" [3mwindow[0m[2m=[0m2020-05-30..2020-06-28 [3mtotal[0m[2m=[0m25064
[2m2026-09-02T18:55:00.752438Z[0m [32m INFO[0m [2mtushare_sync[0m[2m:[0m window synced [3mcode[0m[2m=[0m"159981" [3mwindow[0m[2m=[0m2020-06-29..2020-07-28 [3mtotal[0m[2m=[0m30366
[2m2026-09-02T18:55:01.764700Z[0m [32m INFO[0m [2mtushare_sync[0m[2m:[0m window synced [3mcode[0m[2m=[0m"159981" [3mwindow[0m[2m=[0m2020-07-29..2020-08-27 [3mtotal[0m[2m=[0m35668
[2m2026-09-02T18:55:02.754601Z[0m [32m INFO[0m [2mtushare_sync[0m[2m:[0m window synced [3mcode[0m[2m=[0m"159981" [3mwindow[0m[2m=[0m2020-08-28..2020-09-26 [3mtotal[0m[2m=[0m40729
[2m2026-09-02T18:55:03.725526Z[0m [32m INFO[0m [2mtushare_sync[0m[2m:[0m window synced [3mcode[0m[2m=[0m"159981" [3mwindow[0m[2m=[0m2020-09-27..2020-10-26 [3mtotal[0m[2m=[0m44344
[2m2026-09-02T18:55:05.486204Z[0m [32m INFO[0m [2mtushare_sync[0m[2m:[0m window synced [3mcode[0m[2m=[0m"159981" [3mwindow[0m[2m=[0m2020-10-27..2020-11-25 [3mtotal[0m[2m=[0m49646
[2m2026-09-02T18:55:05.766509Z[0m [32m INFO[0m [2mtushare_sync[0m[2m:[0m window synced [3mcode[0m[2m=[0m"159981" [3mwindow[0m[2m=[0m2020-11-26..2020-12-25 [3mtotal[0m[2m=[0m54948
[2m2026-09-02T18:55:06.799031Z[0m [32m INFO[0m [2mtushare_sync[0m[2m:[0m window synced [3mcode[0m[2m=[0m"159981" [3mwindow[0m[2m=[0m2020-12-26..2021-01-24 [3mtotal[0m[2m=[0m59527
[2m2026-09-02T18:55:07.745847Z[0m [32m INFO[0m [2mtushare_sync[0m[2m:[0m window synced [3mcode[0m[2m=[0m"159981" [3mwindow[0m[2m=[0m2021-01-25..2021-02-23 [3mtotal[0m[2m=[0m63624
[2m2026-09-02T18:55:08.779888Z[0m [32m INFO[0m [2mtushare_sync[0m[2m:[0m window synced [3mcode[0m[2m=[0m"159981" [3mwindow[0m[2m=[0m2021-02-24..2021-03-25 [3mtotal[0m[2m=[0m68926
[2m2026-09-02T18:55:09.797946Z[0m [32m INFO[0m [2mtushare_sync[0m[2m:[0m window synced [3mcode[0m[2m=[0m"159981" [3mwindow[0m[2m=[0m2021-03-26..2021-04-24 [3mtotal[0m[2m=[0m73746
[2m2026-09-02T18:55:10.789285Z[0m [32m INFO[0m [2mtushare_sync[0m[2m:[0m window synced [3mcode[0m[2m=[0m"159981" [3mwindow[0m[2m=[0m2021-04-25..2021-05-24 [3mtotal[0m[2m=[0m78084
[2m2026-09-02T18:55:11.774637Z[0m [32m INFO[0m [2mtushare_sync[0m[2m:[0m window synced [3mcode[0m[2m=[0m"159981" [3mwindow[0m[2m=[0m2021-05-25..2021-06-23 [3mtotal[0m[2m=[0m83145
[2m2026-09-02T18:55:12.816883Z[0m [32m INFO[0m [2mtushare_sync[0m[2m:[0m window synced [3mcode[0m[2m=[0m"159981" [3mwindow[0m[2m=[0m2021-06-24..2021-07-23 [3mtotal[0m[2m=[0m88447
[2m2026-09-02T18:55:13.783777Z[0m [32m INFO[0m [2mtushare_sync[0m[2m:[0m window synced [3mcode[0m[2m=[0m"159981" [3mwindow[0m[2m=[0m2021-07-24..2021-08-22 [3mtotal[0m[2m=[0m93267
[2m2026-09-02T18:55:14.773001Z[0m [32m INFO[0m [2mtushare_sync[0m[2m:[0m window synced [3mcode[0m[2m=[0m"159981" [3mwindow[0m[2m=[0m2021-08-23..2021-09-21 [3mtotal[0m[2m=[0m98087
[2m2026-09-02T18:55:15.770488Z[0m [32m INFO[0m [2mtushare_sync[0m[2m:[0m window synced [3mcode[0m[2m=[0m"159981" [3mwindow[0m[2m=[0m2021-09-22..2021-10-21 [3mtotal[0m[2m=[0m102184
[2m2026-09-02T18:55:16.779833Z[0m [32m INFO[0m [2mtushare_sync[0m[2m:[0m window synced [3mcode[0m[2m=[0m"159981" [3mwindow[0m[2m=[0m2021-10-22..2021-11-20 [3mtotal[0m[2m=[0m107245
[2m2026-09-02T18:55:17.842220Z[0m [32m INFO[0m [2mtushare_sync[0m[2m:[0m window synced [3mcode[0m[2m=[0m"159981" [3mwindow[0m[2m=[0m2021-11-21..2021-12-20 [3mtotal[0m[2m=[0m112306
[2m2026-09-02T18:55:18.780931Z[0m [32m INFO[0m [2mtushare_sync[0m[2m:[0m window synced [3mcode[0m[2m=[0m"159981" [3mwindow[0m[2m=[0m2021-12-21..2022-01-19 [3mtotal[0m[2m=[0m117367
[2m2026-09-02T18:55:19.786196Z[0m [32m INFO[0m [2mtushare_sync[0m[2m:[0m window synced [3mcode[0m[2m=[0m"159981" [3mwindow[0m[2m=[0m2022-01-20..2022-02-18 [3mtotal[0m[2m=[0m121464
[2m2026-09-02T18:55:20.834515Z[0m [32m INFO[0m [2mtushare_sync[0m[2m:[0m window synced [3mcode[0m[2m=[0m"159981" [3mwindow[0m[2m=[0m2022-02-19..2022-03-20 [3mtotal[0m[2m=[0m126284
[2m2026-09-02T18:55:21.815769Z[0m [32m INFO[0m [2mtushare_sync[0m[2m:[0m window synced [3mcode[0m[2m=[0m"159981" [3mwindow[0m[2m=[0m2022-03-21..2022-04-19 [3mtotal[0m[2m=[0m131104
[2m2026-09-02T18:55:22.801502Z[0m [32m INFO[0m [2mtushare_sync[0m[2m:[0m window synced [3mcode[0m[2m=[0m"159981" [3mwindow[0m[2m=[0m2022-04-20..2022-05-19 [3mtotal[0m[2m=[0m135683
[2m2026-09-02T18:55:23.786903Z[0m [32m INFO[0m [2mtushare_sync[0m[2m:[0m window synced [3mcode[0m[2m=[0m"159981" [3mwindow[0m[2m=[0m2022-05-20..2022-06-18 [3mtotal[0m[2m=[0m140503
[2m2026-09-02T18:55:24.823248Z[0m [32m INFO[0m [2mtushare_sync[0m[2m:[0m window synced [3mcode[0m[2m=[0m"159981" [3mwindow[0m[2m=[0m2022-06-19..2022-07-18 [3mtotal[0m[2m=[0m145564
[2m2026-09-02T18:55:25.812260Z[0m [32m INFO[0m [2mtushare_sync[0m[2m:[0m window synced [3mcode[0m[2m=[0m"159981" [3mwindow[0m[2m=[0m2022-07-19..2022-08-17 [3mtotal[0m[2m=[0m150866
[2m2026-09-02T18:55:26.803790Z[0m [32m INFO[0m [2mtushare_sync[0m[2m:[0m window synced [3mcode[0m[2m=[0m"159981" [3mwindow[0m[2m=[0m2022-08-18..2022-09-16 [3mtotal[0m[2m=[0m155927
[2m2026-09-02T18:55:27.753905Z[0m [32m INFO[0m [2mtushare_sync[0m[2m:[0m window synced [3mcode[0m[2m=[0m"159981" [3mwindow[0m[2m=[0m2022-09-17..2022-10-16 [3mtotal[0m[2m=[0m159542
[2m2026-09-02T18:55:28.820410Z[0m [32m INFO[0m [2mtushare_sync[0m[2m:[0m window synced [3mcode[0m[2m=[0m"159981" [3mwindow[0m[2m=[0m2022-10-17..2022-11-15 [3mtotal[0m[2m=[0m164844
[2m2026-09-02T18:55:29.834230Z[0m [32m INFO[0m [2mtushare_sync[0m[2m:[0m window synced [3mcode[0m[2m=[0m"159981" [3mwindow[0m[2m=[0m2022-11-16..2022-12-15 [3mtotal[0m[2m=[0m170146
[2m2026-09-02T18:55:30.826216Z[0m [32m INFO[0m [2mtushare_sync[0m[2m:[0m window synced [3mcode[0m[2m=[0m"159981" [3mwindow[0m[2m=[0m2022-12-16..2023-01-14 [3mtotal[0m[2m=[0m174966
[2m2026-09-02T18:55:31.815264Z[0m [32m INFO[0m [2mtushare_sync[0m[2m:[0m window synced [3mcode[0m[2m=[0m"159981" [3mwindow[0m[2m=[0m2023-01-15..2023-02-13 [3mtotal[0m[2m=[0m178822
[2m2026-09-02T18:55:32.856996Z[0m [32m INFO[0m [2mtushare_sync[0m[2m:[0m window synced [3mcode[0m[2m=[0m"159981" [3mwindow[0m[2m=[0m2023-02-14..2023-03-15 [3mtotal[0m[2m=[0m184124
[2m2026-09-02T18:55:33.831821Z[0m [32m INFO[0m [2mtushare_sync[0m[2m:[0m window synced [3mcode[0m[2m=[0m"159981" [3mwindow[0m[2m=[0m2023-03-16..2023-04-14 [3mtotal[0m[2m=[0m189185
[2m2026-09-02T18:55:34.800603Z[0m [32m INFO[0m [2mtushare_sync[0m[2m:[0m window synced [3mcode[0m[2m=[0m"159981" [3mwindow[0m[2m=[0m2023-04-15..2023-05-14 [3mtotal[0m[2m=[0m193282
[2m2026-09-02T18:55:35.960638Z[0m [32m INFO[0m [2mtushare_sync[0m[2m:[0m window synced [3mcode[0m[2m=[0m"159981" [3mwindow[0m[2m=[0m2023-05-15..2023-06-13 [3mtotal[0m[2m=[0m198584
[2m2026-09-02T18:55:36.845358Z[0m [32m INFO[0m [2mtushare_sync[0m[2m:[0m window synced [3mcode[0m[2m=[0m"159981" [3mwindow[0m[2m=[0m2023-06-14..2023-07-13 [3mtotal[0m[2m=[0m203404
[2m2026-09-02T18:55:37.832869Z[0m [32m INFO[0m [2mtushare_sync[0m[2m:[0m window synced [3mcode[0m[2m=[0m"159981" [3mwindow[0m[2m=[0m2023-07-14..2023-08-12 [3mtotal[0m[2m=[0m208465
[2m2026-09-02T18:55:38.849756Z[0m [32m INFO[0m [2mtushare_sync[0m[2m:[0m window synced [3mcode[0m[2m=[0m"159981" [3mwindow[0m[2m=[0m2023-08-13..2023-09-11 [3mtotal[0m[2m=[0m213526
[2m2026-09-02T18:55:39.830823Z[0m [32m INFO[0m [2mtushare_sync[0m[2m:[0m window synced [3mcode[0m[2m=[0m"159981" [3mwindow[0m[2m=[0m2023-09-12..2023-10-11 [3mtotal[0m[2m=[0m217382
[2m2026-09-02T18:55:40.857865Z[0m [32m INFO[0m [2mtushare_sync[0m[2m:[0m window synced [3mcode[0m[2m=[0m"159981" [3mwindow[0m[2m=[0m2023-10-12..2023-11-10 [3mtotal[0m[2m=[0m222684
[2m2026-09-02T18:55:41.845925Z[0m [32m INFO[0m [2mtushare_sync[0m[2m:[0m window synced [3mcode[0m[2m=[0m"159981" [3mwindow[0m[2m=[0m2023-11-11..2023-12-10 [3mtotal[0m[2m=[0m227504
[2m2026-09-02T18:55:42.879087Z[0m [32m INFO[0m [2mtushare_sync[0m[2m:[0m window synced [3mcode[0m[2m=[0m"159981" [3mwindow[0m[2m=[0m2023-12-11..2024-01-09 [3mtotal[0m[2m=[0m232565
[2m2026-09-02T18:55:43.851885Z[0m [32m INFO[0m [2mtushare_sync[0m[2m:[0m window synced [3mcode[0m[2m=[0m"159981" [3mwindow[0m[2m=[0m2024-01-10..2024-02-08 [3mtotal[0m[2m=[0m237867
[2m2026-09-02T18:55:44.805235Z[0m [32m INFO[0m [2mtushare_sync[0m[2m:[0m window synced [3mcode[0m[2m=[0m"159981" [3mwindow[0m[2m=[0m2024-02-09..2024-03-09 [3mtotal[0m[2m=[0m241482
[2m2026-09-02T18:55:45.843175Z[0m [32m INFO[0m [2mtushare_sync[0m[2m:[0m window synced [3mcode[0m[2m=[0m"159981" [3mwindow[0m[2m=[0m2024-03-10..2024-04-08 [3mtotal[0m[2m=[0m246061
[2m2026-09-02T18:55:47.736512Z[0m [32m INFO[0m [2mtushare_sync[0m[2m:[0m window synced [3mcode[0m[2m=[0m"159981" [3mwindow[0m[2m=[0m2024-04-09..2024-05-08 [3mtotal[0m[2m=[0m250640
[2m2026-09-02T18:55:48.054077Z[0m [32m INFO[0m [2mtushare_sync[0m[2m:[0m window synced [3mcode[0m[2m=[0m"159981" [3mwindow[0m[2m=[0m2024-05-09..2024-06-07 [3mtotal[0m[2m=[0m255942
[2m2026-09-02T18:55:48.982625Z[0m [32m INFO[0m [2mtushare_sync[0m[2m:[0m window synced [3mcode[0m[2m=[0m"159981" [3mwindow[0m[2m=[0m2024-06-08..2024-07-07 [3mtotal[0m[2m=[0m260521
[2m2026-09-02T18:55:50.039467Z[0m [32m INFO[0m [2mtushare_sync[0m[2m:[0m window synced [3mcode[0m[2m=[0m"159981" [3mwindow[0m[2m=[0m2024-07-08..2024-08-06 [3mtotal[0m[2m=[0m265823
[2m2026-09-02T18:55:51.095543Z[0m [32m INFO[0m [2mtushare_sync[0m[2m:[0m window synced [3mcode[0m[2m=[0m"159981" [3mwindow[0m[2m=[0m2024-08-07..2024-09-05 [3mtotal[0m[2m=[0m271125
[2m2026-09-02T18:55:51.951775Z[0m [32m INFO[0m [2mtushare_sync[0m[2m:[0m window synced [3mcode[0m[2m=[0m"159981" [3mwindow[0m[2m=[0m2024-09-06..2024-10-05 [3mtotal[0m[2m=[0m274740
[2m2026-09-02T18:55:52.981902Z[0m [32m INFO[0m [2mtushare_sync[0m[2m:[0m window synced [3mcode[0m[2m=[0m"159981" [3mwindow[0m[2m=[0m2024-10-06..2024-11-04 [3mtotal[0m[2m=[0m279560
[2m2026-09-02T18:55:54.000298Z[0m [32m INFO[0m [2mtushare_sync[0m[2m:[0m window synced [3mcode[0m[2m=[0m"159981" [3mwindow[0m[2m=[0m2024-11-05..2024-12-04 [3mtotal[0m[2m=[0m284862
[2m2026-09-02T18:55:54.988924Z[0m [32m INFO[0m [2mtushare_sync[0m[2m:[0m window synced [3mcode[0m[2m=[0m"159981" [3mwindow[0m[2m=[0m2024-12-05..2025-01-03 [3mtotal[0m[2m=[0m289923
[2m2026-09-02T18:55:55.955022Z[0m [32m INFO[0m [2mtushare_sync[0m[2m:[0m window synced [3mcode[0m[2m=[0m"159981" [3mwindow[0m[2m=[0m2025-01-04..2025-02-02 [3mtotal[0m[2m=[0m293779
[2m2026-09-02T18:55:56.976102Z[0m [32m INFO[0m [2mtushare_sync[0m[2m:[0m window synced [3mcode[0m[2m=[0m"159981" [3mwindow[0m[2m=[0m2025-02-03..2025-03-04 [3mtotal[0m[2m=[0m298599
[2m2026-09-02T18:55:57.983113Z[0m [32m INFO[0m [2mtushare_sync[0m[2m:[0m window synced [3mcode[0m[2m=[0m"159981" [3mwindow[0m[2m=[0m2025-03-05..2025-04-03 [3mtotal[0m[2m=[0m303901
[2m2026-09-02T18:55:58.956173Z[0m [32m INFO[0m [2mtushare_sync[0m[2m:[0m window synced [3mcode[0m[2m=[0m"159981" [3mwindow[0m[2m=[0m2025-04-04..2025-05-03 [3mtotal[0m[2m=[0m308239
[2m2026-09-02T18:55:59.978978Z[0m [32m INFO[0m [2mtushare_sync[0m[2m:[0m window synced [3mcode[0m[2m=[0m"159981" [3mwindow[0m[2m=[0m2025-05-04..2025-06-02 [3mtotal[0m[2m=[0m312818
[2m2026-09-02T18:56:01.350983Z[0m [32m INFO[0m [2mtushare_sync[0m[2m:[0m window synced [3mcode[0m[2m=[0m"159981" [3mwindow[0m[2m=[0m2025-06-03..2025-07-02 [3mtotal[0m[2m=[0m318120
[2m2026-09-02T18:56:02.125948Z[0m [32m INFO[0m [2mtushare_sync[0m[2m:[0m window synced [3mcode[0m[2m=[0m"159981" [3mwindow[0m[2m=[0m2025-07-03..2025-08-01 [3mtotal[0m[2m=[0m323422
[2m2026-09-02T18:56:02.974490Z[0m [32m INFO[0m [2mtushare_sync[0m[2m:[0m window synced [3mcode[0m[2m=[0m"159981" [3mwindow[0m[2m=[0m2025-08-02..2025-08-31 [3mtotal[0m[2m=[0m328242
[2m2026-09-02T18:56:04.020641Z[0m [32m INFO[0m [2mtushare_sync[0m[2m:[0m window synced [3mcode[0m[2m=[0m"159981" [3mwindow[0m[2m=[0m2025-09-01..2025-09-30 [3mtotal[0m[2m=[0m333544
[2m2026-09-02T18:56:04.953004Z[0m [32m INFO[0m [2mtushare_sync[0m[2m:[0m window synced [3mcode[0m[2m=[0m"159981" [3mwindow[0m[2m=[0m2025-10-01..2025-10-30 [3mtotal[0m[2m=[0m337400
[2m2026-09-02T18:56:06.048156Z[0m [32m INFO[0m [2mtushare_sync[0m[2m:[0m window synced [3mcode[0m[2m=[0m"159981" [3mwindow[0m[2m=[0m2025-10-31..2025-11-29 [3mtotal[0m[2m=[0m342461
[2m2026-09-02T18:56:07.002334Z[0m [32m INFO[0m [2mtushare_sync[0m[2m:[0m window synced [3mcode[0m[2m=[0m"159981" [3mwindow[0m[2m=[0m2025-11-30..2025-12-29 [3mtotal[0m[2m=[0m347522
[2m2026-09-02T18:56:08.669153Z[0m [32m INFO[0m [2mtushare_sync[0m[2m:[0m window synced [3mcode[0m[2m=[0m"159981" [3mwindow[0m[2m=[0m2025-12-30..2026-01-28 [3mtotal[0m[2m=[0m352342
[2m2026-09-02T18:56:09.013279Z[0m [32m INFO[0m [2mtushare_sync[0m[2m:[0m window synced [3mcode[0m[2m=[0m"159981" [3mwindow[0m[2m=[0m2026-01-29..2026-02-27 [3mtotal[0m[2m=[0m356198
[2m2026-09-02T18:56:09.966637Z[0m [32m INFO[0m [2mtushare_sync[0m[2m:[0m window synced [3mcode[0m[2m=[0m"159981" [3mwindow[0m[2m=[0m2026-02-28..2026-03-29 [3mtotal[0m[2m=[0m361018
[2m2026-09-02T18:56:10.981810Z[0m [32m INFO[0m [2mtushare_sync[0m[2m:[0m window synced [3mcode[0m[2m=[0m"159981" [3mwindow[0m[2m=[0m2026-03-30..2026-04-28 [3mtotal[0m[2m=[0m366079
[2m2026-09-02T18:56:11.964669Z[0m [32m INFO[0m [2mtushare_sync[0m[2m:[0m window synced [3mcode[0m[2m=[0m"159981" [3mwindow[0m[2m=[0m2026-04-29..2026-05-28 [3mtotal[0m[2m=[0m370658
[2m2026-09-02T18:56:13.002232Z[0m [32m INFO[0m [2mtushare_sync[0m[2m:[0m window synced [3mcode[0m[2m=[0m"159981" [3mwindow[0m[2m=[0m2026-05-29..2026-06-27 [3mtotal[0m[2m=[0m375478
[2m2026-09-02T18:56:13.990081Z[0m [32m INFO[0m [2mtushare_sync[0m[2m:[0m window synced [3mcode[0m[2m=[0m"159981" [3mwindow[0m[2m=[0m2026-06-28..2026-07-27 [3mtotal[0m[2m=[0m380539
[2m2026-09-02T18:56:14.984893Z[0m [32m INFO[0m [2mtushare_sync[0m[2m:[0m window synced [3mcode[0m[2m=[0m"159981" [3mwindow[0m[2m=[0m2026-07-28..2026-08-26 [3mtotal[0m[2m=[0m385841
[2m2026-09-02T18:56:15.876163Z[0m [32m INFO[0m [2mtushare_sync[0m[2m:[0m window synced [3mcode[0m[2m=[0m"159981" [3mwindow[0m[2m=[0m2026-08-27..2026-09-03 [3mtotal[0m[2m=[0m387046
[2m2026-09-02T18:56:15.876195Z[0m [32m INFO[0m [2mtushare_sync[0m[2m:[0m === sync done === [3mcode[0m[2m=[0m"159981" [3mbars[0m[2m=[0m387046
[2m2026-09-02T18:56:15.876201Z[0m [32m INFO[0m [2mtushare_sync[0m[2m:[0m === sync start === [3mcode[0m[2m=[0m"159985"
[2m2026-09-02T18:56:24.677974Z[0m [32m INFO[0m [2mtushare_sync[0m[2m:[0m first data year found [3mcode[0m[2m=[0m"159985" [3mfirst_year[0m[2m=[0m2019
[2m2026-09-02T18:56:24.836444Z[0m [32m INFO[0m [2mtushare_sync[0m[2m:[0m window synced [3mcode[0m[2m=[0m"159985" [3mwindow[0m[2m=[0m2019-01-01..2019-01-30 [3mtotal[0m[2m=[0m0
[2m2026-09-02T18:56:25.844768Z[0m [32m INFO[0m [2mtushare_sync[0m[2m:[0m window synced [3mcode[0m[2m=[0m"159985" [3mwindow[0m[2m=[0m2019-01-31..2019-03-01 [3mtotal[0m[2m=[0m0
[2m2026-09-02T18:56:26.843446Z[0m [32m INFO[0m [2mtushare_sync[0m[2m:[0m window synced [3mcode[0m[2m=[0m"159985" [3mwindow[0m[2m=[0m2019-03-02..2019-03-31 [3mtotal[0m[2m=[0m0
[2m2026-09-02T18:56:28.079950Z[0m [32m INFO[0m [2mtushare_sync[0m[2m:[0m window synced [3mcode[0m[2m=[0m"159985" [3mwindow[0m[2m=[0m2019-04-01..2019-04-30 [3mtotal[0m[2m=[0m0
[2m2026-09-02T18:56:29.001185Z[0m [32m INFO[0m [2mtushare_sync[0m[2m:[0m window synced [3mcode[0m[2m=[0m"159985" [3mwindow[0m[2m=[0m2019-05-01..2019-05-30 [3mtotal[0m[2m=[0m0
[2m2026-09-02T18:56:29.844682Z[0m [32m INFO[0m [2mtushare_sync[0m[2m:[0m window synced [3mcode[0m[2m=[0m"159985" [3mwindow[0m[2m=[0m2019-05-31..2019-06-29 [3mtotal[0m[2m=[0m0
[2m2026-09-02T18:56:30.840515Z[0m [32m INFO[0m [2mtushare_sync[0m[2m:[0m window synced [3mcode[0m[2m=[0m"159985" [3mwindow[0m[2m=[0m2019-06-30..2019-07-29 [3mtotal[0m[2m=[0m0
[2m2026-09-02T18:56:31.845025Z[0m [32m INFO[0m [2mtushare_sync[0m[2m:[0m window synced [3mcode[0m[2m=[0m"159985" [3mwindow[0m[2m=[0m2019-07-30..2019-08-28 [3mtotal[0m[2m=[0m0
[2m2026-09-02T18:56:32.844483Z[0m [32m INFO[0m [2mtushare_sync[0m[2m:[0m window synced [3mcode[0m[2m=[0m"159985" [3mwindow[0m[2m=[0m2019-08-29..2019-09-27 [3mtotal[0m[2m=[0m0
[2m2026-09-02T18:56:33.849391Z[0m [32m INFO[0m [2mtushare_sync[0m[2m:[0m window synced [3mcode[0m[2m=[0m"159985" [3mwindow[0m[2m=[0m2019-09-28..2019-10-27 [3mtotal[0m[2m=[0m0
[2m2026-09-02T18:56:34.848766Z[0m [32m INFO[0m [2mtushare_sync[0m[2m:[0m window synced [3mcode[0m[2m=[0m"159985" [3mwindow[0m[2m=[0m2019-10-28..2019-11-26 [3mtotal[0m[2m=[0m0
[2m2026-09-02T18:56:36.141338Z[0m [32m INFO[0m [2mtushare_sync[0m[2m:[0m window synced [3mcode[0m[2m=[0m"159985" [3mwindow[0m[2m=[0m2019-11-27..2019-12-26 [3mtotal[0m[2m=[0m3856
[2m2026-09-02T18:56:37.047251Z[0m [32m INFO[0m [2mtushare_sync[0m[2m:[0m window synced [3mcode[0m[2m=[0m"159985" [3mwindow[0m[2m=[0m2019-12-27..2020-01-25 [3mtotal[0m[2m=[0m8435
[2m2026-09-02T18:56:37.986914Z[0m [32m INFO[0m [2mtushare_sync[0m[2m:[0m window synced [3mcode[0m[2m=[0m"159985" [3mwindow[0m[2m=[0m2020-01-26..2020-02-24 [3mtotal[0m[2m=[0m12291
[2m2026-09-02T18:56:39.030076Z[0m [32m INFO[0m [2mtushare_sync[0m[2m:[0m window synced [3mcode[0m[2m=[0m"159985" [3mwindow[0m[2m=[0m2020-02-25..2020-03-25 [3mtotal[0m[2m=[0m17593
[2m2026-09-02T18:56:39.999870Z[0m [32m INFO[0m [2mtushare_sync[0m[2m:[0m window synced [3mcode[0m[2m=[0m"159985" [3mwindow[0m[2m=[0m2020-03-26..2020-04-24 [3mtotal[0m[2m=[0m22654
[2m2026-09-02T18:56:40.989504Z[0m [32m INFO[0m [2mtushare_sync[0m[2m:[0m window synced [3mcode[0m[2m=[0m"159985" [3mwindow[0m[2m=[0m2020-04-25..2020-05-24 [3mtotal[0m[2m=[0m26751
[2m2026-09-02T18:56:42.064761Z[0m [32m INFO[0m [2mtushare_sync[0m[2m:[0m window synced [3mcode[0m[2m=[0m"159985" [3mwindow[0m[2m=[0m2020-05-25..2020-06-23 [3mtotal[0m[2m=[0m32053
[2m2026-09-02T18:56:43.009943Z[0m [32m INFO[0m [2mtushare_sync[0m[2m:[0m window synced [3mcode[0m[2m=[0m"159985" [3mwindow[0m[2m=[0m2020-06-24..2020-07-23 [3mtotal[0m[2m=[0m36873
[2m2026-09-02T18:56:44.014335Z[0m [32m INFO[0m [2mtushare_sync[0m[2m:[0m window synced [3mcode[0m[2m=[0m"159985" [3mwindow[0m[2m=[0m2020-07-24..2020-08-22 [3mtotal[0m[2m=[0m41934
[2m2026-09-02T18:56:45.016418Z[0m [32m INFO[0m [2mtushare_sync[0m[2m:[0m window synced [3mcode[0m[2m=[0m"159985" [3mwindow[0m[2m=[0m2020-08-23..2020-09-21 [3mtotal[0m[2m=[0m46995
[2m2026-09-02T18:56:45.988179Z[0m [32m INFO[0m [2mtushare_sync[0m[2m:[0m window synced [3mcode[0m[2m=[0m"159985" [3mwindow[0m[2m=[0m2020-09-22..2020-10-21 [3mtotal[0m[2m=[0m50851
[2m2026-09-02T18:56:47.305127Z[0m [32m INFO[0m [2mtushare_sync[0m[2m:[0m window synced [3mcode[0m[2m=[0m"159985" [3mwindow[0m[2m=[0m2020-10-22..2020-11-20 [3mtotal[0m[2m=[0m56153
[2m2026-09-02T18:56:48.035454Z[0m [32m INFO[0m [2mtushare_sync[0m[2m:[0m window synced [3mcode[0m[2m=[0m"159985" [3mwindow[0m[2m=[0m2020-11-21..2020-12-20 [3mtotal[0m[2m=[0m60973
[2m2026-09-02T18:56:49.051432Z[0m [32m INFO[0m [2mtushare_sync[0m[2m:[0m window synced [3mcode[0m[2m=[0m"159985" [3mwindow[0m[2m=[0m2020-12-21..2021-01-19 [3mtotal[0m[2m=[0m66034
[2m2026-09-02T18:56:50.012918Z[0m [32m INFO[0m [2mtushare_sync[0m[2m:[0m window synced [3mcode[0m[2m=[0m"159985" [3mwindow[0m[2m=[0m2021-01-20..2021-02-18 [3mtotal[0m[2m=[0m70131
[2m2026-09-02T18:56:51.316956Z[0m [32m INFO[0m [2mtushare_sync[0m[2m:[0m window synced [3mcode[0m[2m=[0m"159985" [3mwindow[0m[2m=[0m2021-02-19..2021-03-20 [3mtotal[0m[2m=[0m75192
[2m2026-09-02T18:56:52.014784Z[0m [32m INFO[0m [2mtushare_sync[0m[2m:[0m window synced [3mcode[0m[2m=[0m"159985" [3mwindow[0m[2m=[0m2021-03-21..2021-04-19 [3mtotal[0m[2m=[0m80012
[2m2026-09-02T18:56:53.024124Z[0m [32m INFO[0m [2mtushare_sync[0m[2m:[0m window synced [3mcode[0m[2m=[0m"159985" [3mwindow[0m[2m=[0m2021-04-20..2021-05-19 [3mtotal[0m[2m=[0m84591
[2m2026-09-02T18:56:54.038364Z[0m [32m INFO[0m [2mtushare_sync[0m[2m:[0m window synced [3mcode[0m[2m=[0m"159985" [3mwindow[0m[2m=[0m2021-05-20..2021-06-18 [3mtotal[0m[2m=[0m89652
[2m2026-09-02T18:56:55.045573Z[0m [32m INFO[0m [2mtushare_sync[0m[2m:[0m window synced [3mcode[0m[2m=[0m"159985" [3mwindow[0m[2m=[0m2021-06-19..2021-07-18 [3mtotal[0m[2m=[0m94472
[2m2026-09-02T18:56:56.039280Z[0m [32m INFO[0m [2mtushare_sync[0m[2m:[0m window synced [3mcode[0m[2m=[0m"159985" [3mwindow[0m[2m=[0m2021-07-19..2021-08-17 [3mtotal[0m[2m=[0m99774
[2m2026-09-02T18:56:57.218009Z[0m [32m INFO[0m [2mtushare_sync[0m[2m:[0m window synced [3mcode[0m[2m=[0m"159985" [3mwindow[0m[2m=[0m2021-08-18..2021-09-16 [3mtotal[0m[2m=[0m105076
[2m2026-09-02T18:56:57.993848Z[0m [32m INFO[0m [2mtushare_sync[0m[2m:[0m window synced [3mcode[0m[2m=[0m"159985" [3mwindow[0m[2m=[0m2021-09-17..2021-10-16 [3mtotal[0m[2m=[0m108450
[2m2026-09-02T18:56:59.032402Z[0m [32m INFO[0m [2mtushare_sync[0m[2m:[0m window synced [3mcode[0m[2m=[0m"159985" [3mwindow[0m[2m=[0m2021-10-17..2021-11-15 [3mtotal[0m[2m=[0m113511
[2m2026-09-02T18:57:00.062568Z[0m [32m INFO[0m [2mtushare_sync[0m[2m:[0m window synced [3mcode[0m[2m=[0m"159985" [3mwindow[0m[2m=[0m2021-11-16..2021-12-15 [3mtotal[0m[2m=[0m118813
[2m2026-09-02T18:57:01.044978Z[0m [32m INFO[0m [2mtushare_sync[0m[2m:[0m window synced [3mcode[0m[2m=[0m"159985" [3mwindow[0m[2m=[0m2021-12-16..2022-01-14 [3mtotal[0m[2m=[0m123874
[2m2026-09-02T18:57:02.010358Z[0m [32m INFO[0m [2mtushare_sync[0m[2m:[0m window synced [3mcode[0m[2m=[0m"159985" [3mwindow[0m[2m=[0m2022-01-15..2022-02-13 [3mtotal[0m[2m=[0m127489
[2m2026-09-02T18:57:03.087386Z[0m [32m INFO[0m [2mtushare_sync[0m[2m:[0m window synced [3mcode[0m[2m=[0m"159985" [3mwindow[0m[2m=[0m2022-02-14..2022-03-15 [3mtotal[0m[2m=[0m132791
[2m2026-09-02T18:57:04.050792Z[0m [32m INFO[0m [2mtushare_sync[0m[2m:[0m window synced [3mcode[0m[2m=[0m"159985" [3mwindow[0m[2m=[0m2022-03-16..2022-04-14 [3mtotal[0m[2m=[0m137611
[2m2026-09-02T18:57:05.035746Z[0m [32m INFO[0m [2mtushare_sync[0m[2m:[0m window synced [3mcode[0m[2m=[0m"159985" [3mwindow[0m[2m=[0m2022-04-15..2022-05-14 [3mtotal[0m[2m=[0m141949
[2m2026-09-02T18:57:06.045231Z[0m [32m INFO[0m [2mtushare_sync[0m[2m:[0m window synced [3mcode[0m[2m=[0m"159985" [3mwindow[0m[2m=[0m2022-05-15..2022-06-13 [3mtotal[0m[2m=[0m146769
[2m2026-09-02T18:57:07.064624Z[0m [32m INFO[0m [2mtushare_sync[0m[2m:[0m window synced [3mcode[0m[2m=[0m"159985" [3mwindow[0m[2m=[0m2022-06-14..2022-07-13 [3mtotal[0m[2m=[0m152071
[2m2026-09-02T18:57:08.074100Z[0m [32m INFO[0m [2mtushare_sync[0m[2m:[0m window synced [3mcode[0m[2m=[0m"159985" [3mwindow[0m[2m=[0m2022-07-14..2022-08-12 [3mtotal[0m[2m=[0m157373
[2m2026-09-02T18:57:09.055549Z[0m [32m INFO[0m [2mtushare_sync[0m[2m:[0m window synced [3mcode[0m[2m=[0m"159985" [3mwindow[0m[2m=[0m2022-08-13..2022-09-11 [3mtotal[0m[2m=[0m162193
[2m2026-09-02T18:57:10.101839Z[0m [32m INFO[0m [2mtushare_sync[0m[2m:[0m window synced [3mcode[0m[2m=[0m"159985" [3mwindow[0m[2m=[0m2022-09-12..2022-10-11 [3mtotal[0m[2m=[0m166049
[2m2026-09-02T18:57:11.089960Z[0m [32m INFO[0m [2mtushare_sync[0m[2m:[0m window synced [3mcode[0m[2m=[0m"159985" [3mwindow[0m[2m=[0m2022-10-12..2022-11-10 [3mtotal[0m[2m=[0m171351
[2m2026-09-02T18:57:12.059324Z[0m [32m INFO[0m [2mtushare_sync[0m[2m:[0m window synced [3mcode[0m[2m=[0m"159985" [3mwindow[0m[2m=[0m2022-11-11..2022-12-10 [3mtotal[0m[2m=[0m176412
[2m2026-09-02T18:57:13.070261Z[0m [32m INFO[0m [2mtushare_sync[0m[2m:[0m window synced [3mcode[0m[2m=[0m"159985" [3mwindow[0m[2m=[0m2022-12-11..2023-01-09 [3mtotal[0m[2m=[0m181232
[2m2026-09-02T18:57:14.118948Z[0m [32m INFO[0m [2mtushare_sync[0m[2m:[0m window synced [3mcode[0m[2m=[0m"159985" [3mwindow[0m[2m=[0m2023-01-10..2023-02-08 [3mtotal[0m[2m=[0m185329
[2m2026-09-02T18:57:15.084861Z[0m [32m INFO[0m [2mtushare_sync[0m[2m:[0m window synced [3mcode[0m[2m=[0m"159985" [3mwindow[0m[2m=[0m2023-02-09..2023-03-10 [3mtotal[0m[2m=[0m190631
[2m2026-09-02T18:57:16.244645Z[0m [32m INFO[0m [2mtushare_sync[0m[2m:[0m window synced [3mcode[0m[2m=[0m"159985" [3mwindow[0m[2m=[0m2023-03-11..2023-04-09 [3mtotal[0m[2m=[0m195210
[2m2026-09-02T18:57:17.074112Z[0m [32m INFO[0m [2mtushare_sync[0m[2m:[0m window synced [3mcode[0m[2m=[0m"159985" [3mwindow[0m[2m=[0m2023-04-10..2023-05-09 [3mtotal[0m[2m=[0m199789
[2m2026-09-02T18:57:18.097838Z[0m [32m INFO[0m [2mtushare_sync[0m[2m:[0m window synced [3mcode[0m[2m=[0m"159985" [3mwindow[0m[2m=[0m2023-05-10..2023-06-08 [3mtotal[0m[2m=[0m205091
[2m2026-09-02T18:57:19.100798Z[0m [32m INFO[0m [2mtushare_sync[0m[2m:[0m window synced [3mcode[0m[2m=[0m"159985" [3mwindow[0m[2m=[0m2023-06-09..2023-07-08 [3mtotal[0m[2m=[0m209670
[2m2026-09-02T18:57:20.098673Z[0m [32m INFO[0m [2mtushare_sync[0m[2m:[0m window synced [3mcode[0m[2m=[0m"159985" [3mwindow[0m[2m=[0m2023-07-09..2023-08-07 [3mtotal[0m[2m=[0m214731
[2m2026-09-02T18:57:21.098709Z[0m [32m INFO[0m [2mtushare_sync[0m[2m:[0m window synced [3mcode[0m[2m=[0m"159985" [3mwindow[0m[2m=[0m2023-08-08..2023-09-06 [3mtotal[0m[2m=[0m220033
[2m2026-09-02T18:57:22.064407Z[0m [32m INFO[0m [2mtushare_sync[0m[2m:[0m window synced [3mcode[0m[2m=[0m"159985" [3mwindow[0m[2m=[0m2023-09-07..2023-10-06 [3mtotal[0m[2m=[0m223889
[2m2026-09-02T18:57:23.101518Z[0m [32m INFO[0m [2mtushare_sync[0m[2m:[0m window synced [3mcode[0m[2m=[0m"159985" [3mwindow[0m[2m=[0m2023-10-07..2023-11-05 [3mtotal[0m[2m=[0m228709
[2m2026-09-02T18:57:24.116489Z[0m [32m INFO[0m [2mtushare_sync[0m[2m:[0m window synced [3mcode[0m[2m=[0m"159985" [3mwindow[0m[2m=[0m2023-11-06..2023-12-05 [3mtotal[0m[2m=[0m234011
[2m2026-09-02T18:57:25.861132Z[0m [32m INFO[0m [2mtushare_sync[0m[2m:[0m window synced [3mcode[0m[2m=[0m"159985" [3mwindow[0m[2m=[0m2023-12-06..2024-01-04 [3mtotal[0m[2m=[0m239072
[2m2026-09-02T18:57:26.107962Z[0m [32m INFO[0m [2mtushare_sync[0m[2m:[0m window synced [3mcode[0m[2m=[0m"159985" [3mwindow[0m[2m=[0m2024-01-05..2024-02-03 [3mtotal[0m[2m=[0m244133
[2m2026-09-02T18:57:27.072329Z[0m [32m INFO[0m [2mtushare_sync[0m[2m:[0m window synced [3mcode[0m[2m=[0m"159985" [3mwindow[0m[2m=[0m2024-02-04..2024-03-04 [3mtotal[0m[2m=[0m247748
[2m2026-09-02T18:57:28.131762Z[0m [32m INFO[0m [2mtushare_sync[0m[2m:[0m window synced [3mcode[0m[2m=[0m"159985" [3mwindow[0m[2m=[0m2024-03-05..2024-04-03 [3mtotal[0m[2m=[0m253050
[2m2026-09-02T18:57:29.088877Z[0m [32m INFO[0m [2mtushare_sync[0m[2m:[0m window synced [3mcode[0m[2m=[0m"159985" [3mwindow[0m[2m=[0m2024-04-04..2024-05-03 [3mtotal[0m[2m=[0m257147
[2m2026-09-02T18:57:30.128397Z[0m [32m INFO[0m [2mtushare_sync[0m[2m:[0m window synced [3mcode[0m[2m=[0m"159985" [3mwindow[0m[2m=[0m2024-05-04..2024-06-02 [3mtotal[0m[2m=[0m261967
[2m2026-09-02T18:57:31.821230Z[0m [32m INFO[0m [2mtushare_sync[0m[2m:[0m window synced [3mcode[0m[2m=[0m"159985" [3mwindow[0m[2m=[0m2024-06-03..2024-07-02 [3mtotal[0m[2m=[0m267028
[2m2026-09-02T18:57:32.122857Z[0m [32m INFO[0m [2mtushare_sync[0m[2m:[0m window synced [3mcode[0m[2m=[0m"159985" [3mwindow[0m[2m=[0m2024-07-03..2024-08-01 [3mtotal[0m[2m=[0m272330
[2m2026-09-02T18:57:33.116041Z[0m [32m INFO[0m [2mtushare_sync[0m[2m:[0m window synced [3mcode[0m[2m=[0m"159985" [3mwindow[0m[2m=[0m2024-08-02..2024-08-31 [3mtotal[0m[2m=[0m277391
[2m2026-09-02T18:57:34.114463Z[0m [32m INFO[0m [2mtushare_sync[0m[2m:[0m window synced [3mcode[0m[2m=[0m"159985" [3mwindow[0m[2m=[0m2024-09-01..2024-09-30 [3mtotal[0m[2m=[0m281970
[2m2026-09-02T18:57:35.102689Z[0m [32m INFO[0m [2mtushare_sync[0m[2m:[0m window synced [3mcode[0m[2m=[0m"159985" [3mwindow[0m[2m=[0m2024-10-01..2024-10-30 [3mtotal[0m[2m=[0m286067
[2m2026-09-02T18:57:36.126443Z[0m [32m INFO[0m [2mtushare_sync[0m[2m:[0m window synced [3mcode[0m[2m=[0m"159985" [3mwindow[0m[2m=[0m2024-10-31..2024-11-29 [3mtotal[0m[2m=[0m291369
[2m2026-09-02T18:57:37.110096Z[0m [32m INFO[0m [2mtushare_sync[0m[2m:[0m window synced [3mcode[0m[2m=[0m"159985" [3mwindow[0m[2m=[0m2024-11-30..2024-12-29 [3mtotal[0m[2m=[0m296189
[2m2026-09-02T18:57:38.112372Z[0m [32m INFO[0m [2mtushare_sync[0m[2m:[0m window synced [3mcode[0m[2m=[0m"159985" [3mwindow[0m[2m=[0m2024-12-30..2025-01-28 [3mtotal[0m[2m=[0m301009
[2m2026-09-02T18:57:39.079773Z[0m [32m INFO[0m [2mtushare_sync[0m[2m:[0m window synced [3mcode[0m[2m=[0m"159985" [3mwindow[0m[2m=[0m2025-01-29..2025-02-27 [3mtotal[0m[2m=[0m305106
[2m2026-09-02T18:57:40.821866Z[0m [32m INFO[0m [2mtushare_sync[0m[2m:[0m window synced [3mcode[0m[2m=[0m"159985" [3mwindow[0m[2m=[0m2025-02-28..2025-03-29 [3mtotal[0m[2m=[0m310167
[2m2026-09-02T18:57:41.101250Z[0m [32m INFO[0m [2mtushare_sync[0m[2m:[0m window synced [3mcode[0m[2m=[0m"159985" [3mwindow[0m[2m=[0m2025-03-30..2025-04-28 [3mtotal[0m[2m=[0m314987
[2m2026-09-02T18:57:42.088082Z[0m [32m INFO[0m [2mtushare_sync[0m[2m:[0m window synced [3mcode[0m[2m=[0m"159985" [3mwindow[0m[2m=[0m2025-04-29..2025-05-28 [3mtotal[0m[2m=[0m319566
[2m2026-09-02T18:57:43.122353Z[0m [32m INFO[0m [2mtushare_sync[0m[2m:[0m window synced [3mcode[0m[2m=[0m"159985" [3mwindow[0m[2m=[0m2025-05-29..2025-06-27 [3mtotal[0m[2m=[0m324627
[2m2026-09-02T18:57:44.103352Z[0m [32m INFO[0m [2mtushare_sync[0m[2m:[0m window synced [3mcode[0m[2m=[0m"159985" [3mwindow[0m[2m=[0m2025-06-28..2025-07-27 [3mtotal[0m[2m=[0m329447
[2m2026-09-02T18:57:45.123029Z[0m [32m INFO[0m [2mtushare_sync[0m[2m:[0m window synced [3mcode[0m[2m=[0m"159985" [3mwindow[0m[2m=[0m2025-07-28..2025-08-26 [3mtotal[0m[2m=[0m334749
[2m2026-09-02T18:57:46.115856Z[0m [32m INFO[0m [2mtushare_sync[0m[2m:[0m window synced [3mcode[0m[2m=[0m"159985" [3mwindow[0m[2m=[0m2025-08-27..2025-09-25 [3mtotal[0m[2m=[0m340051
[2m2026-09-02T18:57:47.072703Z[0m [32m INFO[0m [2mtushare_sync[0m[2m:[0m window synced [3mcode[0m[2m=[0m"159985" [3mwindow[0m[2m=[0m2025-09-26..2025-10-25 [3mtotal[0m[2m=[0m343666
[2m2026-09-02T18:57:48.130464Z[0m [32m INFO[0m [2mtushare_sync[0m[2m:[0m window synced [3mcode[0m[2m=[0m"159985" [3mwindow[0m[2m=[0m2025-10-26..2025-11-24 [3mtotal[0m[2m=[0m348727
[2m2026-09-02T18:57:49.120655Z[0m [32m INFO[0m [2mtushare_sync[0m[2m:[0m window synced [3mcode[0m[2m=[0m"159985" [3mwindow[0m[2m=[0m2025-11-25..2025-12-24 [3mtotal[0m[2m=[0m354029
[2m2026-09-02T18:57:50.105415Z[0m [32m INFO[0m [2mtushare_sync[0m[2m:[0m window synced [3mcode[0m[2m=[0m"159985" [3mwindow[0m[2m=[0m2025-12-25..2026-01-23 [3mtotal[0m[2m=[0m358849
[2m2026-09-02T18:57:51.064669Z[0m [32m INFO[0m [2mtushare_sync[0m[2m:[0m window synced [3mcode[0m[2m=[0m"159985" [3mwindow[0m[2m=[0m2026-01-24..2026-02-22 [3mtotal[0m[2m=[0m362464
[2m2026-09-02T18:57:52.115374Z[0m [32m INFO[0m [2mtushare_sync[0m[2m:[0m window synced [3mcode[0m[2m=[0m"159985" [3mwindow[0m[2m=[0m2026-02-23..2026-03-24 [3mtotal[0m[2m=[0m367525
[2m2026-09-02T18:57:53.107412Z[0m [32m INFO[0m [2mtushare_sync[0m[2m:[0m window synced [3mcode[0m[2m=[0m"159985" [3mwindow[0m[2m=[0m2026-03-25..2026-04-23 [3mtotal[0m[2m=[0m372586
[2m2026-09-02T18:57:54.092196Z[0m [32m INFO[0m [2mtushare_sync[0m[2m:[0m window synced [3mcode[0m[2m=[0m"159985" [3mwindow[0m[2m=[0m2026-04-24..2026-05-23 [3mtotal[0m[2m=[0m376924
[2m2026-09-02T18:57:55.113972Z[0m [32m INFO[0m [2mtushare_sync[0m[2m:[0m window synced [3mcode[0m[2m=[0m"159985" [3mwindow[0m[2m=[0m2026-05-24..2026-06-22 [3mtotal[0m[2m=[0m381744
[2m2026-09-02T18:57:56.115639Z[0m [32m INFO[0m [2mtushare_sync[0m[2m:[0m window synced [3mcode[0m[2m=[0m"159985" [3mwindow[0m[2m=[0m2026-06-23..2026-07-22 [3mtotal[0m[2m=[0m387046
[2m2026-09-02T18:57:57.122796Z[0m [32m INFO[0m [2mtushare_sync[0m[2m:[0m window synced [3mcode[0m[2m=[0m"159985" [3mwindow[0m[2m=[0m2026-07-23..2026-08-21 [3mtotal[0m[2m=[0m392348
[2m2026-09-02T18:57:58.104855Z[0m [32m INFO[0m [2mtushare_sync[0m[2m:[0m window synced [3mcode[0m[2m=[0m"159985" [3mwindow[0m[2m=[0m2026-08-22..2026-09-03 [3mtotal[0m[2m=[0m394276
[2m2026-09-02T18:57:58.104888Z[0m [32m INFO[0m [2mtushare_sync[0m[2m:[0m === sync done === [3mcode[0m[2m=[0m"159985" [3mbars[0m[2m=[0m394276
[2m2026-09-02T18:57:58.104895Z[0m [32m INFO[0m [2mtushare_sync[0m[2m:[0m === sync start === [3mcode[0m[2m=[0m"160723"
[2m2026-09-02T18:58:04.118696Z[0m [32m INFO[0m [2mtushare_sync[0m[2m:[0m first data year found [3mcode[0m[2m=[0m"160723" [3mfirst_year[0m[2m=[0m2017
[2m2026-09-02T18:58:04.970869Z[0m [32m INFO[0m [2mtushare_sync[0m[2m:[0m window synced [3mcode[0m[2m=[0m"160723" [3mwindow[0m[2m=[0m2017-01-01..2017-01-30 [3mtotal[0m[2m=[0m0
[2m2026-09-02T18:58:05.971027Z[0m [32m INFO[0m [2mtushare_sync[0m[2m:[0m window synced [3mcode[0m[2m=[0m"160723" [3mwindow[0m[2m=[0m2017-01-31..2017-03-01 [3mtotal[0m[2m=[0m0
[2m2026-09-02T18:58:06.971833Z[0m [32m INFO[0m [2mtushare_sync[0m[2m:[0m window synced [3mcode[0m[2m=[0m"160723" [3mwindow[0m[2m=[0m2017-03-02..2017-03-31 [3mtotal[0m[2m=[0m0
[2m2026-09-02T18:58:08.111246Z[0m [32m INFO[0m [2mtushare_sync[0m[2m:[0m window synced [3mcode[0m[2m=[0m"160723" [3mwindow[0m[2m=[0m2017-04-01..2017-04-30 [3mtotal[0m[2m=[0m0
[2m2026-09-02T18:58:09.364012Z[0m [32m INFO[0m [2mtushare_sync[0m[2m:[0m window synced [3mcode[0m[2m=[0m"160723" [3mwindow[0m[2m=[0m2017-05-01..2017-05-30 [3mtotal[0m[2m=[0m3856
[2m2026-09-02T18:58:10.244185Z[0m [32m INFO[0m [2mtushare_sync[0m[2m:[0m window synced [3mcode[0m[2m=[0m"160723" [3mwindow[0m[2m=[0m2017-05-31..2017-06-29 [3mtotal[0m[2m=[0m9158
[2m2026-09-02T18:58:11.133535Z[0m [32m INFO[0m [2mtushare_sync[0m[2m:[0m window synced [3mcode[0m[2m=[0m"160723" [3mwindow[0m[2m=[0m2017-06-30..2017-07-29 [3mtotal[0m[2m=[0m14219
[2m2026-09-02T18:58:12.135552Z[0m [32m INFO[0m [2mtushare_sync[0m[2m:[0m window synced [3mcode[0m[2m=[0m"160723" [3mwindow[0m[2m=[0m2017-07-30..2017-08-28 [3mtotal[0m[2m=[0m19280
[2m2026-09-02T18:58:13.125157Z[0m [32m INFO[0m [2mtushare_sync[0m[2m:[0m window synced [3mcode[0m[2m=[0m"160723" [3mwindow[0m[2m=[0m2017-08-29..2017-09-27 [3mtotal[0m[2m=[0m24582
[2m2026-09-02T18:58:14.110629Z[0m [32m INFO[0m [2mtushare_sync[0m[2m:[0m window synced [3mcode[0m[2m=[0m"160723" [3mwindow[0m[2m=[0m2017-09-28..2017-10-27 [3mtotal[0m[2m=[0m28679
[2m2026-09-02T18:58:15.117671Z[0m [32m INFO[0m [2mtushare_sync[0m[2m:[0m window synced [3mcode[0m[2m=[0m"160723" [3mwindow[0m[2m=[0m2017-10-28..2017-11-26 [3mtotal[0m[2m=[0m33499
[2m2026-09-02T18:58:16.164635Z[0m [32m INFO[0m [2mtushare_sync[0m[2m:[0m window synced [3mcode[0m[2m=[0m"160723" [3mwindow[0m[2m=[0m2017-11-27..2017-12-26 [3mtotal[0m[2m=[0m38801
[2m2026-09-02T18:58:17.140852Z[0m [32m INFO[0m [2mtushare_sync[0m[2m:[0m window synced [3mcode[0m[2m=[0m"160723" [3mwindow[0m[2m=[0m2017-12-27..2018-01-25 [3mtotal[0m[2m=[0m43862
[2m2026-09-02T18:58:18.090955Z[0m [32m INFO[0m [2mtushare_sync[0m[2m:[0m window synced [3mcode[0m[2m=[0m"160723" [3mwindow[0m[2m=[0m2018-01-26..2018-02-24 [3mtotal[0m[2m=[0m47718
[2m2026-09-02T18:58:19.126132Z[0m [32m INFO[0m [2mtushare_sync[0m[2m:[0m window synced [3mcode[0m[2m=[0m"160723" [3mwindow[0m[2m=[0m2018-02-25..2018-03-26 [3mtotal[0m[2m=[0m52779
[2m2026-09-02T18:58:20.120250Z[0m [32m INFO[0m [2mtushare_sync[0m[2m:[0m window synced [3mcode[0m[2m=[0m"160723" [3mwindow[0m[2m=[0m2018-03-27..2018-04-25 [3mtotal[0m[2m=[0m57599
[2m2026-09-02T18:58:21.133168Z[0m [32m INFO[0m [2mtushare_sync[0m[2m:[0m window synced [3mcode[0m[2m=[0m"160723" [3mwindow[0m[2m=[0m2018-04-26..2018-05-25 [3mtotal[0m[2m=[0m62419
[2m2026-09-02T18:58:22.111181Z[0m [32m INFO[0m [2mtushare_sync[0m[2m:[0m window synced [3mcode[0m[2m=[0m"160723" [3mwindow[0m[2m=[0m2018-05-26..2018-06-24 [3mtotal[0m[2m=[0m66998
[2m2026-09-02T18:58:23.128270Z[0m [32m INFO[0m [2mtushare_sync[0m[2m:[0m window synced [3mcode[0m[2m=[0m"160723" [3mwindow[0m[2m=[0m2018-06-25..2018-07-24 [3mtotal[0m[2m=[0m72300
[2m2026-09-02T18:58:24.120787Z[0m [32m INFO[0m [2mtushare_sync[0m[2m:[0m window synced [3mcode[0m[2m=[0m"160723" [3mwindow[0m[2m=[0m2018-07-25..2018-08-23 [3mtotal[0m[2m=[0m77602
[2m2026-09-02T18:58:25.125030Z[0m [32m INFO[0m [2mtushare_sync[0m[2m:[0m window synced [3mcode[0m[2m=[0m"160723" [3mwindow[0m[2m=[0m2018-08-24..2018-09-22 [3mtotal[0m[2m=[0m82663
[2m2026-09-02T18:58:26.093925Z[0m [32m INFO[0m [2mtushare_sync[0m[2m:[0m window synced [3mcode[0m[2m=[0m"160723" [3mwindow[0m[2m=[0m2018-09-23..2018-10-22 [3mtotal[0m[2m=[0m86278
[2m2026-09-02T18:58:27.176099Z[0m [32m INFO[0m [2mtushare_sync[0m[2m:[0m window synced [3mcode[0m[2m=[0m"160723" [3mwindow[0m[2m=[0m2018-10-23..2018-11-21 [3mtotal[0m[2m=[0m91580
[2m2026-09-02T18:58:28.141432Z[0m [32m INFO[0m [2mtushare_sync[0m[2m:[0m window synced [3mcode[0m[2m=[0m"160723" [3mwindow[0m[2m=[0m2018-11-22..2018-12-21 [3mtotal[0m[2m=[0m96882
[2m2026-09-02T18:58:29.139260Z[0m [32m INFO[0m [2mtushare_sync[0m[2m:[0m window synced [3mcode[0m[2m=[0m"160723" [3mwindow[0m[2m=[0m2018-12-22..2019-01-20 [3mtotal[0m[2m=[0m101220
[2m2026-09-02T18:58:30.113950Z[0m [32m INFO[0m [2mtushare_sync[0m[2m:[0m window synced [3mcode[0m[2m=[0m"160723" [3mwindow[0m[2m=[0m2019-01-21..2019-02-19 [3mtotal[0m[2m=[0m105317
[2m2026-09-02T18:58:31.148423Z[0m [32m INFO[0m [2mtushare_sync[0m[2m:[0m window synced [3mcode[0m[2m=[0m"160723" [3mwindow[0m[2m=[0m2019-02-20..2019-03-21 [3mtotal[0m[2m=[0m110619
[2m2026-09-02T18:58:32.143607Z[0m [32m INFO[0m [2mtushare_sync[0m[2m:[0m window synced [3mcode[0m[2m=[0m"160723" [3mwindow[0m[2m=[0m2019-03-22..2019-04-20 [3mtotal[0m[2m=[0m115439
[2m2026-09-02T18:58:33.139073Z[0m [32m INFO[0m [2mtushare_sync[0m[2m:[0m window synced [3mcode[0m[2m=[0m"160723" [3mwindow[0m[2m=[0m2019-04-21..2019-05-20 [3mtotal[0m[2m=[0m119777
[2m2026-09-02T18:58:34.290206Z[0m [32m INFO[0m [2mtushare_sync[0m[2m:[0m window synced [3mcode[0m[2m=[0m"160723" [3mwindow[0m[2m=[0m2019-05-21..2019-06-19 [3mtotal[0m[2m=[0m124838
[2m2026-09-02T18:58:35.153913Z[0m [32m INFO[0m [2mtushare_sync[0m[2m:[0m window synced [3mcode[0m[2m=[0m"160723" [3mwindow[0m[2m=[0m2019-06-20..2019-07-19 [3mtotal[0m[2m=[0m130140
[2m2026-09-02T18:58:36.157592Z[0m [32m INFO[0m [2mtushare_sync[0m[2m:[0m window synced [3mcode[0m[2m=[0m"160723" [3mwindow[0m[2m=[0m2019-07-20..2019-08-18 [3mtotal[0m[2m=[0m134960
[2m2026-09-02T18:58:37.168069Z[0m [32m INFO[0m [2mtushare_sync[0m[2m:[0m window synced [3mcode[0m[2m=[0m"160723" [3mwindow[0m[2m=[0m2019-08-19..2019-09-17 [3mtotal[0m[2m=[0m140021
[2m2026-09-02T18:58:38.195088Z[0m [32m INFO[0m [2mtushare_sync[0m[2m:[0m window synced [3mcode[0m[2m=[0m"160723" [3mwindow[0m[2m=[0m2019-09-18..2019-10-17 [3mtotal[0m[2m=[0m144118
[2m2026-09-02T18:58:39.169502Z[0m [32m INFO[0m [2mtushare_sync[0m[2m:[0m window synced [3mcode[0m[2m=[0m"160723" [3mwindow[0m[2m=[0m2019-10-18..2019-11-16 [3mtotal[0m[2m=[0m149179
[2m2026-09-02T18:58:40.178166Z[0m [32m INFO[0m [2mtushare_sync[0m[2m:[0m window synced [3mcode[0m[2m=[0m"160723" [3mwindow[0m[2m=[0m2019-11-17..2019-12-16 [3mtotal[0m[2m=[0m154240
[2m2026-09-02T18:58:41.179849Z[0m [32m INFO[0m [2mtushare_sync[0m[2m:[0m window synced [3mcode[0m[2m=[0m"160723" [3mwindow[0m[2m=[0m2019-12-17..2020-01-15 [3mtotal[0m[2m=[0m159301
[2m2026-09-02T18:58:42.166868Z[0m [32m INFO[0m [2mtushare_sync[0m[2m:[0m window synced [3mcode[0m[2m=[0m"160723" [3mwindow[0m[2m=[0m2020-01-16..2020-02-14 [3mtotal[0m[2m=[0m163157
[2m2026-09-02T18:58:43.275534Z[0m [32m INFO[0m [2mtushare_sync[0m[2m:[0m window synced [3mcode[0m[2m=[0m"160723" [3mwindow[0m[2m=[0m2020-02-15..2020-03-15 [3mtotal[0m[2m=[0m167977
[2m2026-09-02T18:58:44.154421Z[0m [32m INFO[0m [2mtushare_sync[0m[2m:[0m window synced [3mcode[0m[2m=[0m"160723" [3mwindow[0m[2m=[0m2020-03-16..2020-04-14 [3mtotal[0m[2m=[0m173038
[2m2026-09-02T18:58:45.159091Z[0m [32m INFO[0m [2mtushare_sync[0m[2m:[0m window synced [3mcode[0m[2m=[0m"160723" [3mwindow[0m[2m=[0m2020-04-15..2020-05-14 [3mtotal[0m[2m=[0m177617
[2m2026-09-02T18:58:46.172607Z[0m [32m INFO[0m [2mtushare_sync[0m[2m:[0m window synced [3mcode[0m[2m=[0m"160723" [3mwindow[0m[2m=[0m2020-05-15..2020-06-13 [3mtotal[0m[2m=[0m182678
[2m2026-09-02T18:58:47.151659Z[0m [32m INFO[0m [2mtushare_sync[0m[2m:[0m window synced [3mcode[0m[2m=[0m"160723" [3mwindow[0m[2m=[0m2020-06-14..2020-07-13 [3mtotal[0m[2m=[0m187257
[2m2026-09-02T18:58:48.215549Z[0m [32m INFO[0m [2mtushare_sync[0m[2m:[0m window synced [3mcode[0m[2m=[0m"160723" [3mwindow[0m[2m=[0m2020-07-14..2020-08-12 [3mtotal[0m[2m=[0m192559
[2m2026-09-02T18:58:49.199793Z[0m [32m INFO[0m [2mtushare_sync[0m[2m:[0m window synced [3mcode[0m[2m=[0m"160723" [3mwindow[0m[2m=[0m2020-08-13..2020-09-11 [3mtotal[0m[2m=[0m197861
[2m2026-09-02T18:58:50.191001Z[0m [32m INFO[0m [2mtushare_sync[0m[2m:[0m window synced [3mcode[0m[2m=[0m"160723" [3mwindow[0m[2m=[0m2020-09-12..2020-10-11 [3mtotal[0m[2m=[0m201235
[2m2026-09-02T18:58:51.182301Z[0m [32m INFO[0m [2mtushare_sync[0m[2m:[0m window synced [3mcode[0m[2m=[0m"160723" [3mwindow[0m[2m=[0m2020-10-12..2020-11-10 [3mtotal[0m[2m=[0m206537
[2m2026-09-02T18:58:52.750869Z[0m [32m INFO[0m [2mtushare_sync[0m[2m:[0m window synced [3mcode[0m[2m=[0m"160723" [3mwindow[0m[2m=[0m2020-11-11..2020-12-10 [3mtotal[0m[2m=[0m211839
[2m2026-09-02T18:58:53.163534Z[0m [32m INFO[0m [2mtushare_sync[0m[2m:[0m window synced [3mcode[0m[2m=[0m"160723" [3mwindow[0m[2m=[0m2020-12-11..2021-01-09 [3mtotal[0m[2m=[0m216659
[2m2026-09-02T18:58:54.186668Z[0m [32m INFO[0m [2mtushare_sync[0m[2m:[0m window synced [3mcode[0m[2m=[0m"160723" [3mwindow[0m[2m=[0m2021-01-10..2021-02-08 [3mtotal[0m[2m=[0m221720
[2m2026-09-02T18:58:55.167514Z[0m [32m INFO[0m [2mtushare_sync[0m[2m:[0m window synced [3mcode[0m[2m=[0m"160723" [3mwindow[0m[2m=[0m2021-02-09..2021-03-10 [3mtotal[0m[2m=[0m225817
[2m2026-09-02T18:58:56.185084Z[0m [32m INFO[0m [2mtushare_sync[0m[2m:[0m window synced [3mcode[0m[2m=[0m"160723" [3mwindow[0m[2m=[0m2021-03-11..2021-04-09 [3mtotal[0m[2m=[0m230878
[2m2026-09-02T18:58:57.206390Z[0m [32m INFO[0m [2mtushare_sync[0m[2m:[0m window synced [3mcode[0m[2m=[0m"160723" [3mwindow[0m[2m=[0m2021-04-10..2021-05-09 [3mtotal[0m[2m=[0m234975
[2m2026-09-02T18:58:58.291799Z[0m [32m INFO[0m [2mtushare_sync[0m[2m:[0m window synced [3mcode[0m[2m=[0m"160723" [3mwindow[0m[2m=[0m2021-05-10..2021-06-08 [3mtotal[0m[2m=[0m240277
[2m2026-09-02T18:58:59.186302Z[0m [32m INFO[0m [2mtushare_sync[0m[2m:[0m window synced [3mcode[0m[2m=[0m"160723" [3mwindow[0m[2m=[0m2021-06-09..2021-07-08 [3mtotal[0m[2m=[0m245338
[2m2026-09-02T18:59:00.202743Z[0m [32m INFO[0m [2mtushare_sync[0m[2m:[0m window synced [3mcode[0m[2m=[0m"160723" [3mwindow[0m[2m=[0m2021-07-09..2021-08-07 [3mtotal[0m[2m=[0m250399
[2m2026-09-02T18:59:01.221832Z[0m [32m INFO[0m [2mtushare_sync[0m[2m:[0m window synced [3mcode[0m[2m=[0m"160723" [3mwindow[0m[2m=[0m2021-08-08..2021-09-06 [3mtotal[0m[2m=[0m255460
[2m2026-09-02T18:59:02.171914Z[0m [32m INFO[0m [2mtushare_sync[0m[2m:[0m window synced [3mcode[0m[2m=[0m"160723" [3mwindow[0m[2m=[0m2021-09-07..2021-10-06 [3mtotal[0m[2m=[0m259316
[2m2026-09-02T18:59:03.211308Z[0m [32m INFO[0m [2mtushare_sync[0m[2m:[0m window synced [3mcode[0m[2m=[0m"160723" [3mwindow[0m[2m=[0m2021-10-07..2021-11-05 [3mtotal[0m[2m=[0m264377
[2m2026-09-02T18:59:04.199673Z[0m [32m INFO[0m [2mtushare_sync[0m[2m:[0m window synced [3mcode[0m[2m=[0m"160723" [3mwindow[0m[2m=[0m2021-11-06..2021-12-05 [3mtotal[0m[2m=[0m269197
[2m2026-09-02T18:59:05.195992Z[0m [32m INFO[0m [2mtushare_sync[0m[2m:[0m window synced [3mcode[0m[2m=[0m"160723" [3mwindow[0m[2m=[0m2021-12-06..2022-01-04 [3mtotal[0m[2m=[0m274258
[2m2026-09-02T18:59:06.165331Z[0m [32m INFO[0m [2mtushare_sync[0m[2m:[0m window synced [3mcode[0m[2m=[0m"160723" [3mwindow[0m[2m=[0m2022-01-05..2022-02-03 [3mtotal[0m[2m=[0m278596
[2m2026-09-02T18:59:07.193897Z[0m [32m INFO[0m [2mtushare_sync[0m[2m:[0m window synced [3mcode[0m[2m=[0m"160723" [3mwindow[0m[2m=[0m2022-02-04..2022-03-05 [3mtotal[0m[2m=[0m283416
[2m2026-09-02T18:59:08.217820Z[0m [32m INFO[0m [2mtushare_sync[0m[2m:[0m window synced [3mcode[0m[2m=[0m"160723" [3mwindow[0m[2m=[0m2022-03-06..2022-04-04 [3mtotal[0m[2m=[0m288236
[2m2026-09-02T18:59:09.181522Z[0m [32m INFO[0m [2mtushare_sync[0m[2m:[0m window synced [3mcode[0m[2m=[0m"160723" [3mwindow[0m[2m=[0m2022-04-05..2022-05-04 [3mtotal[0m[2m=[0m292574
[2m2026-09-02T18:59:10.229934Z[0m [32m INFO[0m [2mtushare_sync[0m[2m:[0m window synced [3mcode[0m[2m=[0m"160723" [3mwindow[0m[2m=[0m2022-05-05..2022-06-03 [3mtotal[0m[2m=[0m297635
[2m2026-09-02T18:59:11.237990Z[0m [32m INFO[0m [2mtushare_sync[0m[2m:[0m window synced [3mcode[0m[2m=[0m"160723" [3mwindow[0m[2m=[0m2022-06-04..2022-07-03 [3mtotal[0m[2m=[0m302455
[2m2026-09-02T18:59:12.214949Z[0m [32m INFO[0m [2mtushare_sync[0m[2m:[0m window synced [3mcode[0m[2m=[0m"160723" [3mwindow[0m[2m=[0m2022-07-04..2022-08-02 [3mtotal[0m[2m=[0m307757
[2m2026-09-02T18:59:13.262219Z[0m [32m INFO[0m [2mtushare_sync[0m[2m:[0m window synced [3mcode[0m[2m=[0m"160723" [3mwindow[0m[2m=[0m2022-08-03..2022-09-01 [3mtotal[0m[2m=[0m313059
[2m2026-09-02T18:59:14.182811Z[0m [32m INFO[0m [2mtushare_sync[0m[2m:[0m window synced [3mcode[0m[2m=[0m"160723" [3mwindow[0m[2m=[0m2022-09-02..2022-10-01 [3mtotal[0m[2m=[0m317879
[2m2026-09-02T18:59:15.296617Z[0m [32m INFO[0m [2mtushare_sync[0m[2m:[0m window synced [3mcode[0m[2m=[0m"160723" [3mwindow[0m[2m=[0m2022-10-02..2022-10-31 [3mtotal[0m[2m=[0m321735
[2m2026-09-02T18:59:16.221845Z[0m [32m INFO[0m [2mtushare_sync[0m[2m:[0m window synced [3mcode[0m[2m=[0m"160723" [3mwindow[0m[2m=[0m2022-11-01..2022-11-30 [3mtotal[0m[2m=[0m327037
[2m2026-09-02T18:59:17.244363Z[0m [32m INFO[0m [2mtushare_sync[0m[2m:[0m window synced [3mcode[0m[2m=[0m"160723" [3mwindow[0m[2m=[0m2022-12-01..2022-12-30 [3mtotal[0m[2m=[0m332339
[2m2026-09-02T18:59:18.182957Z[0m [32m INFO[0m [2mtushare_sync[0m[2m:[0m window synced [3mcode[0m[2m=[0m"160723" [3mwindow[0m[2m=[0m2022-12-31..2023-01-29 [3mtotal[0m[2m=[0m335713
[2m2026-09-02T18:59:19.223875Z[0m [32m INFO[0m [2mtushare_sync[0m[2m:[0m window synced [3mcode[0m[2m=[0m"160723" [3mwindow[0m[2m=[0m2023-01-30..2023-02-28 [3mtotal[0m[2m=[0m341015
[2m2026-09-02T18:59:20.409155Z[0m [32m INFO[0m [2mtushare_sync[0m[2m:[0m window synced [3mcode[0m[2m=[0m"160723" [3mwindow[0m[2m=[0m2023-03-01..2023-03-30 [3mtotal[0m[2m=[0m346317
[2m2026-09-02T18:59:21.231125Z[0m [32m INFO[0m [2mtushare_sync[0m[2m:[0m window synced [3mcode[0m[2m=[0m"160723" [3mwindow[0m[2m=[0m2023-03-31..2023-04-29 [3mtotal[0m[2m=[0m351137
[2m2026-09-02T18:59:22.196200Z[0m [32m INFO[0m [2mtushare_sync[0m[2m:[0m window synced [3mcode[0m[2m=[0m"160723" [3mwindow[0m[2m=[0m2023-04-30..2023-05-29 [3mtotal[0m[2m=[0m355475
[2m2026-09-02T18:59:23.442018Z[0m [32m INFO[0m [2mtushare_sync[0m[2m:[0m window synced [3mcode[0m[2m=[0m"160723" [3mwindow[0m[2m=[0m2023-05-30..2023-06-28 [3mtotal[0m[2m=[0m360295
[2m2026-09-02T18:59:24.245123Z[0m [32m INFO[0m [2mtushare_sync[0m[2m:[0m window synced [3mcode[0m[2m=[0m"160723" [3mwindow[0m[2m=[0m2023-06-29..2023-07-28 [3mtotal[0m[2m=[0m365597
[2m2026-09-02T18:59:25.227037Z[0m [32m INFO[0m [2mtushare_sync[0m[2m:[0m window synced [3mcode[0m[2m=[0m"160723" [3mwindow[0m[2m=[0m2023-07-29..2023-08-27 [3mtotal[0m[2m=[0m370417
[2m2026-09-02T18:59:26.323367Z[0m [32m INFO[0m [2mtushare_sync[0m[2m:[0m window synced [3mcode[0m[2m=[0m"160723" [3mwindow[0m[2m=[0m2023-08-28..2023-09-26 [3mtotal[0m[2m=[0m375719
[2m2026-09-02T18:59:27.218286Z[0m [32m INFO[0m [2mtushare_sync[0m[2m:[0m window synced [3mcode[0m[2m=[0m"160723" [3mwindow[0m[2m=[0m2023-09-27..2023-10-26 [3mtotal[0m[2m=[0m379575
[2m2026-09-02T18:59:28.258853Z[0m [32m INFO[0m [2mtushare_sync[0m[2m:[0m window synced [3mcode[0m[2m=[0m"160723" [3mwindow[0m[2m=[0m2023-10-27..2023-11-25 [3mtotal[0m[2m=[0m384636
[2m2026-09-02T18:59:29.241913Z[0m [32m INFO[0m [2mtushare_sync[0m[2m:[0m window synced [3mcode[0m[2m=[0m"160723" [3mwindow[0m[2m=[0m2023-11-26..2023-12-25 [3mtotal[0m[2m=[0m389697
[2m2026-09-02T18:59:30.246833Z[0m [32m INFO[0m [2mtushare_sync[0m[2m:[0m window synced [3mcode[0m[2m=[0m"160723" [3mwindow[0m[2m=[0m2023-12-26..2024-01-24 [3mtotal[0m[2m=[0m394758
[2m2026-09-02T18:59:31.204384Z[0m [32m INFO[0m [2mtushare_sync[0m[2m:[0m window synced [3mcode[0m[2m=[0m"160723" [3mwindow[0m[2m=[0m2024-01-25..2024-02-23 [3mtotal[0m[2m=[0m398614
[2m2026-09-02T18:59:32.223613Z[0m [32m INFO[0m [2mtushare_sync[0m[2m:[0m window synced [3mcode[0m[2m=[0m"160723" [3mwindow[0m[2m=[0m2024-02-24..2024-03-24 [3mtotal[0m[2m=[0m403434
[2m2026-09-02T18:59:33.231505Z[0m [32m INFO[0m [2mtushare_sync[0m[2m:[0m window synced [3mcode[0m[2m=[0m"160723" [3mwindow[0m[2m=[0m2024-03-25..2024-04-23 [3mtotal[0m[2m=[0m408254
[2m2026-09-02T18:59:34.227932Z[0m [32m INFO[0m [2mtushare_sync[0m[2m:[0m window synced [3mcode[0m[2m=[0m"160723" [3mwindow[0m[2m=[0m2024-04-24..2024-05-23 [3mtotal[0m[2m=[0m412833
[2m2026-09-02T18:59:35.227831Z[0m [32m INFO[0m [2mtushare_sync[0m[2m:[0m window synced [3mcode[0m[2m=[0m"160723" [3mwindow[0m[2m=[0m2024-05-24..2024-06-22 [3mtotal[0m[2m=[0m417653
[2m2026-09-02T18:59:36.248025Z[0m [32m INFO[0m [2mtushare_sync[0m[2m:[0m window synced [3mcode[0m[2m=[0m"160723" [3mwindow[0m[2m=[0m2024-06-23..2024-07-22 [3mtotal[0m[2m=[0m422714
[2m2026-09-02T18:59:37.239592Z[0m [32m INFO[0m [2mtushare_sync[0m[2m:[0m window synced [3mcode[0m[2m=[0m"160723" [3mwindow[0m[2m=[0m2024-07-23..2024-08-21 [3mtotal[0m[2m=[0m428016
[2m2026-09-02T18:59:38.258893Z[0m [32m INFO[0m [2mtushare_sync[0m[2m:[0m window synced [3mcode[0m[2m=[0m"160723" [3mwindow[0m[2m=[0m2024-08-22..2024-09-20 [3mtotal[0m[2m=[0m432836
[2m2026-09-02T18:59:39.205284Z[0m [32m INFO[0m [2mtushare_sync[0m[2m:[0m window synced [3mcode[0m[2m=[0m"160723" [3mwindow[0m[2m=[0m2024-09-21..2024-10-20 [3mtotal[0m[2m=[0m436451
[2m2026-09-02T18:59:40.256059Z[0m [32m INFO[0m [2mtushare_sync[0m[2m:[0m window synced [3mcode[0m[2m=[0m"160723" [3mwindow[0m[2m=[0m2024-10-21..2024-11-19 [3mtotal[0m[2m=[0m441753
[2m2026-09-02T18:59:41.259563Z[0m [32m INFO[0m [2mtushare_sync[0m[2m:[0m window synced [3mcode[0m[2m=[0m"160723" [3mwindow[0m[2m=[0m2024-11-20..2024-12-19 [3mtotal[0m[2m=[0m447055
[2m2026-09-02T18:59:42.285675Z[0m [32m INFO[0m [2mtushare_sync[0m[2m:[0m window synced [3mcode[0m[2m=[0m"160723" [3mwindow[0m[2m=[0m2024-12-20..2025-01-18 [3mtotal[0m[2m=[0m451875
[2m2026-09-02T18:59:43.185013Z[0m [32m INFO[0m [2mtushare_sync[0m[2m:[0m window synced [3mcode[0m[2m=[0m"160723" [3mwindow[0m[2m=[0m2025-01-19..2025-02-17 [3mtotal[0m[2m=[0m455490
[2m2026-09-02T18:59:44.237668Z[0m [32m INFO[0m [2mtushare_sync[0m[2m:[0m window synced [3mcode[0m[2m=[0m"160723" [3mwindow[0m[2m=[0m2025-02-18..2025-03-19 [3mtotal[0m[2m=[0m460792
[2m2026-09-02T18:59:45.247639Z[0m [32m INFO[0m [2mtushare_sync[0m[2m:[0m window synced [3mcode[0m[2m=[0m"160723" [3mwindow[0m[2m=[0m2025-03-20..2025-04-18 [3mtotal[0m[2m=[0m465853
[2m2026-09-02T18:59:46.355772Z[0m [32m INFO[0m [2mtushare_sync[0m[2m:[0m window synced [3mcode[0m[2m=[0m"160723" [3mwindow[0m[2m=[0m2025-04-19..2025-05-18 [3mtotal[0m[2m=[0m469950
[2m2026-09-02T18:59:47.227805Z[0m [32m INFO[0m [2mtushare_sync[0m[2m:[0m window synced [3mcode[0m[2m=[0m"160723" [3mwindow[0m[2m=[0m2025-05-19..2025-06-17 [3mtotal[0m[2m=[0m475011
[2m2026-09-02T18:59:48.279259Z[0m [32m INFO[0m [2mtushare_sync[0m[2m:[0m window synced [3mcode[0m[2m=[0m"160723" [3mwindow[0m[2m=[0m2025-06-18..2025-07-17 [3mtotal[0m[2m=[0m480313
[2m2026-09-02T18:59:49.557282Z[0m [32m INFO[0m [2mtushare_sync[0m[2m:[0m window synced [3mcode[0m[2m=[0m"160723" [3mwindow[0m[2m=[0m2025-07-18..2025-08-16 [3mtotal[0m[2m=[0m485374
[2m2026-09-02T18:59:50.260152Z[0m [32m INFO[0m [2mtushare_sync[0m[2m:[0m window synced [3mcode[0m[2m=[0m"160723" [3mwindow[0m[2m=[0m2025-08-17..2025-09-15 [3mtotal[0m[2m=[0m490435
[2m2026-09-02T18:59:51.212861Z[0m [32m INFO[0m [2mtushare_sync[0m[2m:[0m window synced [3mcode[0m[2m=[0m"160723" [3mwindow[0m[2m=[0m2025-09-16..2025-10-15 [3mtotal[0m[2m=[0m494291
[2m2026-09-02T18:59:52.252020Z[0m [32m INFO[0m [2mtushare_sync[0m[2m:[0m window synced [3mcode[0m[2m=[0m"160723" [3mwindow[0m[2m=[0m2025-10-16..2025-11-14 [3mtotal[0m[2m=[0m499593
[2m2026-09-02T18:59:53.236179Z[0m [32m INFO[0m [2mtushare_sync[0m[2m:[0m window synced [3mcode[0m[2m=[0m"160723" [3mwindow[0m[2m=[0m2025-11-15..2025-12-14 [3mtotal[0m[2m=[0m504413
[2m2026-09-02T18:59:54.269835Z[0m [32m INFO[0m [2mtushare_sync[0m[2m:[0m window synced [3mcode[0m[2m=[0m"160723" [3mwindow[0m[2m=[0m2025-12-15..2026-01-13 [3mtotal[0m[2m=[0m509233
[2m2026-09-02T18:59:55.248897Z[0m [32m INFO[0m [2mtushare_sync[0m[2m:[0m window synced [3mcode[0m[2m=[0m"160723" [3mwindow[0m[2m=[0m2026-01-14..2026-02-12 [3mtotal[0m[2m=[0m514535
[2m2026-09-02T18:59:56.219409Z[0m [32m INFO[0m [2mtushare_sync[0m[2m:[0m window synced [3mcode[0m[2m=[0m"160723" [3mwindow[0m[2m=[0m2026-02-13..2026-03-14 [3mtotal[0m[2m=[0m518150
[2m2026-09-02T18:59:57.445280Z[0m [32m INFO[0m [2mtushare_sync[0m[2m:[0m window synced [3mcode[0m[2m=[0m"160723" [3mwindow[0m[2m=[0m2026-03-15..2026-04-13 [3mtotal[0m[2m=[0m522970
[2m2026-09-02T18:59:58.224332Z[0m [32m INFO[0m [2mtushare_sync[0m[2m:[0m window synced [3mcode[0m[2m=[0m"160723" [3mwindow[0m[2m=[0m2026-04-14..2026-05-13 [3mtotal[0m[2m=[0m527549
[2m2026-09-02T18:59:59.255688Z[0m [32m INFO[0m [2mtushare_sync[0m[2m:[0m window synced [3mcode[0m[2m=[0m"160723" [3mwindow[0m[2m=[0m2026-05-14..2026-06-12 [3mtotal[0m[2m=[0m532851
[2m2026-09-02T19:00:00.249993Z[0m [32m INFO[0m [2mtushare_sync[0m[2m:[0m window synced [3mcode[0m[2m=[0m"160723" [3mwindow[0m[2m=[0m2026-06-13..2026-07-12 [3mtotal[0m[2m=[0m537430
[2m2026-09-02T19:00:01.260639Z[0m [32m INFO[0m [2mtushare_sync[0m[2m:[0m window synced [3mcode[0m[2m=[0m"160723" [3mwindow[0m[2m=[0m2026-07-13..2026-08-11 [3mtotal[0m[2m=[0m542732
[2m2026-09-02T19:00:02.213893Z[0m [32m INFO[0m [2mtushare_sync[0m[2m:[0m window synced [3mcode[0m[2m=[0m"160723" [3mwindow[0m[2m=[0m2026-08-12..2026-09-03 [3mtotal[0m[2m=[0m546588
[2m2026-09-02T19:00:02.213926Z[0m [32m INFO[0m [2mtushare_sync[0m[2m:[0m === sync done === [3mcode[0m[2m=[0m"160723" [3mbars[0m[2m=[0m546588
[2m2026-09-02T19:00:02.213933Z[0m [32m INFO[0m [2mtushare_sync[0m[2m:[0m === sync start === [3mcode[0m[2m=[0m"510050"
[2m2026-09-02T19:00:03.259373Z[0m [32m INFO[0m [2mtushare_sync[0m[2m:[0m first data year found [3mcode[0m[2m=[0m"510050" [3mfirst_year[0m[2m=[0m2012
[2m2026-09-02T19:00:04.249706Z[0m [32m INFO[0m [2mtushare_sync[0m[2m:[0m window synced [3mcode[0m[2m=[0m"510050" [3mwindow[0m[2m=[0m2012-01-01..2012-01-30 [3mtotal[0m[2m=[0m3374
[2m2026-09-02T19:00:05.342163Z[0m [32m INFO[0m [2mtushare_sync[0m[2m:[0m window synced [3mcode[0m[2m=[0m"510050" [3mwindow[0m[2m=[0m2012-01-31..2012-02-29 [3mtotal[0m[2m=[0m8676
[2m2026-09-02T19:00:06.552080Z[0m [32m INFO[0m [2mtushare_sync[0m[2m:[0m window synced [3mcode[0m[2m=[0m"510050" [3mwindow[0m[2m=[0m2012-03-01..2012-03-30 [3mtotal[0m[2m=[0m13978
[2m2026-09-02T19:00:07.248237Z[0m [32m INFO[0m [2mtushare_sync[0m[2m:[0m window synced [3mcode[0m[2m=[0m"510050" [3mwindow[0m[2m=[0m2012-03-31..2012-04-29 [3mtotal[0m[2m=[0m18075
[2m2026-09-02T19:00:08.277877Z[0m [32m INFO[0m [2mtushare_sync[0m[2m:[0m window synced [3mcode[0m[2m=[0m"510050" [3mwindow[0m[2m=[0m2012-04-30..2012-05-29 [3mtotal[0m[2m=[0m22895
[2m2026-09-02T19:00:09.274983Z[0m [32m INFO[0m [2mtushare_sync[0m[2m:[0m window synced [3mcode[0m[2m=[0m"510050" [3mwindow[0m[2m=[0m2012-05-30..2012-06-28 [3mtotal[0m[2m=[0m27956
[2m2026-09-02T19:00:10.307218Z[0m [32m INFO[0m [2mtushare_sync[0m[2m:[0m window synced [3mcode[0m[2m=[0m"510050" [3mwindow[0m[2m=[0m2012-06-29..2012-07-28 [3mtotal[0m[2m=[0m33017
[2m2026-09-02T19:00:11.303402Z[0m [32m INFO[0m [2mtushare_sync[0m[2m:[0m window synced [3mcode[0m[2m=[0m"510050" [3mwindow[0m[2m=[0m2012-07-29..2012-08-27 [3mtotal[0m[2m=[0m38078
[2m2026-09-02T19:00:12.303953Z[0m [32m INFO[0m [2mtushare_sync[0m[2m:[0m window synced [3mcode[0m[2m=[0m"510050" [3mwindow[0m[2m=[0m2012-08-28..2012-09-26 [3mtotal[0m[2m=[0m43380
[2m2026-09-02T19:00:13.260185Z[0m [32m INFO[0m [2mtushare_sync[0m[2m:[0m window synced [3mcode[0m[2m=[0m"510050" [3mwindow[0m[2m=[0m2012-09-27..2012-10-26 [3mtotal[0m[2m=[0m47477
[2m2026-09-02T19:00:14.276699Z[0m [32m INFO[0m [2mtushare_sync[0m[2m:[0m window synced [3mcode[0m[2m=[0m"510050" [3mwindow[0m[2m=[0m2012-10-27..2012-11-25 [3mtotal[0m[2m=[0m52297
[2m2026-09-02T19:00:15.299691Z[0m [32m INFO[0m [2mtushare_sync[0m[2m:[0m window synced [3mcode[0m[2m=[0m"510050" [3mwindow[0m[2m=[0m2012-11-26..2012-12-25 [3mtotal[0m[2m=[0m57599
[2m2026-09-02T19:00:16.290572Z[0m [32m INFO[0m [2mtushare_sync[0m[2m:[0m window synced [3mcode[0m[2m=[0m"510050" [3mwindow[0m[2m=[0m2012-12-26..2013-01-24 [3mtotal[0m[2m=[0m62178
[2m2026-09-02T19:00:17.257944Z[0m [32m INFO[0m [2mtushare_sync[0m[2m:[0m window synced [3mcode[0m[2m=[0m"510050" [3mwindow[0m[2m=[0m2013-01-25..2013-02-23 [3mtotal[0m[2m=[0m66034
[2m2026-09-02T19:00:18.590079Z[0m [32m INFO[0m [2mtushare_sync[0m[2m:[0m window synced [3mcode[0m[2m=[0m"510050" [3mwindow[0m[2m=[0m2013-02-24..2013-03-25 [3mtotal[0m[2m=[0m71095
[2m2026-09-02T19:00:19.289422Z[0m [32m INFO[0m [2mtushare_sync[0m[2m:[0m window synced [3mcode[0m[2m=[0m"510050" [3mwindow[0m[2m=[0m2013-03-26..2013-04-24 [3mtotal[0m[2m=[0m75915
[2m2026-09-02T19:00:20.315891Z[0m [32m INFO[0m [2mtushare_sync[0m[2m:[0m window synced [3mcode[0m[2m=[0m"510050" [3mwindow[0m[2m=[0m2013-04-25..2013-05-24 [3mtotal[0m[2m=[0m80494
[2m2026-09-02T19:00:21.263850Z[0m [32m INFO[0m [2mtushare_sync[0m[2m:[0m window synced [3mcode[0m[2m=[0m"510050" [3mwindow[0m[2m=[0m2013-05-25..2013-06-23 [3mtotal[0m[2m=[0m84591
[2m2026-09-02T19:00:22.303913Z[0m [32m INFO[0m [2mtushare_sync[0m[2m:[0m window synced [3mcode[0m[2m=[0m"510050" [3mwindow[0m[2m=[0m2013-06-24..2013-07-23 [3mtotal[0m[2m=[0m89893
[2m2026-09-02T19:00:23.525484Z[0m [32m INFO[0m [2mtushare_sync[0m[2m:[0m window synced [3mcode[0m[2m=[0m"510050" [3mwindow[0m[2m=[0m2013-07-24..2013-08-22 [3mtotal[0m[2m=[0m95195
[2m2026-09-02T19:00:24.279551Z[0m [32m INFO[0m [2mtushare_sync[0m[2m:[0m window synced [3mcode[0m[2m=[0m"510050" [3mwindow[0m[2m=[0m2013-08-23..2013-09-21 [3mtotal[0m[2m=[0m99774
[2m2026-09-02T19:00:25.660076Z[0m [32m INFO[0m [2mtushare_sync[0m[2m:[0m window synced [3mcode[0m[2m=[0m"510050" [3mwindow[0m[2m=[0m2013-09-22..2013-10-21 [3mtotal[0m[2m=[0m103630
[2m2026-09-02T19:00:26.683398Z[0m [32m INFO[0m [2mtushare_sync[0m[2m:[0m window synced [3mcode[0m[2m=[0m"510050" [3mwindow[0m[2m=[0m2013-10-22..2013-11-20 [3mtotal[0m[2m=[0m108932
[2m2026-09-02T19:00:27.326168Z[0m [32m INFO[0m [2mtushare_sync[0m[2m:[0m window synced [3mcode[0m[2m=[0m"510050" [3mwindow[0m[2m=[0m2013-11-21..2013-12-20 [3mtotal[0m[2m=[0m114234
[2m2026-09-02T19:00:28.265508Z[0m [32m INFO[0m [2mtushare_sync[0m[2m:[0m window synced [3mcode[0m[2m=[0m"510050" [3mwindow[0m[2m=[0m2013-12-21..2014-01-19 [3mtotal[0m[2m=[0m118813
[2m2026-09-02T19:00:29.246344Z[0m [32m INFO[0m [2mtushare_sync[0m[2m:[0m window synced [3mcode[0m[2m=[0m"510050" [3mwindow[0m[2m=[0m2014-01-20..2014-02-18 [3mtotal[0m[2m=[0m122910
[2m2026-09-02T19:00:30.305227Z[0m [32m INFO[0m [2mtushare_sync[0m[2m:[0m window synced [3mcode[0m[2m=[0m"510050" [3mwindow[0m[2m=[0m2014-02-19..2014-03-20 [3mtotal[0m[2m=[0m128212
[2m2026-09-02T19:00:31.622879Z[0m [32m INFO[0m [2mtushare_sync[0m[2m:[0m window synced [3mcode[0m[2m=[0m"510050" [3mwindow[0m[2m=[0m2014-03-21..2014-04-19 [3mtotal[0m[2m=[0m133032
[2m2026-09-02T19:00:32.271491Z[0m [32m INFO[0m [2mtushare_sync[0m[2m:[0m window synced [3mcode[0m[2m=[0m"510050" [3mwindow[0m[2m=[0m2014-04-20..2014-05-19 [3mtotal[0m[2m=[0m137611
[2m2026-09-02T19:00:33.287000Z[0m [32m INFO[0m [2mtushare_sync[0m[2m:[0m window synced [3mcode[0m[2m=[0m"510050" [3mwindow[0m[2m=[0m2014-05-20..2014-06-18 [3mtotal[0m[2m=[0m142672
[2m2026-09-02T19:00:34.429574Z[0m [32m INFO[0m [2mtushare_sync[0m[2m:[0m window synced [3mcode[0m[2m=[0m"510050" [3mwindow[0m[2m=[0m2014-06-19..2014-07-18 [3mtotal[0m[2m=[0m147974
[2m2026-09-02T19:00:35.266573Z[0m [32m INFO[0m [2mtushare_sync[0m[2m:[0m window synced [3mcode[0m[2m=[0m"510050" [3mwindow[0m[2m=[0m2014-07-19..2014-08-17 [3mtotal[0m[2m=[0m152794
[2m2026-09-02T19:00:36.283214Z[0m [32m INFO[0m [2mtushare_sync[0m[2m:[0m window synced [3mcode[0m[2m=[0m"510050" [3mwindow[0m[2m=[0m2014-08-18..2014-09-16 [3mtotal[0m[2m=[0m157855
[2m2026-09-02T19:00:37.255012Z[0m [32m INFO[0m [2mtushare_sync[0m[2m:[0m window synced [3mcode[0m[2m=[0m"510050" [3mwindow[0m[2m=[0m2014-09-17..2014-10-16 [3mtotal[0m[2m=[0m161952
[2m2026-09-02T19:00:38.287799Z[0m [32m INFO[0m [2mtushare_sync[0m[2m:[0m window synced [3mcode[0m[2m=[0m"510050" [3mwindow[0m[2m=[0m2014-10-17..2014-11-15 [3mtotal[0m[2m=[0m167013
[2m2026-09-02T19:00:39.312698Z[0m [32m INFO[0m [2mtushare_sync[0m[2m:[0m window synced [3mcode[0m[2m=[0m"510050" [3mwindow[0m[2m=[0m2014-11-16..2014-12-15 [3mtotal[0m[2m=[0m172074
[2m2026-09-02T19:00:40.305691Z[0m [32m INFO[0m [2mtushare_sync[0m[2m:[0m window synced [3mcode[0m[2m=[0m"510050" [3mwindow[0m[2m=[0m2014-12-16..2015-01-14 [3mtotal[0m[2m=[0m176894
[2m2026-09-02T19:00:41.293138Z[0m [32m INFO[0m [2mtushare_sync[0m[2m:[0m window synced [3mcode[0m[2m=[0m"510050" [3mwindow[0m[2m=[0m2015-01-15..2015-02-13 [3mtotal[0m[2m=[0m182196
[2m2026-09-02T19:00:42.262671Z[0m [32m INFO[0m [2mtushare_sync[0m[2m:[0m window synced [3mcode[0m[2m=[0m"510050" [3mwindow[0m[2m=[0m2015-02-14..2015-03-15 [3mtotal[0m[2m=[0m185811
[2m2026-09-02T19:00:43.300398Z[0m [32m INFO[0m [2mtushare_sync[0m[2m:[0m window synced [3mcode[0m[2m=[0m"510050" [3mwindow[0m[2m=[0m2015-03-16..2015-04-14 [3mtotal[0m[2m=[0m190872
[2m2026-09-02T19:00:44.334929Z[0m [32m INFO[0m [2mtushare_sync[0m[2m:[0m window synced [3mcode[0m[2m=[0m"510050" [3mwindow[0m[2m=[0m2015-04-15..2015-05-14 [3mtotal[0m[2m=[0m195933
[2m2026-09-02T19:00:45.292880Z[0m [32m INFO[0m [2mtushare_sync[0m[2m:[0m window synced [3mcode[0m[2m=[0m"510050" [3mwindow[0m[2m=[0m2015-05-15..2015-06-13 [3mtotal[0m[2m=[0m200994
[2m2026-09-02T19:00:46.302603Z[0m [32m INFO[0m [2mtushare_sync[0m[2m:[0m window synced [3mcode[0m[2m=[0m"510050" [3mwindow[0m[2m=[0m2015-06-14..2015-07-13 [3mtotal[0m[2m=[0m205814
[2m2026-09-02T19:00:47.310352Z[0m [32m INFO[0m [2mtushare_sync[0m[2m:[0m window synced [3mcode[0m[2m=[0m"510050" [3mwindow[0m[2m=[0m2015-07-14..2015-08-12 [3mtotal[0m[2m=[0m211116
[2m2026-09-02T19:00:48.302141Z[0m [32m INFO[0m [2mtushare_sync[0m[2m:[0m window synced [3mcode[0m[2m=[0m"510050" [3mwindow[0m[2m=[0m2015-08-13..2015-09-11 [3mtotal[0m[2m=[0m215936
[2m2026-09-02T19:00:49.261967Z[0m [32m INFO[0m [2mtushare_sync[0m[2m:[0m window synced [3mcode[0m[2m=[0m"510050" [3mwindow[0m[2m=[0m2015-09-12..2015-10-11 [3mtotal[0m[2m=[0m219551
[2m2026-09-02T19:00:50.333774Z[0m [32m INFO[0m [2mtushare_sync[0m[2m:[0m window synced [3mcode[0m[2m=[0m"510050" [3mwindow[0m[2m=[0m2015-10-12..2015-11-10 [3mtotal[0m[2m=[0m224853
[2m2026-09-02T19:00:51.303324Z[0m [32m INFO[0m [2mtushare_sync[0m[2m:[0m window synced [3mcode[0m[2m=[0m"510050" [3mwindow[0m[2m=[0m2015-11-11..2015-12-10 [3mtotal[0m[2m=[0m230155
[2m2026-09-02T19:00:52.336763Z[0m [32m INFO[0m [2mtushare_sync[0m[2m:[0m window synced [3mcode[0m[2m=[0m"510050" [3mwindow[0m[2m=[0m2015-12-11..2016-01-09 [3mtotal[0m[2m=[0m234975
[2m2026-09-02T19:00:53.296181Z[0m [32m INFO[0m [2mtushare_sync[0m[2m:[0m window synced [3mcode[0m[2m=[0m"510050" [3mwindow[0m[2m=[0m2016-01-10..2016-02-08 [3mtotal[0m[2m=[0m239795
[2m2026-09-02T19:00:54.313070Z[0m [32m INFO[0m [2mtushare_sync[0m[2m:[0m window synced [3mcode[0m[2m=[0m"510050" [3mwindow[0m[2m=[0m2016-02-09..2016-03-09 [3mtotal[0m[2m=[0m244133
[2m2026-09-02T19:00:55.310286Z[0m [32m INFO[0m [2mtushare_sync[0m[2m:[0m window synced [3mcode[0m[2m=[0m"510050" [3mwindow[0m[2m=[0m2016-03-10..2016-04-08 [3mtotal[0m[2m=[0m249194
[2m2026-09-02T19:00:56.526540Z[0m [32m INFO[0m [2mtushare_sync[0m[2m:[0m window synced [3mcode[0m[2m=[0m"510050" [3mwindow[0m[2m=[0m2016-04-09..2016-05-08 [3mtotal[0m[2m=[0m253773
[2m2026-09-02T19:00:57.314044Z[0m [32m INFO[0m [2mtushare_sync[0m[2m:[0m window synced [3mcode[0m[2m=[0m"510050" [3mwindow[0m[2m=[0m2016-05-09..2016-06-07 [3mtotal[0m[2m=[0m259075
[2m2026-09-02T19:00:58.292113Z[0m [32m INFO[0m [2mtushare_sync[0m[2m:[0m window synced [3mcode[0m[2m=[0m"510050" [3mwindow[0m[2m=[0m2016-06-08..2016-07-07 [3mtotal[0m[2m=[0m263895
[2m2026-09-02T19:00:59.302514Z[0m [32m INFO[0m [2mtushare_sync[0m[2m:[0m window synced [3mcode[0m[2m=[0m"510050" [3mwindow[0m[2m=[0m2016-07-08..2016-08-06 [3mtotal[0m[2m=[0m268956
[2m2026-09-02T19:01:00.305277Z[0m [32m INFO[0m [2mtushare_sync[0m[2m:[0m window synced [3mcode[0m[2m=[0m"510050" [3mwindow[0m[2m=[0m2016-08-07..2016-09-05 [3mtotal[0m[2m=[0m274017
[2m2026-09-02T19:01:01.275117Z[0m [32m INFO[0m [2mtushare_sync[0m[2m:[0m window synced [3mcode[0m[2m=[0m"510050" [3mwindow[0m[2m=[0m2016-09-06..2016-10-05 [3mtotal[0m[2m=[0m278114
[2m2026-09-02T19:01:02.290085Z[0m [32m INFO[0m [2mtushare_sync[0m[2m:[0m window synced [3mcode[0m[2m=[0m"510050" [3mwindow[0m[2m=[0m2016-10-06..2016-11-04 [3mtotal[0m[2m=[0m282934
[2m2026-09-02T19:01:03.316720Z[0m [32m INFO[0m [2mtushare_sync[0m[2m:[0m window synced [3mcode[0m[2m=[0m"510050" [3mwindow[0m[2m=[0m2016-11-05..2016-12-04 [3mtotal[0m[2m=[0m287754
[2m2026-09-02T19:01:04.460444Z[0m [32m INFO[0m [2mtushare_sync[0m[2m:[0m window synced [3mcode[0m[2m=[0m"510050" [3mwindow[0m[2m=[0m2016-12-05..2017-01-03 [3mtotal[0m[2m=[0m292815
[2m2026-09-02T19:01:05.287715Z[0m [32m INFO[0m [2mtushare_sync[0m[2m:[0m window synced [3mcode[0m[2m=[0m"510050" [3mwindow[0m[2m=[0m2017-01-04..2017-02-02 [3mtotal[0m[2m=[0m296912
[2m2026-09-02T19:01:06.345193Z[0m [32m INFO[0m [2mtushare_sync[0m[2m:[0m window synced [3mcode[0m[2m=[0m"510050" [3mwindow[0m[2m=[0m2017-02-03..2017-03-04 [3mtotal[0m[2m=[0m301973
[2m2026-09-02T19:01:07.323816Z[0m [32m INFO[0m [2mtushare_sync[0m[2m:[0m window synced [3mcode[0m[2m=[0m"510050" [3mwindow[0m[2m=[0m2017-03-05..2017-04-03 [3mtotal[0m[2m=[0m306793
[2m2026-09-02T19:01:08.330858Z[0m [32m INFO[0m [2mtushare_sync[0m[2m:[0m window synced [3mcode[0m[2m=[0m"510050" [3mwindow[0m[2m=[0m2017-04-04..2017-05-03 [3mtotal[0m[2m=[0m311613
[2m2026-09-02T19:01:09.593718Z[0m [32m INFO[0m [2mtushare_sync[0m[2m:[0m window synced [3mcode[0m[2m=[0m"510050" [3mwindow[0m[2m=[0m2017-05-04..2017-06-02 [3mtotal[0m[2m=[0m316433
[2m2026-09-02T19:01:10.320232Z[0m [32m INFO[0m [2mtushare_sync[0m[2m:[0m window synced [3mcode[0m[2m=[0m"510050" [3mwindow[0m[2m=[0m2017-06-03..2017-07-02 [3mtotal[0m[2m=[0m321253
[2m2026-09-02T19:01:11.373727Z[0m [32m INFO[0m [2mtushare_sync[0m[2m:[0m window synced [3mcode[0m[2m=[0m"510050" [3mwindow[0m[2m=[0m2017-07-03..2017-08-01 [3mtotal[0m[2m=[0m326555
[2m2026-09-02T19:01:12.326957Z[0m [32m INFO[0m [2mtushare_sync[0m[2m:[0m window synced [3mcode[0m[2m=[0m"510050" [3mwindow[0m[2m=[0m2017-08-02..2017-08-31 [3mtotal[0m[2m=[0m331857
[2m2026-09-02T19:01:13.333734Z[0m [32m INFO[0m [2mtushare_sync[0m[2m:[0m window synced [3mcode[0m[2m=[0m"510050" [3mwindow[0m[2m=[0m2017-09-01..2017-09-30 [3mtotal[0m[2m=[0m336918
[2m2026-09-02T19:01:14.289068Z[0m [32m INFO[0m [2mtushare_sync[0m[2m:[0m window synced [3mcode[0m[2m=[0m"510050" [3mwindow[0m[2m=[0m2017-10-01..2017-10-30 [3mtotal[0m[2m=[0m340774
[2m2026-09-02T19:01:15.334593Z[0m [32m INFO[0m [2mtushare_sync[0m[2m:[0m window synced [3mcode[0m[2m=[0m"510050" [3mwindow[0m[2m=[0m2017-10-31..2017-11-29 [3mtotal[0m[2m=[0m346076
[2m2026-09-02T19:01:16.330102Z[0m [32m INFO[0m [2mtushare_sync[0m[2m:[0m window synced [3mcode[0m[2m=[0m"510050" [3mwindow[0m[2m=[0m2017-11-30..2017-12-29 [3mtotal[0m[2m=[0m351378
[2m2026-09-02T19:01:17.320856Z[0m [32m INFO[0m [2mtushare_sync[0m[2m:[0m window synced [3mcode[0m[2m=[0m"510050" [3mwindow[0m[2m=[0m2017-12-30..2018-01-28 [3mtotal[0m[2m=[0m355957
[2m2026-09-02T19:01:18.437179Z[0m [32m INFO[0m [2mtushare_sync[0m[2m:[0m window synced [3mcode[0m[2m=[0m"510050" [3mwindow[0m[2m=[0m2018-01-29..2018-02-27 [3mtotal[0m[2m=[0m360054
[2m2026-09-02T19:01:19.354502Z[0m [32m INFO[0m [2mtushare_sync[0m[2m:[0m window synced [3mcode[0m[2m=[0m"510050" [3mwindow[0m[2m=[0m2018-02-28..2018-03-29 [3mtotal[0m[2m=[0m365356
[2m2026-09-02T19:01:20.317922Z[0m [32m INFO[0m [2mtushare_sync[0m[2m:[0m window synced [3mcode[0m[2m=[0m"510050" [3mwindow[0m[2m=[0m2018-03-30..2018-04-28 [3mtotal[0m[2m=[0m369935
[2m2026-09-02T19:01:21.313327Z[0m [32m INFO[0m [2mtushare_sync[0m[2m:[0m window synced [3mcode[0m[2m=[0m"510050" [3mwindow[0m[2m=[0m2018-04-29..2018-05-28 [3mtotal[0m[2m=[0m374514
[2m2026-09-02T19:01:22.345352Z[0m [32m INFO[0m [2mtushare_sync[0m[2m:[0m window synced [3mcode[0m[2m=[0m"510050" [3mwindow[0m[2m=[0m2018-05-29..2018-06-27 [3mtotal[0m[2m=[0m379575
[2m2026-09-02T19:01:23.335433Z[0m [32m INFO[0m [2mtushare_sync[0m[2m:[0m window synced [3mcode[0m[2m=[0m"510050" [3mwindow[0m[2m=[0m2018-06-28..2018-07-27 [3mtotal[0m[2m=[0m384877
[2m2026-09-02T19:01:24.333250Z[0m [32m INFO[0m [2mtushare_sync[0m[2m:[0m window synced [3mcode[0m[2m=[0m"510050" [3mwindow[0m[2m=[0m2018-07-28..2018-08-26 [3mtotal[0m[2m=[0m389697
[2m2026-09-02T19:01:25.339885Z[0m [32m INFO[0m [2mtushare_sync[0m[2m:[0m window synced [3mcode[0m[2m=[0m"510050" [3mwindow[0m[2m=[0m2018-08-27..2018-09-25 [3mtotal[0m[2m=[0m394758
[2m2026-09-02T19:01:26.312043Z[0m [32m INFO[0m [2mtushare_sync[0m[2m:[0m window synced [3mcode[0m[2m=[0m"510050" [3mwindow[0m[2m=[0m2018-09-26..2018-10-25 [3mtotal[0m[2m=[0m398855
[2m2026-09-02T19:01:27.341837Z[0m [32m INFO[0m [2mtushare_sync[0m[2m:[0m window synced [3mcode[0m[2m=[0m"510050" [3mwindow[0m[2m=[0m2018-10-26..2018-11-24 [3mtotal[0m[2m=[0m403916
[2m2026-09-02T19:01:28.351867Z[0m [32m INFO[0m [2mtushare_sync[0m[2m:[0m window synced [3mcode[0m[2m=[0m"510050" [3mwindow[0m[2m=[0m2018-11-25..2018-12-24 [3mtotal[0m[2m=[0m408977
[2m2026-09-02T19:01:29.740952Z[0m [32m INFO[0m [2mtushare_sync[0m[2m:[0m window synced [3mcode[0m[2m=[0m"510050" [3mwindow[0m[2m=[0m2018-12-25..2019-01-23 [3mtotal[0m[2m=[0m413797
[2m2026-09-02T19:01:30.349103Z[0m [32m INFO[0m [2mtushare_sync[0m[2m:[0m window synced [3mcode[0m[2m=[0m"510050" [3mwindow[0m[2m=[0m2019-01-24..2019-02-22 [3mtotal[0m[2m=[0m417894
[2m2026-09-02T19:01:31.355903Z[0m [32m INFO[0m [2mtushare_sync[0m[2m:[0m window synced [3mcode[0m[2m=[0m"510050" [3mwindow[0m[2m=[0m2019-02-23..2019-03-24 [3mtotal[0m[2m=[0m422714
[2m2026-09-02T19:01:32.357611Z[0m [32m INFO[0m [2mtushare_sync[0m[2m:[0m window synced [3mcode[0m[2m=[0m"510050" [3mwindow[0m[2m=[0m2019-03-25..2019-04-23 [3mtotal[0m[2m=[0m427775
[2m2026-09-02T19:01:33.349857Z[0m [32m INFO[0m [2mtushare_sync[0m[2m:[0m window synced [3mcode[0m[2m=[0m"510050" [3mwindow[0m[2m=[0m2019-04-24..2019-05-23 [3mtotal[0m[2m=[0m432354
[2m2026-09-02T19:01:34.395495Z[0m [32m INFO[0m [2mtushare_sync[0m[2m:[0m window synced [3mcode[0m[2m=[0m"510050" [3mwindow[0m[2m=[0m2019-05-24..2019-06-22 [3mtotal[0m[2m=[0m437174
[2m2026-09-02T19:01:35.386621Z[0m [32m INFO[0m [2mtushare_sync[0m[2m:[0m window synced [3mcode[0m[2m=[0m"510050" [3mwindow[0m[2m=[0m2019-06-23..2019-07-22 [3mtotal[0m[2m=[0m442235
[2m2026-09-02T19:01:36.371912Z[0m [32m INFO[0m [2mtushare_sync[0m[2m:[0m window synced [3mcode[0m[2m=[0m"510050" [3mwindow[0m[2m=[0m2019-07-23..2019-08-21 [3mtotal[0m[2m=[0m447537
[2m2026-09-02T19:01:37.613070Z[0m [32m INFO[0m [2mtushare_sync[0m[2m:[0m window synced [3mcode[0m[2m=[0m"510050" [3mwindow[0m[2m=[0m2019-08-22..2019-09-20 [3mtotal[0m[2m=[0m452598
[2m2026-09-02T19:01:38.312969Z[0m [32m INFO[0m [2mtushare_sync[0m[2m:[0m window synced [3mcode[0m[2m=[0m"510050" [3mwindow[0m[2m=[0m2019-09-21..2019-10-20 [3mtotal[0m[2m=[0m456213
[2m2026-09-02T19:01:39.461391Z[0m [32m INFO[0m [2mtushare_sync[0m[2m:[0m window synced [3mcode[0m[2m=[0m"510050" [3mwindow[0m[2m=[0m2019-10-21..2019-11-19 [3mtotal[0m[2m=[0m461515
[2m2026-09-02T19:01:40.377653Z[0m [32m INFO[0m [2mtushare_sync[0m[2m:[0m window synced [3mcode[0m[2m=[0m"510050" [3mwindow[0m[2m=[0m2019-11-20..2019-12-19 [3mtotal[0m[2m=[0m466817
[2m2026-09-02T19:01:41.355446Z[0m [32m INFO[0m [2mtushare_sync[0m[2m:[0m window synced [3mcode[0m[2m=[0m"510050" [3mwindow[0m[2m=[0m2019-12-20..2020-01-18 [3mtotal[0m[2m=[0m471637
[2m2026-09-02T19:01:42.322436Z[0m [32m INFO[0m [2mtushare_sync[0m[2m:[0m window synced [3mcode[0m[2m=[0m"510050" [3mwindow[0m[2m=[0m2020-01-19..2020-02-17 [3mtotal[0m[2m=[0m475252
[2m2026-09-02T19:01:43.372904Z[0m [32m INFO[0m [2mtushare_sync[0m[2m:[0m window synced [3mcode[0m[2m=[0m"510050" [3mwindow[0m[2m=[0m2020-02-18..2020-03-18 [3mtotal[0m[2m=[0m480554
[2m2026-09-02T19:01:44.382254Z[0m [32m INFO[0m [2mtushare_sync[0m[2m:[0m window synced [3mcode[0m[2m=[0m"510050" [3mwindow[0m[2m=[0m2020-03-19..2020-04-17 [3mtotal[0m[2m=[0m485615
[2m2026-09-02T19:01:45.342786Z[0m [32m INFO[0m [2mtushare_sync[0m[2m:[0m window synced [3mcode[0m[2m=[0m"510050" [3mwindow[0m[2m=[0m2020-04-18..2020-05-17 [3mtotal[0m[2m=[0m489712
[2m2026-09-02T19:01:46.387661Z[0m [32m INFO[0m [2mtushare_sync[0m[2m:[0m window synced [3mcode[0m[2m=[0m"510050" [3mwindow[0m[2m=[0m2020-05-18..2020-06-16 [3mtotal[0m[2m=[0m495014
[2m2026-09-02T19:01:47.369876Z[0m [32m INFO[0m [2mtushare_sync[0m[2m:[0m window synced [3mcode[0m[2m=[0m"510050" [3mwindow[0m[2m=[0m2020-06-17..2020-07-16 [3mtotal[0m[2m=[0m499834
[2m2026-09-02T19:01:48.362851Z[0m [32m INFO[0m [2mtushare_sync[0m[2m:[0m window synced [3mcode[0m[2m=[0m"510050" [3mwindow[0m[2m=[0m2020-07-17..2020-08-15 [3mtotal[0m[2m=[0m504895
[2m2026-09-02T19:01:49.375536Z[0m [32m INFO[0m [2mtushare_sync[0m[2m:[0m window synced [3mcode[0m[2m=[0m"510050" [3mwindow[0m[2m=[0m2020-08-16..2020-09-14 [3mtotal[0m[2m=[0m509956
[2m2026-09-02T19:01:50.360302Z[0m [32m INFO[0m [2mtushare_sync[0m[2m:[0m window synced [3mcode[0m[2m=[0m"510050" [3mwindow[0m[2m=[0m2020-09-15..2020-10-14 [3mtotal[0m[2m=[0m513812
[2m2026-09-02T19:01:51.392142Z[0m [32m INFO[0m [2mtushare_sync[0m[2m:[0m window synced [3mcode[0m[2m=[0m"510050" [3mwindow[0m[2m=[0m2020-10-15..2020-11-13 [3mtotal[0m[2m=[0m519114
[2m2026-09-02T19:01:52.370825Z[0m [32m INFO[0m [2mtushare_sync[0m[2m:[0m window synced [3mcode[0m[2m=[0m"510050" [3mwindow[0m[2m=[0m2020-11-14..2020-12-13 [3mtotal[0m[2m=[0m523934
[2m2026-09-02T19:01:53.411249Z[0m [32m INFO[0m [2mtushare_sync[0m[2m:[0m window synced [3mcode[0m[2m=[0m"510050" [3mwindow[0m[2m=[0m2020-12-14..2021-01-12 [3mtotal[0m[2m=[0m528995
[2m2026-09-02T19:01:54.402158Z[0m [32m INFO[0m [2mtushare_sync[0m[2m:[0m window synced [3mcode[0m[2m=[0m"510050" [3mwindow[0m[2m=[0m2021-01-13..2021-02-11 [3mtotal[0m[2m=[0m534056
[2m2026-09-02T19:01:55.357280Z[0m [32m INFO[0m [2mtushare_sync[0m[2m:[0m window synced [3mcode[0m[2m=[0m"510050" [3mwindow[0m[2m=[0m2021-02-12..2021-03-13 [3mtotal[0m[2m=[0m538153
[2m2026-09-02T19:01:56.418113Z[0m [32m INFO[0m [2mtushare_sync[0m[2m:[0m window synced [3mcode[0m[2m=[0m"510050" [3mwindow[0m[2m=[0m2021-03-14..2021-04-12 [3mtotal[0m[2m=[0m542973
[2m2026-09-02T19:01:57.389696Z[0m [32m INFO[0m [2mtushare_sync[0m[2m:[0m window synced [3mcode[0m[2m=[0m"510050" [3mwindow[0m[2m=[0m2021-04-13..2021-05-12 [3mtotal[0m[2m=[0m547552
[2m2026-09-02T19:01:58.406678Z[0m [32m INFO[0m [2mtushare_sync[0m[2m:[0m window synced [3mcode[0m[2m=[0m"510050" [3mwindow[0m[2m=[0m2021-05-13..2021-06-11 [3mtotal[0m[2m=[0m552854
[2m2026-09-02T19:01:59.493184Z[0m [32m INFO[0m [2mtushare_sync[0m[2m:[0m window synced [3mcode[0m[2m=[0m"510050" [3mwindow[0m[2m=[0m2021-06-12..2021-07-11 [3mtotal[0m[2m=[0m557433
[2m2026-09-02T19:02:00.408859Z[0m [32m INFO[0m [2mtushare_sync[0m[2m:[0m window synced [3mcode[0m[2m=[0m"510050" [3mwindow[0m[2m=[0m2021-07-12..2021-08-10 [3mtotal[0m[2m=[0m562735
[2m2026-09-02T19:02:01.408947Z[0m [32m INFO[0m [2mtushare_sync[0m[2m:[0m window synced [3mcode[0m[2m=[0m"510050" [3mwindow[0m[2m=[0m2021-08-11..2021-09-09 [3mtotal[0m[2m=[0m568037
[2m2026-09-02T19:02:02.361006Z[0m [32m INFO[0m [2mtushare_sync[0m[2m:[0m window synced [3mcode[0m[2m=[0m"510050" [3mwindow[0m[2m=[0m2021-09-10..2021-10-09 [3mtotal[0m[2m=[0m571411
[2m2026-09-02T19:02:03.410363Z[0m [32m INFO[0m [2mtushare_sync[0m[2m:[0m window synced [3mcode[0m[2m=[0m"510050" [3mwindow[0m[2m=[0m2021-10-10..2021-11-08 [3mtotal[0m[2m=[0m576472
[2m2026-09-02T19:02:04.402569Z[0m [32m INFO[0m [2mtushare_sync[0m[2m:[0m window synced [3mcode[0m[2m=[0m"510050" [3mwindow[0m[2m=[0m2021-11-09..2021-12-08 [3mtotal[0m[2m=[0m581774
[2m2026-09-02T19:02:05.398241Z[0m [32m INFO[0m [2mtushare_sync[0m[2m:[0m window synced [3mcode[0m[2m=[0m"510050" [3mwindow[0m[2m=[0m2021-12-09..2022-01-07 [3mtotal[0m[2m=[0m586835
[2m2026-09-02T19:02:06.381642Z[0m [32m INFO[0m [2mtushare_sync[0m[2m:[0m window synced [3mcode[0m[2m=[0m"510050" [3mwindow[0m[2m=[0m2022-01-08..2022-02-06 [3mtotal[0m[2m=[0m590450
[2m2026-09-02T19:02:07.420200Z[0m [32m INFO[0m [2mtushare_sync[0m[2m:[0m window synced [3mcode[0m[2m=[0m"510050" [3mwindow[0m[2m=[0m2022-02-07..2022-03-08 [3mtotal[0m[2m=[0m595752
[2m2026-09-02T19:02:08.397273Z[0m [32m INFO[0m [2mtushare_sync[0m[2m:[0m window synced [3mcode[0m[2m=[0m"510050" [3mwindow[0m[2m=[0m2022-03-09..2022-04-07 [3mtotal[0m[2m=[0m600572
[2m2026-09-02T19:02:09.428508Z[0m [32m INFO[0m [2mtushare_sync[0m[2m:[0m window synced [3mcode[0m[2m=[0m"510050" [3mwindow[0m[2m=[0m2022-04-08..2022-05-07 [3mtotal[0m[2m=[0m604910
[2m2026-09-02T19:02:10.415606Z[0m [32m INFO[0m [2mtushare_sync[0m[2m:[0m window synced [3mcode[0m[2m=[0m"510050" [3mwindow[0m[2m=[0m2022-05-08..2022-06-06 [3mtotal[0m[2m=[0m609730
[2m2026-09-02T19:02:11.465646Z[0m [32m INFO[0m [2mtushare_sync[0m[2m:[0m window synced [3mcode[0m[2m=[0m"510050" [3mwindow[0m[2m=[0m2022-06-07..2022-07-06 [3mtotal[0m[2m=[0m615032
[2m2026-09-02T19:02:12.431414Z[0m [32m INFO[0m [2mtushare_sync[0m[2m:[0m window synced [3mcode[0m[2m=[0m"510050" [3mwindow[0m[2m=[0m2022-07-07..2022-08-05 [3mtotal[0m[2m=[0m620334
[2m2026-09-02T19:02:13.409695Z[0m [32m INFO[0m [2mtushare_sync[0m[2m:[0m window synced [3mcode[0m[2m=[0m"510050" [3mwindow[0m[2m=[0m2022-08-06..2022-09-04 [3mtotal[0m[2m=[0m625154
[2m2026-09-02T19:02:14.401190Z[0m [32m INFO[0m [2mtushare_sync[0m[2m:[0m window synced [3mcode[0m[2m=[0m"510050" [3mwindow[0m[2m=[0m2022-09-05..2022-10-04 [3mtotal[0m[2m=[0m629733
[2m2026-09-02T19:02:15.404661Z[0m [32m INFO[0m [2mtushare_sync[0m[2m:[0m window synced [3mcode[0m[2m=[0m"510050" [3mwindow[0m[2m=[0m2022-10-05..2022-11-03 [3mtotal[0m[2m=[0m634312
[2m2026-09-02T19:02:16.402928Z[0m [32m INFO[0m [2mtushare_sync[0m[2m:[0m window synced [3mcode[0m[2m=[0m"510050" [3mwindow[0m[2m=[0m2022-11-04..2022-12-03 [3mtotal[0m[2m=[0m639373
[2m2026-09-02T19:02:17.417901Z[0m [32m INFO[0m [2mtushare_sync[0m[2m:[0m window synced [3mcode[0m[2m=[0m"510050" [3mwindow[0m[2m=[0m2022-12-04..2023-01-02 [3mtotal[0m[2m=[0m644193
[2m2026-09-02T19:02:18.415830Z[0m [32m INFO[0m [2mtushare_sync[0m[2m:[0m window synced [3mcode[0m[2m=[0m"510050" [3mwindow[0m[2m=[0m2023-01-03..2023-02-01 [3mtotal[0m[2m=[0m648290
[2m2026-09-02T19:02:19.436037Z[0m [32m INFO[0m [2mtushare_sync[0m[2m:[0m window synced [3mcode[0m[2m=[0m"510050" [3mwindow[0m[2m=[0m2023-02-02..2023-03-03 [3mtotal[0m[2m=[0m653592
[2m2026-09-02T19:02:20.444048Z[0m [32m INFO[0m [2mtushare_sync[0m[2m:[0m window synced [3mcode[0m[2m=[0m"510050" [3mwindow[0m[2m=[0m2023-03-04..2023-04-02 [3mtotal[0m[2m=[0m658412
[2m2026-09-02T19:02:21.449890Z[0m [32m INFO[0m [2mtushare_sync[0m[2m:[0m window synced [3mcode[0m[2m=[0m"510050" [3mwindow[0m[2m=[0m2023-04-03..2023-05-02 [3mtotal[0m[2m=[0m662991
[2m2026-09-02T19:02:22.451873Z[0m [32m INFO[0m [2mtushare_sync[0m[2m:[0m window synced [3mcode[0m[2m=[0m"510050" [3mwindow[0m[2m=[0m2023-05-03..2023-06-01 [3mtotal[0m[2m=[0m668052
[2m2026-09-02T19:02:23.458147Z[0m [32m INFO[0m [2mtushare_sync[0m[2m:[0m window synced [3mcode[0m[2m=[0m"510050" [3mwindow[0m[2m=[0m2023-06-02..2023-07-01 [3mtotal[0m[2m=[0m672631
[2m2026-09-02T19:02:24.456518Z[0m [32m INFO[0m [2mtushare_sync[0m[2m:[0m window synced [3mcode[0m[2m=[0m"510050" [3mwindow[0m[2m=[0m2023-07-02..2023-07-31 [3mtotal[0m[2m=[0m677692
[2m2026-09-02T19:02:25.445761Z[0m [32m INFO[0m [2mtushare_sync[0m[2m:[0m window synced [3mcode[0m[2m=[0m"510050" [3mwindow[0m[2m=[0m2023-08-01..2023-08-30 [3mtotal[0m[2m=[0m682994
[2m2026-09-02T19:02:26.473867Z[0m [32m INFO[0m [2mtushare_sync[0m[2m:[0m window synced [3mcode[0m[2m=[0m"510050" [3mwindow[0m[2m=[0m2023-08-31..2023-09-29 [3mtotal[0m[2m=[0m688055
[2m2026-09-02T19:02:27.443229Z[0m [32m INFO[0m [2mtushare_sync[0m[2m:[0m window synced [3mcode[0m[2m=[0m"510050" [3mwindow[0m[2m=[0m2023-09-30..2023-10-29 [3mtotal[0m[2m=[0m691670
[2m2026-09-02T19:02:28.437364Z[0m [32m INFO[0m [2mtushare_sync[0m[2m:[0m window synced [3mcode[0m[2m=[0m"510050" [3mwindow[0m[2m=[0m2023-10-30..2023-11-28 [3mtotal[0m[2m=[0m696972
[2m2026-09-02T19:02:29.599309Z[0m [32m INFO[0m [2mtushare_sync[0m[2m:[0m window synced [3mcode[0m[2m=[0m"510050" [3mwindow[0m[2m=[0m2023-11-29..2023-12-28 [3mtotal[0m[2m=[0m702274
[2m2026-09-02T19:02:30.448436Z[0m [32m INFO[0m [2mtushare_sync[0m[2m:[0m window synced [3mcode[0m[2m=[0m"510050" [3mwindow[0m[2m=[0m2023-12-29..2024-01-27 [3mtotal[0m[2m=[0m707094
[2m2026-09-02T19:02:31.423469Z[0m [32m INFO[0m [2mtushare_sync[0m[2m:[0m window synced [3mcode[0m[2m=[0m"510050" [3mwindow[0m[2m=[0m2024-01-28..2024-02-26 [3mtotal[0m[2m=[0m710709
[2m2026-09-02T19:02:32.478976Z[0m [32m INFO[0m [2mtushare_sync[0m[2m:[0m window synced [3mcode[0m[2m=[0m"510050" [3mwindow[0m[2m=[0m2024-02-27..2024-03-27 [3mtotal[0m[2m=[0m716011
[2m2026-09-02T19:02:33.514950Z[0m [32m INFO[0m [2mtushare_sync[0m[2m:[0m window synced [3mcode[0m[2m=[0m"510050" [3mwindow[0m[2m=[0m2024-03-28..2024-04-26 [3mtotal[0m[2m=[0m720831
[2m2026-09-02T19:02:34.425370Z[0m [32m INFO[0m [2mtushare_sync[0m[2m:[0m window synced [3mcode[0m[2m=[0m"510050" [3mwindow[0m[2m=[0m2024-04-27..2024-05-26 [3mtotal[0m[2m=[0m724928
[2m2026-09-02T19:02:35.492285Z[0m [32m INFO[0m [2mtushare_sync[0m[2m:[0m window synced [3mcode[0m[2m=[0m"510050" [3mwindow[0m[2m=[0m2024-05-27..2024-06-25 [3mtotal[0m[2m=[0m729989
[2m2026-09-02T19:02:36.617209Z[0m [32m INFO[0m [2mtushare_sync[0m[2m:[0m window synced [3mcode[0m[2m=[0m"510050" [3mwindow[0m[2m=[0m2024-06-26..2024-07-25 [3mtotal[0m[2m=[0m735291
[2m2026-09-02T19:02:37.474313Z[0m [32m INFO[0m [2mtushare_sync[0m[2m:[0m window synced [3mcode[0m[2m=[0m"510050" [3mwindow[0m[2m=[0m2024-07-26..2024-08-24 [3mtotal[0m[2m=[0m740352
[2m2026-09-02T19:02:38.448183Z[0m [32m INFO[0m [2mtushare_sync[0m[2m:[0m window synced [3mcode[0m[2m=[0m"510050" [3mwindow[0m[2m=[0m2024-08-25..2024-09-23 [3mtotal[0m[2m=[0m744931
[2m2026-09-02T19:02:39.446624Z[0m [32m INFO[0m [2mtushare_sync[0m[2m:[0m window synced [3mcode[0m[2m=[0m"510050" [3mwindow[0m[2m=[0m2024-09-24..2024-10-23 [3mtotal[0m[2m=[0m749028
[2m2026-09-02T19:02:40.456193Z[0m [32m INFO[0m [2mtushare_sync[0m[2m:[0m window synced [3mcode[0m[2m=[0m"510050" [3mwindow[0m[2m=[0m2024-10-24..2024-11-22 [3mtotal[0m[2m=[0m754330
[2m2026-09-02T19:02:41.451976Z[0m [32m INFO[0m [2mtushare_sync[0m[2m:[0m window synced [3mcode[0m[2m=[0m"510050" [3mwindow[0m[2m=[0m2024-11-23..2024-12-22 [3mtotal[0m[2m=[0m759150
[2m2026-09-02T19:02:42.472639Z[0m [32m INFO[0m [2mtushare_sync[0m[2m:[0m window synced [3mcode[0m[2m=[0m"510050" [3mwindow[0m[2m=[0m2024-12-23..2025-01-21 [3mtotal[0m[2m=[0m764211
[2m2026-09-02T19:02:43.424449Z[0m [32m INFO[0m [2mtushare_sync[0m[2m:[0m window synced [3mcode[0m[2m=[0m"510050" [3mwindow[0m[2m=[0m2025-01-22..2025-02-20 [3mtotal[0m[2m=[0m768067
[2m2026-09-02T19:02:44.461339Z[0m [32m INFO[0m [2mtushare_sync[0m[2m:[0m window synced [3mcode[0m[2m=[0m"510050" [3mwindow[0m[2m=[0m2025-02-21..2025-03-22 [3mtotal[0m[2m=[0m773128
[2m2026-09-02T19:02:45.451402Z[0m [32m INFO[0m [2mtushare_sync[0m[2m:[0m window synced [3mcode[0m[2m=[0m"510050" [3mwindow[0m[2m=[0m2025-03-23..2025-04-21 [3mtotal[0m[2m=[0m777948
[2m2026-09-02T19:02:46.435317Z[0m [32m INFO[0m [2mtushare_sync[0m[2m:[0m window synced [3mcode[0m[2m=[0m"510050" [3mwindow[0m[2m=[0m2025-04-22..2025-05-21 [3mtotal[0m[2m=[0m782527
[2m2026-09-02T19:02:47.805317Z[0m [32m INFO[0m [2mtushare_sync[0m[2m:[0m window synced [3mcode[0m[2m=[0m"510050" [3mwindow[0m[2m=[0m2025-05-22..2025-06-20 [3mtotal[0m[2m=[0m787588
[2m2026-09-02T19:02:48.432645Z[0m [32m INFO[0m [2mtushare_sync[0m[2m:[0m window synced [3mcode[0m[2m=[0m"510050" [3mwindow[0m[2m=[0m2025-06-21..2025-07-20 [3mtotal[0m[2m=[0m792408
[2m2026-09-02T19:02:49.497036Z[0m [32m INFO[0m [2mtushare_sync[0m[2m:[0m window synced [3mcode[0m[2m=[0m"510050" [3mwindow[0m[2m=[0m2025-07-21..2025-08-19 [3mtotal[0m[2m=[0m797710
[2m2026-09-02T19:02:50.474693Z[0m [32m INFO[0m [2mtushare_sync[0m[2m:[0m window synced [3mcode[0m[2m=[0m"510050" [3mwindow[0m[2m=[0m2025-08-20..2025-09-18 [3mtotal[0m[2m=[0m803012
[2m2026-09-02T19:02:51.411738Z[0m [32m INFO[0m [2mtushare_sync[0m[2m:[0m window synced [3mcode[0m[2m=[0m"510050" [3mwindow[0m[2m=[0m2025-09-19..2025-10-18 [3mtotal[0m[2m=[0m806627
[2m2026-09-02T19:02:52.437852Z[0m [32m INFO[0m [2mtushare_sync[0m[2m:[0m window synced [3mcode[0m[2m=[0m"510050" [3mwindow[0m[2m=[0m2025-10-19..2025-11-17 [3mtotal[0m[2m=[0m811688
[2m2026-09-02T19:02:53.460289Z[0m [32m INFO[0m [2mtushare_sync[0m[2m:[0m window synced [3mcode[0m[2m=[0m"510050" [3mwindow[0m[2m=[0m2025-11-18..2025-12-17 [3mtotal[0m[2m=[0m816990
[2m2026-09-02T19:02:54.665300Z[0m [32m INFO[0m [2mtushare_sync[0m[2m:[0m window synced [3mcode[0m[2m=[0m"510050" [3mwindow[0m[2m=[0m2025-12-18..2026-01-16 [3mtotal[0m[2m=[0m821810
[2m2026-09-02T19:02:55.461178Z[0m [32m INFO[0m [2mtushare_sync[0m[2m:[0m window synced [3mcode[0m[2m=[0m"510050" [3mwindow[0m[2m=[0m2026-01-17..2026-02-15 [3mtotal[0m[2m=[0m826630
[2m2026-09-02T19:02:56.421279Z[0m [32m INFO[0m [2mtushare_sync[0m[2m:[0m window synced [3mcode[0m[2m=[0m"510050" [3mwindow[0m[2m=[0m2026-02-16..2026-03-17 [3mtotal[0m[2m=[0m830486
[2m2026-09-02T19:02:57.541658Z[0m [32m INFO[0m [2mtushare_sync[0m[2m:[0m window synced [3mcode[0m[2m=[0m"510050" [3mwindow[0m[2m=[0m2026-03-18..2026-04-16 [3mtotal[0m[2m=[0m835547
[2m2026-09-02T19:02:58.429450Z[0m [32m INFO[0m [2mtushare_sync[0m[2m:[0m window synced [3mcode[0m[2m=[0m"510050" [3mwindow[0m[2m=[0m2026-04-17..2026-05-16 [3mtotal[0m[2m=[0m839885
[2m2026-09-02T19:02:59.597239Z[0m [32m INFO[0m [2mtushare_sync[0m[2m:[0m window synced [3mcode[0m[2m=[0m"510050" [3mwindow[0m[2m=[0m2026-05-17..2026-06-15 [3mtotal[0m[2m=[0m844946
[2m2026-09-02T19:03:00.476643Z[0m [32m INFO[0m [2mtushare_sync[0m[2m:[0m window synced [3mcode[0m[2m=[0m"510050" [3mwindow[0m[2m=[0m2026-06-16..2026-07-15 [3mtotal[0m[2m=[0m850007
[2m2026-09-02T19:03:01.500116Z[0m [32m INFO[0m [2mtushare_sync[0m[2m:[0m window synced [3mcode[0m[2m=[0m"510050" [3mwindow[0m[2m=[0m2026-07-16..2026-08-14 [3mtotal[0m[2m=[0m855309
[2m2026-09-02T19:03:02.407259Z[0m [32m INFO[0m [2mtushare_sync[0m[2m:[0m window synced [3mcode[0m[2m=[0m"510050" [3mwindow[0m[2m=[0m2026-08-15..2026-09-03 [3mtotal[0m[2m=[0m858442
[2m2026-09-02T19:03:02.407295Z[0m [32m INFO[0m [2mtushare_sync[0m[2m:[0m === sync done === [3mcode[0m[2m=[0m"510050" [3mbars[0m[2m=[0m858442
[2m2026-09-02T19:03:02.407302Z[0m [32m INFO[0m [2mtushare_sync[0m[2m:[0m === sync start === [3mcode[0m[2m=[0m"510880"
[2m2026-09-02T19:03:03.449587Z[0m [32m INFO[0m [2mtushare_sync[0m[2m:[0m first data year found [3mcode[0m[2m=[0m"510880" [3mfirst_year[0m[2m=[0m2012
[2m2026-09-02T19:03:04.454059Z[0m [32m INFO[0m [2mtushare_sync[0m[2m:[0m window synced [3mcode[0m[2m=[0m"510880" [3mwindow[0m[2m=[0m2012-01-01..2012-01-30 [3mtotal[0m[2m=[0m3374
[2m2026-09-02T19:03:05.532856Z[0m [32m INFO[0m [2mtushare_sync[0m[2m:[0m window synced [3mcode[0m[2m=[0m"510880" [3mwindow[0m[2m=[0m2012-01-31..2012-02-29 [3mtotal[0m[2m=[0m8676
[2m2026-09-02T19:03:06.449144Z[0m [32m INFO[0m [2mtushare_sync[0m[2m:[0m window synced [3mcode[0m[2m=[0m"510880" [3mwindow[0m[2m=[0m2012-03-01..2012-03-30 [3mtotal[0m[2m=[0m13978
[2m2026-09-02T19:03:07.492314Z[0m [32m INFO[0m [2mtushare_sync[0m[2m:[0m window synced [3mcode[0m[2m=[0m"510880" [3mwindow[0m[2m=[0m2012-03-31..2012-04-29 [3mtotal[0m[2m=[0m18075
[2m2026-09-02T19:03:08.486674Z[0m [32m INFO[0m [2mtushare_sync[0m[2m:[0m window synced [3mcode[0m[2m=[0m"510880" [3mwindow[0m[2m=[0m2012-04-30..2012-05-29 [3mtotal[0m[2m=[0m22895
[2m2026-09-02T19:03:09.729068Z[0m [32m INFO[0m [2mtushare_sync[0m[2m:[0m window synced [3mcode[0m[2m=[0m"510880" [3mwindow[0m[2m=[0m2012-05-30..2012-06-28 [3mtotal[0m[2m=[0m27956
[2m2026-09-02T19:03:10.584087Z[0m [32m INFO[0m [2mtushare_sync[0m[2m:[0m window synced [3mcode[0m[2m=[0m"510880" [3mwindow[0m[2m=[0m2012-06-29..2012-07-28 [3mtotal[0m[2m=[0m33017
[2m2026-09-02T19:03:11.453196Z[0m [32m INFO[0m [2mtushare_sync[0m[2m:[0m window synced [3mcode[0m[2m=[0m"510880" [3mwindow[0m[2m=[0m2012-07-29..2012-08-27 [3mtotal[0m[2m=[0m38078
[2m2026-09-02T19:03:12.446884Z[0m [32m INFO[0m [2mtushare_sync[0m[2m:[0m window synced [3mcode[0m[2m=[0m"510880" [3mwindow[0m[2m=[0m2012-08-28..2012-09-26 [3mtotal[0m[2m=[0m43380
[2m2026-09-02T19:03:13.453036Z[0m [32m INFO[0m [2mtushare_sync[0m[2m:[0m window synced [3mcode[0m[2m=[0m"510880" [3mwindow[0m[2m=[0m2012-09-27..2012-10-26 [3mtotal[0m[2m=[0m47477
[2m2026-09-02T19:03:14.442620Z[0m [32m INFO[0m [2mtushare_sync[0m[2m:[0m window synced [3mcode[0m[2m=[0m"510880" [3mwindow[0m[2m=[0m2012-10-27..2012-11-25 [3mtotal[0m[2m=[0m52297
[2m2026-09-02T19:03:15.469508Z[0m [32m INFO[0m [2mtushare_sync[0m[2m:[0m window synced [3mcode[0m[2m=[0m"510880" [3mwindow[0m[2m=[0m2012-11-26..2012-12-25 [3mtotal[0m[2m=[0m57599
[2m2026-09-02T19:03:16.425892Z[0m [32m INFO[0m [2mtushare_sync[0m[2m:[0m window synced [3mcode[0m[2m=[0m"510880" [3mwindow[0m[2m=[0m2012-12-26..2013-01-24 [3mtotal[0m[2m=[0m62178
[2m2026-09-02T19:03:17.435994Z[0m [32m INFO[0m [2mtushare_sync[0m[2m:[0m window synced [3mcode[0m[2m=[0m"510880" [3mwindow[0m[2m=[0m2013-01-25..2013-02-23 [3mtotal[0m[2m=[0m66034
[2m2026-09-02T19:03:18.461190Z[0m [32m INFO[0m [2mtushare_sync[0m[2m:[0m window synced [3mcode[0m[2m=[0m"510880" [3mwindow[0m[2m=[0m2013-02-24..2013-03-25 [3mtotal[0m[2m=[0m71095
[2m2026-09-02T19:03:19.454491Z[0m [32m INFO[0m [2mtushare_sync[0m[2m:[0m window synced [3mcode[0m[2m=[0m"510880" [3mwindow[0m[2m=[0m2013-03-26..2013-04-24 [3mtotal[0m[2m=[0m75915
[2m2026-09-02T19:03:20.462616Z[0m [32m INFO[0m [2mtushare_sync[0m[2m:[0m window synced [3mcode[0m[2m=[0m"510880" [3mwindow[0m[2m=[0m2013-04-25..2013-05-24 [3mtotal[0m[2m=[0m80494
[2m2026-09-02T19:03:21.465448Z[0m [32m INFO[0m [2mtushare_sync[0m[2m:[0m window synced [3mcode[0m[2m=[0m"510880" [3mwindow[0m[2m=[0m2013-05-25..2013-06-23 [3mtotal[0m[2m=[0m84591
[2m2026-09-02T19:03:22.472344Z[0m [32m INFO[0m [2mtushare_sync[0m[2m:[0m window synced [3mcode[0m[2m=[0m"510880" [3mwindow[0m[2m=[0m2013-06-24..2013-07-23 [3mtotal[0m[2m=[0m89893
[2m2026-09-02T19:03:23.479492Z[0m [32m INFO[0m [2mtushare_sync[0m[2m:[0m window synced [3mcode[0m[2m=[0m"510880" [3mwindow[0m[2m=[0m2013-07-24..2013-08-22 [3mtotal[0m[2m=[0m95195
[2m2026-09-02T19:03:24.432120Z[0m [32m INFO[0m [2mtushare_sync[0m[2m:[0m window synced [3mcode[0m[2m=[0m"510880" [3mwindow[0m[2m=[0m2013-08-23..2013-09-21 [3mtotal[0m[2m=[0m99774
[2m2026-09-02T19:03:25.419837Z[0m [32m INFO[0m [2mtushare_sync[0m[2m:[0m window synced [3mcode[0m[2m=[0m"510880" [3mwindow[0m[2m=[0m2013-09-22..2013-10-21 [3mtotal[0m[2m=[0m103630
[2m2026-09-02T19:03:26.480155Z[0m [32m INFO[0m [2mtushare_sync[0m[2m:[0m window synced [3mcode[0m[2m=[0m"510880" [3mwindow[0m[2m=[0m2013-10-22..2013-11-20 [3mtotal[0m[2m=[0m108932
[2m2026-09-02T19:03:27.508267Z[0m [32m INFO[0m [2mtushare_sync[0m[2m:[0m window synced [3mcode[0m[2m=[0m"510880" [3mwindow[0m[2m=[0m2013-11-21..2013-12-20 [3mtotal[0m[2m=[0m114234
[2m2026-09-02T19:03:28.441442Z[0m [32m INFO[0m [2mtushare_sync[0m[2m:[0m window synced [3mcode[0m[2m=[0m"510880" [3mwindow[0m[2m=[0m2013-12-21..2014-01-19 [3mtotal[0m[2m=[0m118813
[2m2026-09-02T19:03:29.444040Z[0m [32m INFO[0m [2mtushare_sync[0m[2m:[0m window synced [3mcode[0m[2m=[0m"510880" [3mwindow[0m[2m=[0m2014-01-20..2014-02-18 [3mtotal[0m[2m=[0m122910
[2m2026-09-02T19:03:30.487186Z[0m [32m INFO[0m [2mtushare_sync[0m[2m:[0m window synced [3mcode[0m[2m=[0m"510880" [3mwindow[0m[2m=[0m2014-02-19..2014-03-20 [3mtotal[0m[2m=[0m128212
[2m2026-09-02T19:03:31.475970Z[0m [32m INFO[0m [2mtushare_sync[0m[2m:[0m window synced [3mcode[0m[2m=[0m"510880" [3mwindow[0m[2m=[0m2014-03-21..2014-04-19 [3mtotal[0m[2m=[0m133032
[2m2026-09-02T19:03:32.612548Z[0m [32m INFO[0m [2mtushare_sync[0m[2m:[0m window synced [3mcode[0m[2m=[0m"510880" [3mwindow[0m[2m=[0m2014-04-20..2014-05-19 [3mtotal[0m[2m=[0m137611
[2m2026-09-02T19:03:33.503245Z[0m [32m INFO[0m [2mtushare_sync[0m[2m:[0m window synced [3mcode[0m[2m=[0m"510880" [3mwindow[0m[2m=[0m2014-05-20..2014-06-18 [3mtotal[0m[2m=[0m142672
[2m2026-09-02T19:03:34.469590Z[0m [32m INFO[0m [2mtushare_sync[0m[2m:[0m window synced [3mcode[0m[2m=[0m"510880" [3mwindow[0m[2m=[0m2014-06-19..2014-07-18 [3mtotal[0m[2m=[0m147974
[2m2026-09-02T19:03:35.498165Z[0m [32m INFO[0m [2mtushare_sync[0m[2m:[0m window synced [3mcode[0m[2m=[0m"510880" [3mwindow[0m[2m=[0m2014-07-19..2014-08-17 [3mtotal[0m[2m=[0m152794
[2m2026-09-02T19:03:36.474449Z[0m [32m INFO[0m [2mtushare_sync[0m[2m:[0m window synced [3mcode[0m[2m=[0m"510880" [3mwindow[0m[2m=[0m2014-08-18..2014-09-16 [3mtotal[0m[2m=[0m157855
[2m2026-09-02T19:03:37.446936Z[0m [32m INFO[0m [2mtushare_sync[0m[2m:[0m window synced [3mcode[0m[2m=[0m"510880" [3mwindow[0m[2m=[0m2014-09-17..2014-10-16 [3mtotal[0m[2m=[0m161952
[2m2026-09-02T19:03:38.480556Z[0m [32m INFO[0m [2mtushare_sync[0m[2m:[0m window synced [3mcode[0m[2m=[0m"510880" [3mwindow[0m[2m=[0m2014-10-17..2014-11-15 [3mtotal[0m[2m=[0m167013
[2m2026-09-02T19:03:39.493730Z[0m [32m INFO[0m [2mtushare_sync[0m[2m:[0m window synced [3mcode[0m[2m=[0m"510880" [3mwindow[0m[2m=[0m2014-11-16..2014-12-15 [3mtotal[0m[2m=[0m172074
[2m2026-09-02T19:03:40.542423Z[0m [32m INFO[0m [2mtushare_sync[0m[2m:[0m window synced [3mcode[0m[2m=[0m"510880" [3mwindow[0m[2m=[0m2014-12-16..2015-01-14 [3mtotal[0m[2m=[0m176894
[2m2026-09-02T19:03:41.466381Z[0m [32m INFO[0m [2mtushare_sync[0m[2m:[0m window synced [3mcode[0m[2m=[0m"510880" [3mwindow[0m[2m=[0m2015-01-15..2015-02-13 [3mtotal[0m[2m=[0m182196
[2m2026-09-02T19:03:42.442003Z[0m [32m INFO[0m [2mtushare_sync[0m[2m:[0m window synced [3mcode[0m[2m=[0m"510880" [3mwindow[0m[2m=[0m2015-02-14..2015-03-15 [3mtotal[0m[2m=[0m185811
[2m2026-09-02T19:03:43.493995Z[0m [32m INFO[0m [2mtushare_sync[0m[2m:[0m window synced [3mcode[0m[2m=[0m"510880" [3mwindow[0m[2m=[0m2015-03-16..2015-04-14 [3mtotal[0m[2m=[0m190872
[2m2026-09-02T19:03:44.485706Z[0m [32m INFO[0m [2mtushare_sync[0m[2m:[0m window synced [3mcode[0m[2m=[0m"510880" [3mwindow[0m[2m=[0m2015-04-15..2015-05-14 [3mtotal[0m[2m=[0m195933
[2m2026-09-02T19:03:45.490625Z[0m [32m INFO[0m [2mtushare_sync[0m[2m:[0m window synced [3mcode[0m[2m=[0m"510880" [3mwindow[0m[2m=[0m2015-05-15..2015-06-13 [3mtotal[0m[2m=[0m200994
[2m2026-09-02T19:03:46.462045Z[0m [32m INFO[0m [2mtushare_sync[0m[2m:[0m window synced [3mcode[0m[2m=[0m"510880" [3mwindow[0m[2m=[0m2015-06-14..2015-07-13 [3mtotal[0m[2m=[0m205814
[2m2026-09-02T19:03:47.478830Z[0m [32m INFO[0m [2mtushare_sync[0m[2m:[0m window synced [3mcode[0m[2m=[0m"510880" [3mwindow[0m[2m=[0m2015-07-14..2015-08-12 [3mtotal[0m[2m=[0m211116
[2m2026-09-02T19:03:48.458586Z[0m [32m INFO[0m [2mtushare_sync[0m[2m:[0m window synced [3mcode[0m[2m=[0m"510880" [3mwindow[0m[2m=[0m2015-08-13..2015-09-11 [3mtotal[0m[2m=[0m215936
[2m2026-09-02T19:03:49.467218Z[0m [32m INFO[0m [2mtushare_sync[0m[2m:[0m window synced [3mcode[0m[2m=[0m"510880" [3mwindow[0m[2m=[0m2015-09-12..2015-10-11 [3mtotal[0m[2m=[0m219551
[2m2026-09-02T19:03:50.664965Z[0m [32m INFO[0m [2mtushare_sync[0m[2m:[0m window synced [3mcode[0m[2m=[0m"510880" [3mwindow[0m[2m=[0m2015-10-12..2015-11-10 [3mtotal[0m[2m=[0m224853
[2m2026-09-02T19:03:51.479848Z[0m [32m INFO[0m [2mtushare_sync[0m[2m:[0m window synced [3mcode[0m[2m=[0m"510880" [3mwindow[0m[2m=[0m2015-11-11..2015-12-10 [3mtotal[0m[2m=[0m230155
[2m2026-09-02T19:03:52.462486Z[0m [32m INFO[0m [2mtushare_sync[0m[2m:[0m window synced [3mcode[0m[2m=[0m"510880" [3mwindow[0m[2m=[0m2015-12-11..2016-01-09 [3mtotal[0m[2m=[0m234975
[2m2026-09-02T19:03:53.468639Z[0m [32m INFO[0m [2mtushare_sync[0m[2m:[0m window synced [3mcode[0m[2m=[0m"510880" [3mwindow[0m[2m=[0m2016-01-10..2016-02-08 [3mtotal[0m[2m=[0m239795
[2m2026-09-02T19:03:54.470671Z[0m [32m INFO[0m [2mtushare_sync[0m[2m:[0m window synced [3mcode[0m[2m=[0m"510880" [3mwindow[0m[2m=[0m2016-02-09..2016-03-09 [3mtotal[0m[2m=[0m244133
[2m2026-09-02T19:03:55.463968Z[0m [32m INFO[0m [2mtushare_sync[0m[2m:[0m window synced [3mcode[0m[2m=[0m"510880" [3mwindow[0m[2m=[0m2016-03-10..2016-04-08 [3mtotal[0m[2m=[0m249194
[2m2026-09-02T19:03:56.461218Z[0m [32m INFO[0m [2mtushare_sync[0m[2m:[0m window synced [3mcode[0m[2m=[0m"510880" [3mwindow[0m[2m=[0m2016-04-09..2016-05-08 [3mtotal[0m[2m=[0m253773
[2m2026-09-02T19:03:57.508646Z[0m [32m INFO[0m [2mtushare_sync[0m[2m:[0m window synced [3mcode[0m[2m=[0m"510880" [3mwindow[0m[2m=[0m2016-05-09..2016-06-07 [3mtotal[0m[2m=[0m259075
[2m2026-09-02T19:03:58.502847Z[0m [32m INFO[0m [2mtushare_sync[0m[2m:[0m window synced [3mcode[0m[2m=[0m"510880" [3mwindow[0m[2m=[0m2016-06-08..2016-07-07 [3mtotal[0m[2m=[0m263895
[2m2026-09-02T19:03:59.769936Z[0m [32m INFO[0m [2mtushare_sync[0m[2m:[0m window synced [3mcode[0m[2m=[0m"510880" [3mwindow[0m[2m=[0m2016-07-08..2016-08-06 [3mtotal[0m[2m=[0m268956
[2m2026-09-02T19:04:00.489270Z[0m [32m INFO[0m [2mtushare_sync[0m[2m:[0m window synced [3mcode[0m[2m=[0m"510880" [3mwindow[0m[2m=[0m2016-08-07..2016-09-05 [3mtotal[0m[2m=[0m274017
[2m2026-09-02T19:04:01.457184Z[0m [32m INFO[0m [2mtushare_sync[0m[2m:[0m window synced [3mcode[0m[2m=[0m"510880" [3mwindow[0m[2m=[0m2016-09-06..2016-10-05 [3mtotal[0m[2m=[0m278114
[2m2026-09-02T19:04:02.497855Z[0m [32m INFO[0m [2mtushare_sync[0m[2m:[0m window synced [3mcode[0m[2m=[0m"510880" [3mwindow[0m[2m=[0m2016-10-06..2016-11-04 [3mtotal[0m[2m=[0m282934
[2m2026-09-02T19:04:03.506808Z[0m [32m INFO[0m [2mtushare_sync[0m[2m:[0m window synced [3mcode[0m[2m=[0m"510880" [3mwindow[0m[2m=[0m2016-11-05..2016-12-04 [3mtotal[0m[2m=[0m287754
[2m2026-09-02T19:04:04.613363Z[0m [32m INFO[0m [2mtushare_sync[0m[2m:[0m window synced [3mcode[0m[2m=[0m"510880" [3mwindow[0m[2m=[0m2016-12-05..2017-01-03 [3mtotal[0m[2m=[0m292815
[2m2026-09-02T19:04:05.563095Z[0m [32m INFO[0m [2mtushare_sync[0m[2m:[0m window synced [3mcode[0m[2m=[0m"510880" [3mwindow[0m[2m=[0m2017-01-04..2017-02-02 [3mtotal[0m[2m=[0m296912
[2m2026-09-02T19:04:06.497405Z[0m [32m INFO[0m [2mtushare_sync[0m[2m:[0m window synced [3mcode[0m[2m=[0m"510880" [3mwindow[0m[2m=[0m2017-02-03..2017-03-04 [3mtotal[0m[2m=[0m301973
[2m2026-09-02T19:04:07.522911Z[0m [32m INFO[0m [2mtushare_sync[0m[2m:[0m window synced [3mcode[0m[2m=[0m"510880" [3mwindow[0m[2m=[0m2017-03-05..2017-04-03 [3mtotal[0m[2m=[0m306793
[2m2026-09-02T19:04:08.497022Z[0m [32m INFO[0m [2mtushare_sync[0m[2m:[0m window synced [3mcode[0m[2m=[0m"510880" [3mwindow[0m[2m=[0m2017-04-04..2017-05-03 [3mtotal[0m[2m=[0m311613
[2m2026-09-02T19:04:09.518359Z[0m [32m INFO[0m [2mtushare_sync[0m[2m:[0m window synced [3mcode[0m[2m=[0m"510880" [3mwindow[0m[2m=[0m2017-05-04..2017-06-02 [3mtotal[0m[2m=[0m316433
[2m2026-09-02T19:04:10.500788Z[0m [32m INFO[0m [2mtushare_sync[0m[2m:[0m window synced [3mcode[0m[2m=[0m"510880" [3mwindow[0m[2m=[0m2017-06-03..2017-07-02 [3mtotal[0m[2m=[0m321253
[2m2026-09-02T19:04:11.509099Z[0m [32m INFO[0m [2mtushare_sync[0m[2m:[0m window synced [3mcode[0m[2m=[0m"510880" [3mwindow[0m[2m=[0m2017-07-03..2017-08-01 [3mtotal[0m[2m=[0m326555
[2m2026-09-02T19:04:12.507787Z[0m [32m INFO[0m [2mtushare_sync[0m[2m:[0m window synced [3mcode[0m[2m=[0m"510880" [3mwindow[0m[2m=[0m2017-08-02..2017-08-31 [3mtotal[0m[2m=[0m331857
[2m2026-09-02T19:04:13.511785Z[0m [32m INFO[0m [2mtushare_sync[0m[2m:[0m window synced [3mcode[0m[2m=[0m"510880" [3mwindow[0m[2m=[0m2017-09-01..2017-09-30 [3mtotal[0m[2m=[0m336918
[2m2026-09-02T19:04:14.478544Z[0m [32m INFO[0m [2mtushare_sync[0m[2m:[0m window synced [3mcode[0m[2m=[0m"510880" [3mwindow[0m[2m=[0m2017-10-01..2017-10-30 [3mtotal[0m[2m=[0m340774
[2m2026-09-02T19:04:15.525095Z[0m [32m INFO[0m [2mtushare_sync[0m[2m:[0m window synced [3mcode[0m[2m=[0m"510880" [3mwindow[0m[2m=[0m2017-10-31..2017-11-29 [3mtotal[0m[2m=[0m346076
[2m2026-09-02T19:04:16.511813Z[0m [32m INFO[0m [2mtushare_sync[0m[2m:[0m window synced [3mcode[0m[2m=[0m"510880" [3mwindow[0m[2m=[0m2017-11-30..2017-12-29 [3mtotal[0m[2m=[0m351378
[2m2026-09-02T19:04:17.514072Z[0m [32m INFO[0m [2mtushare_sync[0m[2m:[0m window synced [3mcode[0m[2m=[0m"510880" [3mwindow[0m[2m=[0m2017-12-30..2018-01-28 [3mtotal[0m[2m=[0m355957
[2m2026-09-02T19:04:18.485335Z[0m [32m INFO[0m [2mtushare_sync[0m[2m:[0m window synced [3mcode[0m[2m=[0m"510880" [3mwindow[0m[2m=[0m2018-01-29..2018-02-27 [3mtotal[0m[2m=[0m360054
[2m2026-09-02T19:04:19.523586Z[0m [32m INFO[0m [2mtushare_sync[0m[2m:[0m window synced [3mcode[0m[2m=[0m"510880" [3mwindow[0m[2m=[0m2018-02-28..2018-03-29 [3mtotal[0m[2m=[0m365356
[2m2026-09-02T19:04:20.492951Z[0m [32m INFO[0m [2mtushare_sync[0m[2m:[0m window synced [3mcode[0m[2m=[0m"510880" [3mwindow[0m[2m=[0m2018-03-30..2018-04-28 [3mtotal[0m[2m=[0m369935
[2m2026-09-02T19:04:21.505070Z[0m [32m INFO[0m [2mtushare_sync[0m[2m:[0m window synced [3mcode[0m[2m=[0m"510880" [3mwindow[0m[2m=[0m2018-04-29..2018-05-28 [3mtotal[0m[2m=[0m374514
[2m2026-09-02T19:04:22.518309Z[0m [32m INFO[0m [2mtushare_sync[0m[2m:[0m window synced [3mcode[0m[2m=[0m"510880" [3mwindow[0m[2m=[0m2018-05-29..2018-06-27 [3mtotal[0m[2m=[0m379575
[2m2026-09-02T19:04:23.532642Z[0m [32m INFO[0m [2mtushare_sync[0m[2m:[0m window synced [3mcode[0m[2m=[0m"510880" [3mwindow[0m[2m=[0m2018-06-28..2018-07-27 [3mtotal[0m[2m=[0m384877
[2m2026-09-02T19:04:24.541241Z[0m [32m INFO[0m [2mtushare_sync[0m[2m:[0m window synced [3mcode[0m[2m=[0m"510880" [3mwindow[0m[2m=[0m2018-07-28..2018-08-26 [3mtotal[0m[2m=[0m389697
[2m2026-09-02T19:04:25.518376Z[0m [32m INFO[0m [2mtushare_sync[0m[2m:[0m window synced [3mcode[0m[2m=[0m"510880" [3mwindow[0m[2m=[0m2018-08-27..2018-09-25 [3mtotal[0m[2m=[0m394758
[2m2026-09-02T19:04:26.501014Z[0m [32m INFO[0m [2mtushare_sync[0m[2m:[0m window synced [3mcode[0m[2m=[0m"510880" [3mwindow[0m[2m=[0m2018-09-26..2018-10-25 [3mtotal[0m[2m=[0m398855
[2m2026-09-02T19:04:27.524310Z[0m [32m INFO[0m [2mtushare_sync[0m[2m:[0m window synced [3mcode[0m[2m=[0m"510880" [3mwindow[0m[2m=[0m2018-10-26..2018-11-24 [3mtotal[0m[2m=[0m403916
[2m2026-09-02T19:04:28.549587Z[0m [32m INFO[0m [2mtushare_sync[0m[2m:[0m window synced [3mcode[0m[2m=[0m"510880" [3mwindow[0m[2m=[0m2018-11-25..2018-12-24 [3mtotal[0m[2m=[0m408977
[2m2026-09-02T19:04:29.672574Z[0m [32m INFO[0m [2mtushare_sync[0m[2m:[0m window synced [3mcode[0m[2m=[0m"510880" [3mwindow[0m[2m=[0m2018-12-25..2019-01-23 [3mtotal[0m[2m=[0m413797
[2m2026-09-02T19:04:30.523304Z[0m [32m INFO[0m [2mtushare_sync[0m[2m:[0m window synced [3mcode[0m[2m=[0m"510880" [3mwindow[0m[2m=[0m2019-01-24..2019-02-22 [3mtotal[0m[2m=[0m417894
[2m2026-09-02T19:04:31.525442Z[0m [32m INFO[0m [2mtushare_sync[0m[2m:[0m window synced [3mcode[0m[2m=[0m"510880" [3mwindow[0m[2m=[0m2019-02-23..2019-03-24 [3mtotal[0m[2m=[0m422714
[2m2026-09-02T19:04:32.553012Z[0m [32m INFO[0m [2mtushare_sync[0m[2m:[0m window synced [3mcode[0m[2m=[0m"510880" [3mwindow[0m[2m=[0m2019-03-25..2019-04-23 [3mtotal[0m[2m=[0m427775
[2m2026-09-02T19:04:33.527980Z[0m [32m INFO[0m [2mtushare_sync[0m[2m:[0m window synced [3mcode[0m[2m=[0m"510880" [3mwindow[0m[2m=[0m2019-04-24..2019-05-23 [3mtotal[0m[2m=[0m432354
[2m2026-09-02T19:04:34.560643Z[0m [32m INFO[0m [2mtushare_sync[0m[2m:[0m window synced [3mcode[0m[2m=[0m"510880" [3mwindow[0m[2m=[0m2019-05-24..2019-06-22 [3mtotal[0m[2m=[0m437174
[2m2026-09-02T19:04:35.535244Z[0m [32m INFO[0m [2mtushare_sync[0m[2m:[0m window synced [3mcode[0m[2m=[0m"510880" [3mwindow[0m[2m=[0m2019-06-23..2019-07-22 [3mtotal[0m[2m=[0m442235
[2m2026-09-02T19:04:36.537006Z[0m [32m INFO[0m [2mtushare_sync[0m[2m:[0m window synced [3mcode[0m[2m=[0m"510880" [3mwindow[0m[2m=[0m2019-07-23..2019-08-21 [3mtotal[0m[2m=[0m447537
[2m2026-09-02T19:04:37.548923Z[0m [32m INFO[0m [2mtushare_sync[0m[2m:[0m window synced [3mcode[0m[2m=[0m"510880" [3mwindow[0m[2m=[0m2019-08-22..2019-09-20 [3mtotal[0m[2m=[0m452598
[2m2026-09-02T19:04:38.513010Z[0m [32m INFO[0m [2mtushare_sync[0m[2m:[0m window synced [3mcode[0m[2m=[0m"510880" [3mwindow[0m[2m=[0m2019-09-21..2019-10-20 [3mtotal[0m[2m=[0m456213
[2m2026-09-02T19:04:39.803904Z[0m [32m INFO[0m [2mtushare_sync[0m[2m:[0m window synced [3mcode[0m[2m=[0m"510880" [3mwindow[0m[2m=[0m2019-10-21..2019-11-19 [3mtotal[0m[2m=[0m461515
[2m2026-09-02T19:04:40.586977Z[0m [32m INFO[0m [2mtushare_sync[0m[2m:[0m window synced [3mcode[0m[2m=[0m"510880" [3mwindow[0m[2m=[0m2019-11-20..2019-12-19 [3mtotal[0m[2m=[0m466817
[2m2026-09-02T19:04:41.529692Z[0m [32m INFO[0m [2mtushare_sync[0m[2m:[0m window synced [3mcode[0m[2m=[0m"510880" [3mwindow[0m[2m=[0m2019-12-20..2020-01-18 [3mtotal[0m[2m=[0m471637
[2m2026-09-02T19:04:42.498340Z[0m [32m INFO[0m [2mtushare_sync[0m[2m:[0m window synced [3mcode[0m[2m=[0m"510880" [3mwindow[0m[2m=[0m2020-01-19..2020-02-17 [3mtotal[0m[2m=[0m475252
[2m2026-09-02T19:04:43.546708Z[0m [32m INFO[0m [2mtushare_sync[0m[2m:[0m window synced [3mcode[0m[2m=[0m"510880" [3mwindow[0m[2m=[0m2020-02-18..2020-03-18 [3mtotal[0m[2m=[0m480554
[2m2026-09-02T19:04:44.545778Z[0m [32m INFO[0m [2mtushare_sync[0m[2m:[0m window synced [3mcode[0m[2m=[0m"510880" [3mwindow[0m[2m=[0m2020-03-19..2020-04-17 [3mtotal[0m[2m=[0m485615
[2m2026-09-02T19:04:45.523872Z[0m [32m INFO[0m [2mtushare_sync[0m[2m:[0m window synced [3mcode[0m[2m=[0m"510880" [3mwindow[0m[2m=[0m2020-04-18..2020-05-17 [3mtotal[0m[2m=[0m489712
[2m2026-09-02T19:04:46.579451Z[0m [32m INFO[0m [2mtushare_sync[0m[2m:[0m window synced [3mcode[0m[2m=[0m"510880" [3mwindow[0m[2m=[0m2020-05-18..2020-06-16 [3mtotal[0m[2m=[0m495014
[2m2026-09-02T19:04:47.591622Z[0m [32m INFO[0m [2mtushare_sync[0m[2m:[0m window synced [3mcode[0m[2m=[0m"510880" [3mwindow[0m[2m=[0m2020-06-17..2020-07-16 [3mtotal[0m[2m=[0m499834
[2m2026-09-02T19:04:48.565859Z[0m [32m INFO[0m [2mtushare_sync[0m[2m:[0m window synced [3mcode[0m[2m=[0m"510880" [3mwindow[0m[2m=[0m2020-07-17..2020-08-15 [3mtotal[0m[2m=[0m504895
[2m2026-09-02T19:04:49.880861Z[0m [32m INFO[0m [2mtushare_sync[0m[2m:[0m window synced [3mcode[0m[2m=[0m"510880" [3mwindow[0m[2m=[0m2020-08-16..2020-09-14 [3mtotal[0m[2m=[0m509956
[2m2026-09-02T19:04:50.555904Z[0m [32m INFO[0m [2mtushare_sync[0m[2m:[0m window synced [3mcode[0m[2m=[0m"510880" [3mwindow[0m[2m=[0m2020-09-15..2020-10-14 [3mtotal[0m[2m=[0m513812
[2m2026-09-02T19:04:51.599156Z[0m [32m INFO[0m [2mtushare_sync[0m[2m:[0m window synced [3mcode[0m[2m=[0m"510880" [3mwindow[0m[2m=[0m2020-10-15..2020-11-13 [3mtotal[0m[2m=[0m519114
[2m2026-09-02T19:04:52.583886Z[0m [32m INFO[0m [2mtushare_sync[0m[2m:[0m window synced [3mcode[0m[2m=[0m"510880" [3mwindow[0m[2m=[0m2020-11-14..2020-12-13 [3mtotal[0m[2m=[0m523934
[2m2026-09-02T19:04:53.573827Z[0m [32m INFO[0m [2mtushare_sync[0m[2m:[0m window synced [3mcode[0m[2m=[0m"510880" [3mwindow[0m[2m=[0m2020-12-14..2021-01-12 [3mtotal[0m[2m=[0m528995
[2m2026-09-02T19:04:54.588531Z[0m [32m INFO[0m [2mtushare_sync[0m[2m:[0m window synced [3mcode[0m[2m=[0m"510880" [3mwindow[0m[2m=[0m2021-01-13..2021-02-11 [3mtotal[0m[2m=[0m534056
[2m2026-09-02T19:04:55.546826Z[0m [32m INFO[0m [2mtushare_sync[0m[2m:[0m window synced [3mcode[0m[2m=[0m"510880" [3mwindow[0m[2m=[0m2021-02-12..2021-03-13 [3mtotal[0m[2m=[0m538153
[2m2026-09-02T19:04:56.578194Z[0m [32m INFO[0m [2mtushare_sync[0m[2m:[0m window synced [3mcode[0m[2m=[0m"510880" [3mwindow[0m[2m=[0m2021-03-14..2021-04-12 [3mtotal[0m[2m=[0m542973
[2m2026-09-02T19:04:57.581494Z[0m [32m INFO[0m [2mtushare_sync[0m[2m:[0m window synced [3mcode[0m[2m=[0m"510880" [3mwindow[0m[2m=[0m2021-04-13..2021-05-12 [3mtotal[0m[2m=[0m547552
[2m2026-09-02T19:04:58.574753Z[0m [32m INFO[0m [2mtushare_sync[0m[2m:[0m window synced [3mcode[0m[2m=[0m"510880" [3mwindow[0m[2m=[0m2021-05-13..2021-06-11 [3mtotal[0m[2m=[0m552854
[2m2026-09-02T19:04:59.608099Z[0m [32m INFO[0m [2mtushare_sync[0m[2m:[0m window synced [3mcode[0m[2m=[0m"510880" [3mwindow[0m[2m=[0m2021-06-12..2021-07-11 [3mtotal[0m[2m=[0m557433
[2m2026-09-02T19:05:00.592242Z[0m [32m INFO[0m [2mtushare_sync[0m[2m:[0m window synced [3mcode[0m[2m=[0m"510880" [3mwindow[0m[2m=[0m2021-07-12..2021-08-10 [3mtotal[0m[2m=[0m562735
[2m2026-09-02T19:05:01.668938Z[0m [32m INFO[0m [2mtushare_sync[0m[2m:[0m window synced [3mcode[0m[2m=[0m"510880" [3mwindow[0m[2m=[0m2021-08-11..2021-09-09 [3mtotal[0m[2m=[0m568037
[2m2026-09-02T19:05:02.564330Z[0m [32m INFO[0m [2mtushare_sync[0m[2m:[0m window synced [3mcode[0m[2m=[0m"510880" [3mwindow[0m[2m=[0m2021-09-10..2021-10-09 [3mtotal[0m[2m=[0m571411
[2m2026-09-02T19:05:03.652286Z[0m [32m INFO[0m [2mtushare_sync[0m[2m:[0m window synced [3mcode[0m[2m=[0m"510880" [3mwindow[0m[2m=[0m2021-10-10..2021-11-08 [3mtotal[0m[2m=[0m576472
[2m2026-09-02T19:05:04.616471Z[0m [32m INFO[0m [2mtushare_sync[0m[2m:[0m window synced [3mcode[0m[2m=[0m"510880" [3mwindow[0m[2m=[0m2021-11-09..2021-12-08 [3mtotal[0m[2m=[0m581774
[2m2026-09-02T19:05:05.593004Z[0m [32m INFO[0m [2mtushare_sync[0m[2m:[0m window synced [3mcode[0m[2m=[0m"510880" [3mwindow[0m[2m=[0m2021-12-09..2022-01-07 [3mtotal[0m[2m=[0m586835
[2m2026-09-02T19:05:06.565878Z[0m [32m INFO[0m [2mtushare_sync[0m[2m:[0m window synced [3mcode[0m[2m=[0m"510880" [3mwindow[0m[2m=[0m2022-01-08..2022-02-06 [3mtotal[0m[2m=[0m590450
[2m2026-09-02T19:05:07.606580Z[0m [32m INFO[0m [2mtushare_sync[0m[2m:[0m window synced [3mcode[0m[2m=[0m"510880" [3mwindow[0m[2m=[0m2022-02-07..2022-03-08 [3mtotal[0m[2m=[0m595752
[2m2026-09-02T19:05:08.585961Z[0m [32m INFO[0m [2mtushare_sync[0m[2m:[0m window synced [3mcode[0m[2m=[0m"510880" [3mwindow[0m[2m=[0m2022-03-09..2022-04-07 [3mtotal[0m[2m=[0m600572
[2m2026-09-02T19:05:09.589448Z[0m [32m INFO[0m [2mtushare_sync[0m[2m:[0m window synced [3mcode[0m[2m=[0m"510880" [3mwindow[0m[2m=[0m2022-04-08..2022-05-07 [3mtotal[0m[2m=[0m604910
[2m2026-09-02T19:05:10.591070Z[0m [32m INFO[0m [2mtushare_sync[0m[2m:[0m window synced [3mcode[0m[2m=[0m"510880" [3mwindow[0m[2m=[0m2022-05-08..2022-06-06 [3mtotal[0m[2m=[0m609730
[2m2026-09-02T19:05:11.818057Z[0m [32m INFO[0m [2mtushare_sync[0m[2m:[0m window synced [3mcode[0m[2m=[0m"510880" [3mwindow[0m[2m=[0m2022-06-07..2022-07-06 [3mtotal[0m[2m=[0m615032
[2m2026-09-02T19:05:12.617760Z[0m [32m INFO[0m [2mtushare_sync[0m[2m:[0m window synced [3mcode[0m[2m=[0m"510880" [3mwindow[0m[2m=[0m2022-07-07..2022-08-05 [3mtotal[0m[2m=[0m620334
[2m2026-09-02T19:05:13.656403Z[0m [32m INFO[0m [2mtushare_sync[0m[2m:[0m window synced [3mcode[0m[2m=[0m"510880" [3mwindow[0m[2m=[0m2022-08-06..2022-09-04 [3mtotal[0m[2m=[0m625154
[2m2026-09-02T19:05:14.673717Z[0m [32m INFO[0m [2mtushare_sync[0m[2m:[0m window synced [3mcode[0m[2m=[0m"510880" [3mwindow[0m[2m=[0m2022-09-05..2022-10-04 [3mtotal[0m[2m=[0m629733
[2m2026-09-02T19:05:15.568519Z[0m [32m INFO[0m [2mtushare_sync[0m[2m:[0m window synced [3mcode[0m[2m=[0m"510880" [3mwindow[0m[2m=[0m2022-10-05..2022-11-03 [3mtotal[0m[2m=[0m634312
[2m2026-09-02T19:05:16.611306Z[0m [32m INFO[0m [2mtushare_sync[0m[2m:[0m window synced [3mcode[0m[2m=[0m"510880" [3mwindow[0m[2m=[0m2022-11-04..2022-12-03 [3mtotal[0m[2m=[0m639373
[2m2026-09-02T19:05:17.594004Z[0m [32m INFO[0m [2mtushare_sync[0m[2m:[0m window synced [3mcode[0m[2m=[0m"510880" [3mwindow[0m[2m=[0m2022-12-04..2023-01-02 [3mtotal[0m[2m=[0m644193
[2m2026-09-02T19:05:18.639937Z[0m [32m INFO[0m [2mtushare_sync[0m[2m:[0m window synced [3mcode[0m[2m=[0m"510880" [3mwindow[0m[2m=[0m2023-01-03..2023-02-01 [3mtotal[0m[2m=[0m648290
[2m2026-09-02T19:05:19.626841Z[0m [32m INFO[0m [2mtushare_sync[0m[2m:[0m window synced [3mcode[0m[2m=[0m"510880" [3mwindow[0m[2m=[0m2023-02-02..2023-03-03 [3mtotal[0m[2m=[0m653592
[2m2026-09-02T19:05:20.622237Z[0m [32m INFO[0m [2mtushare_sync[0m[2m:[0m window synced [3mcode[0m[2m=[0m"510880" [3mwindow[0m[2m=[0m2023-03-04..2023-04-02 [3mtotal[0m[2m=[0m658412
[2m2026-09-02T19:05:21.655151Z[0m [32m INFO[0m [2mtushare_sync[0m[2m:[0m window synced [3mcode[0m[2m=[0m"510880" [3mwindow[0m[2m=[0m2023-04-03..2023-05-02 [3mtotal[0m[2m=[0m662991
[2m2026-09-02T19:05:22.642110Z[0m [32m INFO[0m [2mtushare_sync[0m[2m:[0m window synced [3mcode[0m[2m=[0m"510880" [3mwindow[0m[2m=[0m2023-05-03..2023-06-01 [3mtotal[0m[2m=[0m668052
[2m2026-09-02T19:05:23.670029Z[0m [32m INFO[0m [2mtushare_sync[0m[2m:[0m window synced [3mcode[0m[2m=[0m"510880" [3mwindow[0m[2m=[0m2023-06-02..2023-07-01 [3mtotal[0m[2m=[0m672631
[2m2026-09-02T19:05:24.635607Z[0m [32m INFO[0m [2mtushare_sync[0m[2m:[0m window synced [3mcode[0m[2m=[0m"510880" [3mwindow[0m[2m=[0m2023-07-02..2023-07-31 [3mtotal[0m[2m=[0m677692
[2m2026-09-02T19:05:25.640173Z[0m [32m INFO[0m [2mtushare_sync[0m[2m:[0m window synced [3mcode[0m[2m=[0m"510880" [3mwindow[0m[2m=[0m2023-08-01..2023-08-30 [3mtotal[0m[2m=[0m682994
[2m2026-09-02T19:05:26.638719Z[0m [32m INFO[0m [2mtushare_sync[0m[2m:[0m window synced [3mcode[0m[2m=[0m"510880" [3mwindow[0m[2m=[0m2023-08-31..2023-09-29 [3mtotal[0m[2m=[0m688055
[2m2026-09-02T19:05:27.598417Z[0m [32m INFO[0m [2mtushare_sync[0m[2m:[0m window synced [3mcode[0m[2m=[0m"510880" [3mwindow[0m[2m=[0m2023-09-30..2023-10-29 [3mtotal[0m[2m=[0m691670
[2m2026-09-02T19:05:28.652219Z[0m [32m INFO[0m [2mtushare_sync[0m[2m:[0m window synced [3mcode[0m[2m=[0m"510880" [3mwindow[0m[2m=[0m2023-10-30..2023-11-28 [3mtotal[0m[2m=[0m696972
[2m2026-09-02T19:05:29.623364Z[0m [32m INFO[0m [2mtushare_sync[0m[2m:[0m window synced [3mcode[0m[2m=[0m"510880" [3mwindow[0m[2m=[0m2023-11-29..2023-12-28 [3mtotal[0m[2m=[0m702274
[2m2026-09-02T19:05:30.823585Z[0m [32m INFO[0m [2mtushare_sync[0m[2m:[0m window synced [3mcode[0m[2m=[0m"510880" [3mwindow[0m[2m=[0m2023-12-29..2024-01-27 [3mtotal[0m[2m=[0m707094
[2m2026-09-02T19:05:31.611581Z[0m [32m INFO[0m [2mtushare_sync[0m[2m:[0m window synced [3mcode[0m[2m=[0m"510880" [3mwindow[0m[2m=[0m2024-01-28..2024-02-26 [3mtotal[0m[2m=[0m710709
[2m2026-09-02T19:05:32.658843Z[0m [32m INFO[0m [2mtushare_sync[0m[2m:[0m window synced [3mcode[0m[2m=[0m"510880" [3mwindow[0m[2m=[0m2024-02-27..2024-03-27 [3mtotal[0m[2m=[0m716011
[2m2026-09-02T19:05:33.633822Z[0m [32m INFO[0m [2mtushare_sync[0m[2m:[0m window synced [3mcode[0m[2m=[0m"510880" [3mwindow[0m[2m=[0m2024-03-28..2024-04-26 [3mtotal[0m[2m=[0m720831
[2m2026-09-02T19:05:34.782283Z[0m [32m INFO[0m [2mtushare_sync[0m[2m:[0m window synced [3mcode[0m[2m=[0m"510880" [3mwindow[0m[2m=[0m2024-04-27..2024-05-26 [3mtotal[0m[2m=[0m724928
[2m2026-09-02T19:05:35.643377Z[0m [32m INFO[0m [2mtushare_sync[0m[2m:[0m window synced [3mcode[0m[2m=[0m"510880" [3mwindow[0m[2m=[0m2024-05-27..2024-06-25 [3mtotal[0m[2m=[0m729989
[2m2026-09-02T19:05:36.664456Z[0m [32m INFO[0m [2mtushare_sync[0m[2m:[0m window synced [3mcode[0m[2m=[0m"510880" [3mwindow[0m[2m=[0m2024-06-26..2024-07-25 [3mtotal[0m[2m=[0m735291
[2m2026-09-02T19:05:37.667172Z[0m [32m INFO[0m [2mtushare_sync[0m[2m:[0m window synced [3mcode[0m[2m=[0m"510880" [3mwindow[0m[2m=[0m2024-07-26..2024-08-24 [3mtotal[0m[2m=[0m740352
[2m2026-09-02T19:05:38.633416Z[0m [32m INFO[0m [2mtushare_sync[0m[2m:[0m window synced [3mcode[0m[2m=[0m"510880" [3mwindow[0m[2m=[0m2024-08-25..2024-09-23 [3mtotal[0m[2m=[0m744931
[2m2026-09-02T19:05:39.631589Z[0m [32m INFO[0m [2mtushare_sync[0m[2m:[0m window synced [3mcode[0m[2m=[0m"510880" [3mwindow[0m[2m=[0m2024-09-24..2024-10-23 [3mtotal[0m[2m=[0m749028
[2m2026-09-02T19:05:40.703410Z[0m [32m INFO[0m [2mtushare_sync[0m[2m:[0m window synced [3mcode[0m[2m=[0m"510880" [3mwindow[0m[2m=[0m2024-10-24..2024-11-22 [3mtotal[0m[2m=[0m754330
[2m2026-09-02T19:05:41.703668Z[0m [32m INFO[0m [2mtushare_sync[0m[2m:[0m window synced [3mcode[0m[2m=[0m"510880" [3mwindow[0m[2m=[0m2024-11-23..2024-12-22 [3mtotal[0m[2m=[0m759150
[2m2026-09-02T19:05:42.656051Z[0m [32m INFO[0m [2mtushare_sync[0m[2m:[0m window synced [3mcode[0m[2m=[0m"510880" [3mwindow[0m[2m=[0m2024-12-23..2025-01-21 [3mtotal[0m[2m=[0m764211
[2m2026-09-02T19:05:43.662492Z[0m [32m INFO[0m [2mtushare_sync[0m[2m:[0m window synced [3mcode[0m[2m=[0m"510880" [3mwindow[0m[2m=[0m2025-01-22..2025-02-20 [3mtotal[0m[2m=[0m768067
[2m2026-09-02T19:05:44.637353Z[0m [32m INFO[0m [2mtushare_sync[0m[2m:[0m window synced [3mcode[0m[2m=[0m"510880" [3mwindow[0m[2m=[0m2025-02-21..2025-03-22 [3mtotal[0m[2m=[0m773128
[2m2026-09-02T19:05:45.745731Z[0m [32m INFO[0m [2mtushare_sync[0m[2m:[0m window synced [3mcode[0m[2m=[0m"510880" [3mwindow[0m[2m=[0m2025-03-23..2025-04-21 [3mtotal[0m[2m=[0m777948
[2m2026-09-02T19:05:46.622903Z[0m [32m INFO[0m [2mtushare_sync[0m[2m:[0m window synced [3mcode[0m[2m=[0m"510880" [3mwindow[0m[2m=[0m2025-04-22..2025-05-21 [3mtotal[0m[2m=[0m782527
[2m2026-09-02T19:05:47.640875Z[0m [32m INFO[0m [2mtushare_sync[0m[2m:[0m window synced [3mcode[0m[2m=[0m"510880" [3mwindow[0m[2m=[0m2025-05-22..2025-06-20 [3mtotal[0m[2m=[0m787588
[2m2026-09-02T19:05:48.622898Z[0m [32m INFO[0m [2mtushare_sync[0m[2m:[0m window synced [3mcode[0m[2m=[0m"510880" [3mwindow[0m[2m=[0m2025-06-21..2025-07-20 [3mtotal[0m[2m=[0m792408
[2m2026-09-02T19:05:49.658349Z[0m [32m INFO[0m [2mtushare_sync[0m[2m:[0m window synced [3mcode[0m[2m=[0m"510880" [3mwindow[0m[2m=[0m2025-07-21..2025-08-19 [3mtotal[0m[2m=[0m797710
[2m2026-09-02T19:05:50.641466Z[0m [32m INFO[0m [2mtushare_sync[0m[2m:[0m window synced [3mcode[0m[2m=[0m"510880" [3mwindow[0m[2m=[0m2025-08-20..2025-09-18 [3mtotal[0m[2m=[0m803012
[2m2026-09-02T19:05:51.615751Z[0m [32m INFO[0m [2mtushare_sync[0m[2m:[0m window synced [3mcode[0m[2m=[0m"510880" [3mwindow[0m[2m=[0m2025-09-19..2025-10-18 [3mtotal[0m[2m=[0m806627
[2m2026-09-02T19:05:52.658824Z[0m [32m INFO[0m [2mtushare_sync[0m[2m:[0m window synced [3mcode[0m[2m=[0m"510880" [3mwindow[0m[2m=[0m2025-10-19..2025-11-17 [3mtotal[0m[2m=[0m811688
[2m2026-09-02T19:05:53.650080Z[0m [32m INFO[0m [2mtushare_sync[0m[2m:[0m window synced [3mcode[0m[2m=[0m"510880" [3mwindow[0m[2m=[0m2025-11-18..2025-12-17 [3mtotal[0m[2m=[0m816990
[2m2026-09-02T19:05:54.639083Z[0m [32m INFO[0m [2mtushare_sync[0m[2m:[0m window synced [3mcode[0m[2m=[0m"510880" [3mwindow[0m[2m=[0m2025-12-18..2026-01-16 [3mtotal[0m[2m=[0m821810
[2m2026-09-02T19:05:55.642045Z[0m [32m INFO[0m [2mtushare_sync[0m[2m:[0m window synced [3mcode[0m[2m=[0m"510880" [3mwindow[0m[2m=[0m2026-01-17..2026-02-15 [3mtotal[0m[2m=[0m826630
[2m2026-09-02T19:05:56.625782Z[0m [32m INFO[0m [2mtushare_sync[0m[2m:[0m window synced [3mcode[0m[2m=[0m"510880" [3mwindow[0m[2m=[0m2026-02-16..2026-03-17 [3mtotal[0m[2m=[0m830486
[2m2026-09-02T19:05:57.636217Z[0m [32m INFO[0m [2mtushare_sync[0m[2m:[0m window synced [3mcode[0m[2m=[0m"510880" [3mwindow[0m[2m=[0m2026-03-18..2026-04-16 [3mtotal[0m[2m=[0m835547
[2m2026-09-02T19:05:58.610011Z[0m [32m INFO[0m [2mtushare_sync[0m[2m:[0m window synced [3mcode[0m[2m=[0m"510880" [3mwindow[0m[2m=[0m2026-04-17..2026-05-16 [3mtotal[0m[2m=[0m839885
[2m2026-09-02T19:05:59.635190Z[0m [32m INFO[0m [2mtushare_sync[0m[2m:[0m window synced [3mcode[0m[2m=[0m"510880" [3mwindow[0m[2m=[0m2026-05-17..2026-06-15 [3mtotal[0m[2m=[0m844946
[2m2026-09-02T19:06:00.642564Z[0m [32m INFO[0m [2mtushare_sync[0m[2m:[0m window synced [3mcode[0m[2m=[0m"510880" [3mwindow[0m[2m=[0m2026-06-16..2026-07-15 [3mtotal[0m[2m=[0m850007
[2m2026-09-02T19:06:01.669349Z[0m [32m INFO[0m [2mtushare_sync[0m[2m:[0m window synced [3mcode[0m[2m=[0m"510880" [3mwindow[0m[2m=[0m2026-07-16..2026-08-14 [3mtotal[0m[2m=[0m855309
[2m2026-09-02T19:06:02.614946Z[0m [32m INFO[0m [2mtushare_sync[0m[2m:[0m window synced [3mcode[0m[2m=[0m"510880" [3mwindow[0m[2m=[0m2026-08-15..2026-09-03 [3mtotal[0m[2m=[0m858442
[2m2026-09-02T19:06:02.614980Z[0m [32m INFO[0m [2mtushare_sync[0m[2m:[0m === sync done === [3mcode[0m[2m=[0m"510880" [3mbars[0m[2m=[0m858442
[2m2026-09-02T19:06:02.614987Z[0m [32m INFO[0m [2mtushare_sync[0m[2m:[0m === sync start === [3mcode[0m[2m=[0m"511130"
[2m2026-09-02T19:06:15.722748Z[0m [32m INFO[0m [2mtushare_sync[0m[2m:[0m first data year found [3mcode[0m[2m=[0m"511130" [3mfirst_year[0m[2m=[0m2024
[2m2026-09-02T19:06:16.509502Z[0m [32m INFO[0m [2mtushare_sync[0m[2m:[0m window synced [3mcode[0m[2m=[0m"511130" [3mwindow[0m[2m=[0m2024-01-01..2024-01-30 [3mtotal[0m[2m=[0m0
[2m2026-09-02T19:06:17.506747Z[0m [32m INFO[0m [2mtushare_sync[0m[2m:[0m window synced [3mcode[0m[2m=[0m"511130" [3mwindow[0m[2m=[0m2024-01-31..2024-02-29 [3mtotal[0m[2m=[0m0
[2m2026-09-02T19:06:18.578356Z[0m [32m INFO[0m [2mtushare_sync[0m[2m:[0m window synced [3mcode[0m[2m=[0m"511130" [3mwindow[0m[2m=[0m2024-03-01..2024-03-30 [3mtotal[0m[2m=[0m482
[2m2026-09-02T19:06:19.751240Z[0m [32m INFO[0m [2mtushare_sync[0m[2m:[0m window synced [3mcode[0m[2m=[0m"511130" [3mwindow[0m[2m=[0m2024-03-31..2024-04-29 [3mtotal[0m[2m=[0m5061
[2m2026-09-02T19:06:20.731163Z[0m [32m INFO[0m [2mtushare_sync[0m[2m:[0m window synced [3mcode[0m[2m=[0m"511130" [3mwindow[0m[2m=[0m2024-04-30..2024-05-29 [3mtotal[0m[2m=[0m9640
[2m2026-09-02T19:06:21.742870Z[0m [32m INFO[0m [2mtushare_sync[0m[2m:[0m window synced [3mcode[0m[2m=[0m"511130" [3mwindow[0m[2m=[0m2024-05-30..2024-06-28 [3mtotal[0m[2m=[0m14701
[2m2026-09-02T19:06:22.725689Z[0m [32m INFO[0m [2mtushare_sync[0m[2m:[0m window synced [3mcode[0m[2m=[0m"511130" [3mwindow[0m[2m=[0m2024-06-29..2024-07-28 [3mtotal[0m[2m=[0m19521
[2m2026-09-02T19:06:23.749126Z[0m [32m INFO[0m [2mtushare_sync[0m[2m:[0m window synced [3mcode[0m[2m=[0m"511130" [3mwindow[0m[2m=[0m2024-07-29..2024-08-27 [3mtotal[0m[2m=[0m24823
[2m2026-09-02T19:06:24.705682Z[0m [32m INFO[0m [2mtushare_sync[0m[2m:[0m window synced [3mcode[0m[2m=[0m"511130" [3mwindow[0m[2m=[0m2024-08-28..2024-09-26 [3mtotal[0m[2m=[0m29643
[2m2026-09-02T19:06:25.714281Z[0m [32m INFO[0m [2mtushare_sync[0m[2m:[0m window synced [3mcode[0m[2m=[0m"511130" [3mwindow[0m[2m=[0m2024-09-27..2024-10-26 [3mtotal[0m[2m=[0m33499
[2m2026-09-02T19:06:26.738160Z[0m [32m INFO[0m [2mtushare_sync[0m[2m:[0m window synced [3mcode[0m[2m=[0m"511130" [3mwindow[0m[2m=[0m2024-10-27..2024-11-25 [3mtotal[0m[2m=[0m38560
[2m2026-09-02T19:06:27.718589Z[0m [32m INFO[0m [2mtushare_sync[0m[2m:[0m window synced [3mcode[0m[2m=[0m"511130" [3mwindow[0m[2m=[0m2024-11-26..2024-12-25 [3mtotal[0m[2m=[0m43862
[2m2026-09-02T19:06:28.715444Z[0m [32m INFO[0m [2mtushare_sync[0m[2m:[0m window synced [3mcode[0m[2m=[0m"511130" [3mwindow[0m[2m=[0m2024-12-26..2025-01-24 [3mtotal[0m[2m=[0m48923
[2m2026-09-02T19:06:29.945625Z[0m [32m INFO[0m [2mtushare_sync[0m[2m:[0m window synced [3mcode[0m[2m=[0m"511130" [3mwindow[0m[2m=[0m2025-01-25..2025-02-23 [3mtotal[0m[2m=[0m52297
[2m2026-09-02T19:06:30.738606Z[0m [32m INFO[0m [2mtushare_sync[0m[2m:[0m window synced [3mcode[0m[2m=[0m"511130" [3mwindow[0m[2m=[0m2025-02-24..2025-03-25 [3mtotal[0m[2m=[0m57599
[2m2026-09-02T19:06:31.703487Z[0m [32m INFO[0m [2mtushare_sync[0m[2m:[0m window synced [3mcode[0m[2m=[0m"511130" [3mwindow[0m[2m=[0m2025-03-26..2025-04-24 [3mtotal[0m[2m=[0m62660
[2m2026-09-02T19:06:32.694063Z[0m [32m INFO[0m [2mtushare_sync[0m[2m:[0m window synced [3mcode[0m[2m=[0m"511130" [3mwindow[0m[2m=[0m2025-04-25..2025-05-24 [3mtotal[0m[2m=[0m66998
[2m2026-09-02T19:06:33.698005Z[0m [32m INFO[0m [2mtushare_sync[0m[2m:[0m window synced [3mcode[0m[2m=[0m"511130" [3mwindow[0m[2m=[0m2025-05-25..2025-06-23 [3mtotal[0m[2m=[0m71818
[2m2026-09-02T19:06:34.712521Z[0m [32m INFO[0m [2mtushare_sync[0m[2m:[0m window synced [3mcode[0m[2m=[0m"511130" [3mwindow[0m[2m=[0m2025-06-24..2025-07-23 [3mtotal[0m[2m=[0m77120
[2m2026-09-02T19:06:35.697092Z[0m [32m INFO[0m [2mtushare_sync[0m[2m:[0m window synced [3mcode[0m[2m=[0m"511130" [3mwindow[0m[2m=[0m2025-07-24..2025-08-22 [3mtotal[0m[2m=[0m82422
[2m2026-09-02T19:06:36.835536Z[0m [32m INFO[0m [2mtushare_sync[0m[2m:[0m window synced [3mcode[0m[2m=[0m"511130" [3mwindow[0m[2m=[0m2025-08-23..2025-09-21 [3mtotal[0m[2m=[0m87242
[2m2026-09-02T19:06:37.684820Z[0m [32m INFO[0m [2mtushare_sync[0m[2m:[0m window synced [3mcode[0m[2m=[0m"511130" [3mwindow[0m[2m=[0m2025-09-22..2025-10-21 [3mtotal[0m[2m=[0m91098
[2m2026-09-02T19:06:38.704562Z[0m [32m INFO[0m [2mtushare_sync[0m[2m:[0m window synced [3mcode[0m[2m=[0m"511130" [3mwindow[0m[2m=[0m2025-10-22..2025-11-20 [3mtotal[0m[2m=[0m96400
[2m2026-09-02T19:06:39.703527Z[0m [32m INFO[0m [2mtushare_sync[0m[2m:[0m window synced [3mcode[0m[2m=[0m"511130" [3mwindow[0m[2m=[0m2025-11-21..2025-12-20 [3mtotal[0m[2m=[0m101461
[2m2026-09-02T19:06:40.696149Z[0m [32m INFO[0m [2mtushare_sync[0m[2m:[0m window synced [3mcode[0m[2m=[0m"511130" [3mwindow[0m[2m=[0m2025-12-21..2026-01-19 [3mtotal[0m[2m=[0m106040
[2m2026-09-02T19:06:41.702900Z[0m [32m INFO[0m [2mtushare_sync[0m[2m:[0m window synced [3mcode[0m[2m=[0m"511130" [3mwindow[0m[2m=[0m2026-01-20..2026-02-18 [3mtotal[0m[2m=[0m110619
[2m2026-09-02T19:06:42.671389Z[0m [32m INFO[0m [2mtushare_sync[0m[2m:[0m window synced [3mcode[0m[2m=[0m"511130" [3mwindow[0m[2m=[0m2026-02-19..2026-03-20 [3mtotal[0m[2m=[0m115198
[2m2026-09-02T19:06:43.691509Z[0m [32m INFO[0m [2mtushare_sync[0m[2m:[0m window synced [3mcode[0m[2m=[0m"511130" [3mwindow[0m[2m=[0m2026-03-21..2026-04-19 [3mtotal[0m[2m=[0m119777
[2m2026-09-02T19:06:44.696809Z[0m [32m INFO[0m [2mtushare_sync[0m[2m:[0m window synced [3mcode[0m[2m=[0m"511130" [3mwindow[0m[2m=[0m2026-04-20..2026-05-19 [3mtotal[0m[2m=[0m124356
[2m2026-09-02T19:06:45.702976Z[0m [32m INFO[0m [2mtushare_sync[0m[2m:[0m window synced [3mcode[0m[2m=[0m"511130" [3mwindow[0m[2m=[0m2026-05-20..2026-06-18 [3mtotal[0m[2m=[0m129658
[2m2026-09-02T19:06:46.694940Z[0m [32m INFO[0m [2mtushare_sync[0m[2m:[0m window synced [3mcode[0m[2m=[0m"511130" [3mwindow[0m[2m=[0m2026-06-19..2026-07-18 [3mtotal[0m[2m=[0m134478
[2m2026-09-02T19:06:47.715545Z[0m [32m INFO[0m [2mtushare_sync[0m[2m:[0m window synced [3mcode[0m[2m=[0m"511130" [3mwindow[0m[2m=[0m2026-07-19..2026-08-17 [3mtotal[0m[2m=[0m139539
[2m2026-09-02T19:06:48.659723Z[0m [32m INFO[0m [2mtushare_sync[0m[2m:[0m window synced [3mcode[0m[2m=[0m"511130" [3mwindow[0m[2m=[0m2026-08-18..2026-09-03 [3mtotal[0m[2m=[0m142431
[2m2026-09-02T19:06:48.659763Z[0m [32m INFO[0m [2mtushare_sync[0m[2m:[0m === sync done === [3mcode[0m[2m=[0m"511130" [3mbars[0m[2m=[0m142431
[2m2026-09-02T19:06:48.659769Z[0m [32m INFO[0m [2mtushare_sync[0m[2m:[0m === sync start === [3mcode[0m[2m=[0m"511220"
[2m2026-09-02T19:06:51.602604Z[0m [32m INFO[0m [2mtushare_sync[0m[2m:[0m first data year found [3mcode[0m[2m=[0m"511220" [3mfirst_year[0m[2m=[0m2014
[2m2026-09-02T19:06:52.544250Z[0m [32m INFO[0m [2mtushare_sync[0m[2m:[0m window synced [3mcode[0m[2m=[0m"511220" [3mwindow[0m[2m=[0m2014-01-01..2014-01-30 [3mtotal[0m[2m=[0m0
[2m2026-09-02T19:06:53.548993Z[0m [32m INFO[0m [2mtushare_sync[0m[2m:[0m window synced [3mcode[0m[2m=[0m"511220" [3mwindow[0m[2m=[0m2014-01-31..2014-03-01 [3mtotal[0m[2m=[0m0
[2m2026-09-02T19:06:54.545933Z[0m [32m INFO[0m [2mtushare_sync[0m[2m:[0m window synced [3mcode[0m[2m=[0m"511220" [3mwindow[0m[2m=[0m2014-03-02..2014-03-31 [3mtotal[0m[2m=[0m0
[2m2026-09-02T19:06:55.590597Z[0m [32m INFO[0m [2mtushare_sync[0m[2m:[0m window synced [3mcode[0m[2m=[0m"511220" [3mwindow[0m[2m=[0m2014-04-01..2014-04-30 [3mtotal[0m[2m=[0m0
[2m2026-09-02T19:06:56.550164Z[0m [32m INFO[0m [2mtushare_sync[0m[2m:[0m window synced [3mcode[0m[2m=[0m"511220" [3mwindow[0m[2m=[0m2014-05-01..2014-05-30 [3mtotal[0m[2m=[0m0
[2m2026-09-02T19:06:57.572352Z[0m [32m INFO[0m [2mtushare_sync[0m[2m:[0m window synced [3mcode[0m[2m=[0m"511220" [3mwindow[0m[2m=[0m2014-05-31..2014-06-29 [3mtotal[0m[2m=[0m0
[2m2026-09-02T19:06:58.622172Z[0m [32m INFO[0m [2mtushare_sync[0m[2m:[0m window synced [3mcode[0m[2m=[0m"511220" [3mwindow[0m[2m=[0m2014-06-30..2014-07-29 [3mtotal[0m[2m=[0m0
[2m2026-09-02T19:06:59.584779Z[0m [32m INFO[0m [2mtushare_sync[0m[2m:[0m window synced [3mcode[0m[2m=[0m"511220" [3mwindow[0m[2m=[0m2014-07-30..2014-08-28 [3mtotal[0m[2m=[0m0
[2m2026-09-02T19:07:00.550565Z[0m [32m INFO[0m [2mtushare_sync[0m[2m:[0m window synced [3mcode[0m[2m=[0m"511220" [3mwindow[0m[2m=[0m2014-08-29..2014-09-27 [3mtotal[0m[2m=[0m0
[2m2026-09-02T19:07:01.551222Z[0m [32m INFO[0m [2mtushare_sync[0m[2m:[0m window synced [3mcode[0m[2m=[0m"511220" [3mwindow[0m[2m=[0m2014-09-28..2014-10-27 [3mtotal[0m[2m=[0m0
[2m2026-09-02T19:07:02.582496Z[0m [32m INFO[0m [2mtushare_sync[0m[2m:[0m window synced [3mcode[0m[2m=[0m"511220" [3mwindow[0m[2m=[0m2014-10-28..2014-11-26 [3mtotal[0m[2m=[0m0
[2m2026-09-02T19:07:03.647947Z[0m [32m INFO[0m [2mtushare_sync[0m[2m:[0m window synced [3mcode[0m[2m=[0m"511220" [3mwindow[0m[2m=[0m2014-11-27..2014-12-26 [3mtotal[0m[2m=[0m2169
[2m2026-09-02T19:07:04.700146Z[0m [32m INFO[0m [2mtushare_sync[0m[2m:[0m window synced [3mcode[0m[2m=[0m"511220" [3mwindow[0m[2m=[0m2014-12-27..2015-01-25 [3mtotal[0m[2m=[0m6507
[2m2026-09-02T19:07:05.895983Z[0m [32m INFO[0m [2mtushare_sync[0m[2m:[0m window synced [3mcode[0m[2m=[0m"511220" [3mwindow[0m[2m=[0m2015-01-26..2015-02-24 [3mtotal[0m[2m=[0m10604
[2m2026-09-02T19:07:06.756861Z[0m [32m INFO[0m [2mtushare_sync[0m[2m:[0m window synced [3mcode[0m[2m=[0m"511220" [3mwindow[0m[2m=[0m2015-02-25..2015-03-26 [3mtotal[0m[2m=[0m15906
[2m2026-09-02T19:07:07.722024Z[0m [32m INFO[0m [2mtushare_sync[0m[2m:[0m window synced [3mcode[0m[2m=[0m"511220" [3mwindow[0m[2m=[0m2015-03-27..2015-04-25 [3mtotal[0m[2m=[0m20726
[2m2026-09-02T19:07:08.730015Z[0m [32m INFO[0m [2mtushare_sync[0m[2m:[0m window synced [3mcode[0m[2m=[0m"511220" [3mwindow[0m[2m=[0m2015-04-26..2015-05-25 [3mtotal[0m[2m=[0m25546
[2m2026-09-02T19:07:09.720592Z[0m [32m INFO[0m [2mtushare_sync[0m[2m:[0m window synced [3mcode[0m[2m=[0m"511220" [3mwindow[0m[2m=[0m2015-05-26..2015-06-24 [3mtotal[0m[2m=[0m30607
[2m2026-09-02T19:07:10.740140Z[0m [32m INFO[0m [2mtushare_sync[0m[2m:[0m window synced [3mcode[0m[2m=[0m"511220" [3mwindow[0m[2m=[0m2015-06-25..2015-07-24 [3mtotal[0m[2m=[0m35909
[2m2026-09-02T19:07:11.739010Z[0m [32m INFO[0m [2mtushare_sync[0m[2m:[0m window synced [3mcode[0m[2m=[0m"511220" [3mwindow[0m[2m=[0m2015-07-25..2015-08-23 [3mtotal[0m[2m=[0m40729
[2m2026-09-02T19:07:12.736947Z[0m [32m INFO[0m [2mtushare_sync[0m[2m:[0m window synced [3mcode[0m[2m=[0m"511220" [3mwindow[0m[2m=[0m2015-08-24..2015-09-22 [3mtotal[0m[2m=[0m45549
[2m2026-09-02T19:07:13.694521Z[0m [32m INFO[0m [2mtushare_sync[0m[2m:[0m window synced [3mcode[0m[2m=[0m"511220" [3mwindow[0m[2m=[0m2015-09-23..2015-10-22 [3mtotal[0m[2m=[0m49646
[2m2026-09-02T19:07:14.739829Z[0m [32m INFO[0m [2mtushare_sync[0m[2m:[0m window synced [3mcode[0m[2m=[0m"511220" [3mwindow[0m[2m=[0m2015-10-23..2015-11-21 [3mtotal[0m[2m=[0m54707
[2m2026-09-02T19:07:15.721654Z[0m [32m INFO[0m [2mtushare_sync[0m[2m:[0m window synced [3mcode[0m[2m=[0m"511220" [3mwindow[0m[2m=[0m2015-11-22..2015-12-21 [3mtotal[0m[2m=[0m59768
[2m2026-09-02T19:07:16.753087Z[0m [32m INFO[0m [2mtushare_sync[0m[2m:[0m window synced [3mcode[0m[2m=[0m"511220" [3mwindow[0m[2m=[0m2015-12-22..2016-01-20 [3mtotal[0m[2m=[0m64829
[2m2026-09-02T19:07:17.707830Z[0m [32m INFO[0m [2mtushare_sync[0m[2m:[0m window synced [3mcode[0m[2m=[0m"511220" [3mwindow[0m[2m=[0m2016-01-21..2016-02-19 [3mtotal[0m[2m=[0m68926
[2m2026-09-02T19:07:18.727034Z[0m [32m INFO[0m [2mtushare_sync[0m[2m:[0m window synced [3mcode[0m[2m=[0m"511220" [3mwindow[0m[2m=[0m2016-02-20..2016-03-20 [3mtotal[0m[2m=[0m73746
[2m2026-09-02T19:07:19.724119Z[0m [32m INFO[0m [2mtushare_sync[0m[2m:[0m window synced [3mcode[0m[2m=[0m"511220" [3mwindow[0m[2m=[0m2016-03-21..2016-04-19 [3mtotal[0m[2m=[0m78807
[2m2026-09-02T19:07:20.744270Z[0m [32m INFO[0m [2mtushare_sync[0m[2m:[0m window synced [3mcode[0m[2m=[0m"511220" [3mwindow[0m[2m=[0m2016-04-20..2016-05-19 [3mtotal[0m[2m=[0m83868
[2m2026-09-02T19:07:21.715790Z[0m [32m INFO[0m [2mtushare_sync[0m[2m:[0m window synced [3mcode[0m[2m=[0m"511220" [3mwindow[0m[2m=[0m2016-05-20..2016-06-18 [3mtotal[0m[2m=[0m88447
[2m2026-09-02T19:07:22.727643Z[0m [32m INFO[0m [2mtushare_sync[0m[2m:[0m window synced [3mcode[0m[2m=[0m"511220" [3mwindow[0m[2m=[0m2016-06-19..2016-07-18 [3mtotal[0m[2m=[0m93508
[2m2026-09-02T19:07:23.737449Z[0m [32m INFO[0m [2mtushare_sync[0m[2m:[0m window synced [3mcode[0m[2m=[0m"511220" [3mwindow[0m[2m=[0m2016-07-19..2016-08-17 [3mtotal[0m[2m=[0m98810
[2m2026-09-02T19:07:24.736784Z[0m [32m INFO[0m [2mtushare_sync[0m[2m:[0m window synced [3mcode[0m[2m=[0m"511220" [3mwindow[0m[2m=[0m2016-08-18..2016-09-16 [3mtotal[0m[2m=[0m103630
[2m2026-09-02T19:07:25.722752Z[0m [32m INFO[0m [2mtushare_sync[0m[2m:[0m window synced [3mcode[0m[2m=[0m"511220" [3mwindow[0m[2m=[0m2016-09-17..2016-10-16 [3mtotal[0m[2m=[0m107245
[2m2026-09-02T19:07:26.747044Z[0m [32m INFO[0m [2mtushare_sync[0m[2m:[0m window synced [3mcode[0m[2m=[0m"511220" [3mwindow[0m[2m=[0m2016-10-17..2016-11-15 [3mtotal[0m[2m=[0m112547
[2m2026-09-02T19:07:27.744657Z[0m [32m INFO[0m [2mtushare_sync[0m[2m:[0m window synced [3mcode[0m[2m=[0m"511220" [3mwindow[0m[2m=[0m2016-11-16..2016-12-15 [3mtotal[0m[2m=[0m117849
[2m2026-09-02T19:07:28.718398Z[0m [32m INFO[0m [2mtushare_sync[0m[2m:[0m window synced [3mcode[0m[2m=[0m"511220" [3mwindow[0m[2m=[0m2016-12-16..2017-01-14 [3mtotal[0m[2m=[0m122669
[2m2026-09-02T19:07:29.699868Z[0m [32m INFO[0m [2mtushare_sync[0m[2m:[0m window synced [3mcode[0m[2m=[0m"511220" [3mwindow[0m[2m=[0m2017-01-15..2017-02-13 [3mtotal[0m[2m=[0m126525
[2m2026-09-02T19:07:30.855445Z[0m [32m INFO[0m [2mtushare_sync[0m[2m:[0m window synced [3mcode[0m[2m=[0m"511220" [3mwindow[0m[2m=[0m2017-02-14..2017-03-15 [3mtotal[0m[2m=[0m131827
[2m2026-09-02T19:07:31.723676Z[0m [32m INFO[0m [2mtushare_sync[0m[2m:[0m window synced [3mcode[0m[2m=[0m"511220" [3mwindow[0m[2m=[0m2017-03-16..2017-04-14 [3mtotal[0m[2m=[0m136647
[2m2026-09-02T19:07:32.741438Z[0m [32m INFO[0m [2mtushare_sync[0m[2m:[0m window synced [3mcode[0m[2m=[0m"511220" [3mwindow[0m[2m=[0m2017-04-15..2017-05-14 [3mtotal[0m[2m=[0m141226
[2m2026-09-02T19:07:33.734626Z[0m [32m INFO[0m [2mtushare_sync[0m[2m:[0m window synced [3mcode[0m[2m=[0m"511220" [3mwindow[0m[2m=[0m2017-05-15..2017-06-13 [3mtotal[0m[2m=[0m146046
[2m2026-09-02T19:07:34.853731Z[0m [32m INFO[0m [2mtushare_sync[0m[2m:[0m window synced [3mcode[0m[2m=[0m"511220" [3mwindow[0m[2m=[0m2017-06-14..2017-07-13 [3mtotal[0m[2m=[0m151348
[2m2026-09-02T19:07:35.730832Z[0m [32m INFO[0m [2mtushare_sync[0m[2m:[0m window synced [3mcode[0m[2m=[0m"511220" [3mwindow[0m[2m=[0m2017-07-14..2017-08-12 [3mtotal[0m[2m=[0m156409
[2m2026-09-02T19:07:36.746617Z[0m [32m INFO[0m [2mtushare_sync[0m[2m:[0m window synced [3mcode[0m[2m=[0m"511220" [3mwindow[0m[2m=[0m2017-08-13..2017-09-11 [3mtotal[0m[2m=[0m161470
[2m2026-09-02T19:07:37.718848Z[0m [32m INFO[0m [2mtushare_sync[0m[2m:[0m window synced [3mcode[0m[2m=[0m"511220" [3mwindow[0m[2m=[0m2017-09-12..2017-10-11 [3mtotal[0m[2m=[0m165567
[2m2026-09-02T19:07:38.753307Z[0m [32m INFO[0m [2mtushare_sync[0m[2m:[0m window synced [3mcode[0m[2m=[0m"511220" [3mwindow[0m[2m=[0m2017-10-12..2017-11-10 [3mtotal[0m[2m=[0m170869
[2m2026-09-02T19:07:39.750571Z[0m [32m INFO[0m [2mtushare_sync[0m[2m:[0m window synced [3mcode[0m[2m=[0m"511220" [3mwindow[0m[2m=[0m2017-11-11..2017-12-10 [3mtotal[0m[2m=[0m175689
[2m2026-09-02T19:07:40.759902Z[0m [32m INFO[0m [2mtushare_sync[0m[2m:[0m window synced [3mcode[0m[2m=[0m"511220" [3mwindow[0m[2m=[0m2017-12-11..2018-01-09 [3mtotal[0m[2m=[0m180750
[2m2026-09-02T19:07:41.737906Z[0m [32m INFO[0m [2mtushare_sync[0m[2m:[0m window synced [3mcode[0m[2m=[0m"511220" [3mwindow[0m[2m=[0m2018-01-10..2018-02-08 [3mtotal[0m[2m=[0m186052
[2m2026-09-02T19:07:42.749965Z[0m [32m INFO[0m [2mtushare_sync[0m[2m:[0m window synced [3mcode[0m[2m=[0m"511220" [3mwindow[0m[2m=[0m2018-02-09..2018-03-10 [3mtotal[0m[2m=[0m189908
[2m2026-09-02T19:07:43.715342Z[0m [32m INFO[0m [2mtushare_sync[0m[2m:[0m window synced [3mcode[0m[2m=[0m"511220" [3mwindow[0m[2m=[0m2018-03-11..2018-04-09 [3mtotal[0m[2m=[0m194487
[2m2026-09-02T19:07:44.727072Z[0m [32m INFO[0m [2mtushare_sync[0m[2m:[0m window synced [3mcode[0m[2m=[0m"511220" [3mwindow[0m[2m=[0m2018-04-10..2018-05-09 [3mtotal[0m[2m=[0m199307
[2m2026-09-02T19:07:45.771958Z[0m [32m INFO[0m [2mtushare_sync[0m[2m:[0m window synced [3mcode[0m[2m=[0m"511220" [3mwindow[0m[2m=[0m2018-05-10..2018-06-08 [3mtotal[0m[2m=[0m204609
[2m2026-09-02T19:07:46.860161Z[0m [32m INFO[0m [2mtushare_sync[0m[2m:[0m window synced [3mcode[0m[2m=[0m"511220" [3mwindow[0m[2m=[0m2018-06-09..2018-07-08 [3mtotal[0m[2m=[0m209188
[2m2026-09-02T19:07:47.765847Z[0m [32m INFO[0m [2mtushare_sync[0m[2m:[0m window synced [3mcode[0m[2m=[0m"511220" [3mwindow[0m[2m=[0m2018-07-09..2018-08-07 [3mtotal[0m[2m=[0m214490
[2m2026-09-02T19:07:48.742901Z[0m [32m INFO[0m [2mtushare_sync[0m[2m:[0m window synced [3mcode[0m[2m=[0m"511220" [3mwindow[0m[2m=[0m2018-08-08..2018-09-06 [3mtotal[0m[2m=[0m219792
[2m2026-09-02T19:07:49.712252Z[0m [32m INFO[0m [2mtushare_sync[0m[2m:[0m window synced [3mcode[0m[2m=[0m"511220" [3mwindow[0m[2m=[0m2018-09-07..2018-10-06 [3mtotal[0m[2m=[0m223407
[2m2026-09-02T19:07:50.761390Z[0m [32m INFO[0m [2mtushare_sync[0m[2m:[0m window synced [3mcode[0m[2m=[0m"511220" [3mwindow[0m[2m=[0m2018-10-07..2018-11-05 [3mtotal[0m[2m=[0m228468
[2m2026-09-02T19:07:51.768408Z[0m [32m INFO[0m [2mtushare_sync[0m[2m:[0m window synced [3mcode[0m[2m=[0m"511220" [3mwindow[0m[2m=[0m2018-11-06..2018-12-05 [3mtotal[0m[2m=[0m233770
[2m2026-09-02T19:07:52.777136Z[0m [32m INFO[0m [2mtushare_sync[0m[2m:[0m window synced [3mcode[0m[2m=[0m"511220" [3mwindow[0m[2m=[0m2018-12-06..2019-01-04 [3mtotal[0m[2m=[0m238590
[2m2026-09-02T19:07:53.834501Z[0m [32m INFO[0m [2mtushare_sync[0m[2m:[0m window synced [3mcode[0m[2m=[0m"511220" [3mwindow[0m[2m=[0m2019-01-05..2019-02-03 [3mtotal[0m[2m=[0m243410
[2m2026-09-02T19:07:54.754387Z[0m [32m INFO[0m [2mtushare_sync[0m[2m:[0m window synced [3mcode[0m[2m=[0m"511220" [3mwindow[0m[2m=[0m2019-02-04..2019-03-05 [3mtotal[0m[2m=[0m247507
[2m2026-09-02T19:07:55.784347Z[0m [32m INFO[0m [2mtushare_sync[0m[2m:[0m window synced [3mcode[0m[2m=[0m"511220" [3mwindow[0m[2m=[0m2019-03-06..2019-04-04 [3mtotal[0m[2m=[0m252809
[2m2026-09-02T19:07:56.742757Z[0m [32m INFO[0m [2mtushare_sync[0m[2m:[0m window synced [3mcode[0m[2m=[0m"511220" [3mwindow[0m[2m=[0m2019-04-05..2019-05-04 [3mtotal[0m[2m=[0m256665
[2m2026-09-02T19:07:57.768875Z[0m [32m INFO[0m [2mtushare_sync[0m[2m:[0m window synced [3mcode[0m[2m=[0m"511220" [3mwindow[0m[2m=[0m2019-05-05..2019-06-03 [3mtotal[0m[2m=[0m261726
[2m2026-09-02T19:07:58.783584Z[0m [32m INFO[0m [2mtushare_sync[0m[2m:[0m window synced [3mcode[0m[2m=[0m"511220" [3mwindow[0m[2m=[0m2019-06-04..2019-07-03 [3mtotal[0m[2m=[0m266787
[2m2026-09-02T19:07:59.793677Z[0m [32m INFO[0m [2mtushare_sync[0m[2m:[0m window synced [3mcode[0m[2m=[0m"511220" [3mwindow[0m[2m=[0m2019-07-04..2019-08-02 [3mtotal[0m[2m=[0m272089
[2m2026-09-02T19:08:00.792858Z[0m [32m INFO[0m [2mtushare_sync[0m[2m:[0m window synced [3mcode[0m[2m=[0m"511220" [3mwindow[0m[2m=[0m2019-08-03..2019-09-01 [3mtotal[0m[2m=[0m276909
[2m2026-09-02T19:08:01.782146Z[0m [32m INFO[0m [2mtushare_sync[0m[2m:[0m window synced [3mcode[0m[2m=[0m"511220" [3mwindow[0m[2m=[0m2019-09-02..2019-10-01 [3mtotal[0m[2m=[0m281729
[2m2026-09-02T19:08:02.767502Z[0m [32m INFO[0m [2mtushare_sync[0m[2m:[0m window synced [3mcode[0m[2m=[0m"511220" [3mwindow[0m[2m=[0m2019-10-02..2019-10-31 [3mtotal[0m[2m=[0m286067
[2m2026-09-02T19:08:03.767817Z[0m [32m INFO[0m [2mtushare_sync[0m[2m:[0m window synced [3mcode[0m[2m=[0m"511220" [3mwindow[0m[2m=[0m2019-11-01..2019-11-30 [3mtotal[0m[2m=[0m291128
[2m2026-09-02T19:08:04.832116Z[0m [32m INFO[0m [2mtushare_sync[0m[2m:[0m window synced [3mcode[0m[2m=[0m"511220" [3mwindow[0m[2m=[0m2019-12-01..2019-12-30 [3mtotal[0m[2m=[0m296189
[2m2026-09-02T19:08:05.779067Z[0m [32m INFO[0m [2mtushare_sync[0m[2m:[0m window synced [3mcode[0m[2m=[0m"511220" [3mwindow[0m[2m=[0m2019-12-31..2020-01-29 [3mtotal[0m[2m=[0m300286
[2m2026-09-02T19:08:06.819755Z[0m [32m INFO[0m [2mtushare_sync[0m[2m:[0m window synced [3mcode[0m[2m=[0m"511220" [3mwindow[0m[2m=[0m2020-01-30..2020-02-28 [3mtotal[0m[2m=[0m305106
[2m2026-09-02T19:08:07.829094Z[0m [32m INFO[0m [2mtushare_sync[0m[2m:[0m window synced [3mcode[0m[2m=[0m"511220" [3mwindow[0m[2m=[0m2020-02-29..2020-03-29 [3mtotal[0m[2m=[0m309926
[2m2026-09-02T19:08:08.790053Z[0m [32m INFO[0m [2mtushare_sync[0m[2m:[0m window synced [3mcode[0m[2m=[0m"511220" [3mwindow[0m[2m=[0m2020-03-30..2020-04-28 [3mtotal[0m[2m=[0m314987
[2m2026-09-02T19:08:10.142196Z[0m [32m INFO[0m [2mtushare_sync[0m[2m:[0m window synced [3mcode[0m[2m=[0m"511220" [3mwindow[0m[2m=[0m2020-04-29..2020-05-28 [3mtotal[0m[2m=[0m319566
[2m2026-09-02T19:08:10.799217Z[0m [32m INFO[0m [2mtushare_sync[0m[2m:[0m window synced [3mcode[0m[2m=[0m"511220" [3mwindow[0m[2m=[0m2020-05-29..2020-06-27 [3mtotal[0m[2m=[0m324145
[2m2026-09-02T19:08:11.795920Z[0m [32m INFO[0m [2mtushare_sync[0m[2m:[0m window synced [3mcode[0m[2m=[0m"511220" [3mwindow[0m[2m=[0m2020-06-28..2020-07-27 [3mtotal[0m[2m=[0m329206
[2m2026-09-02T19:08:13.020320Z[0m [32m INFO[0m [2mtushare_sync[0m[2m:[0m window synced [3mcode[0m[2m=[0m"511220" [3mwindow[0m[2m=[0m2020-07-28..2020-08-26 [3mtotal[0m[2m=[0m334508
[2m2026-09-02T19:08:13.796893Z[0m [32m INFO[0m [2mtushare_sync[0m[2m:[0m window synced [3mcode[0m[2m=[0m"511220" [3mwindow[0m[2m=[0m2020-08-27..2020-09-25 [3mtotal[0m[2m=[0m339810
[2m2026-09-02T19:08:14.951810Z[0m [32m INFO[0m [2mtushare_sync[0m[2m:[0m window synced [3mcode[0m[2m=[0m"511220" [3mwindow[0m[2m=[0m2020-09-26..2020-10-25 [3mtotal[0m[2m=[0m343184
[2m2026-09-02T19:08:15.791207Z[0m [32m INFO[0m [2mtushare_sync[0m[2m:[0m window synced [3mcode[0m[2m=[0m"511220" [3mwindow[0m[2m=[0m2020-10-26..2020-11-24 [3mtotal[0m[2m=[0m348486
[2m2026-09-02T19:08:16.797651Z[0m [32m INFO[0m [2mtushare_sync[0m[2m:[0m window synced [3mcode[0m[2m=[0m"511220" [3mwindow[0m[2m=[0m2020-11-25..2020-12-24 [3mtotal[0m[2m=[0m353788
[2m2026-09-02T19:08:17.792447Z[0m [32m INFO[0m [2mtushare_sync[0m[2m:[0m window synced [3mcode[0m[2m=[0m"511220" [3mwindow[0m[2m=[0m2020-12-25..2021-01-23 [3mtotal[0m[2m=[0m358608
[2m2026-09-02T19:08:18.790625Z[0m [32m INFO[0m [2mtushare_sync[0m[2m:[0m window synced [3mcode[0m[2m=[0m"511220" [3mwindow[0m[2m=[0m2021-01-24..2021-02-22 [3mtotal[0m[2m=[0m362464
[2m2026-09-02T19:08:19.809908Z[0m [32m INFO[0m [2mtushare_sync[0m[2m:[0m window synced [3mcode[0m[2m=[0m"511220" [3mwindow[0m[2m=[0m2021-02-23..2021-03-24 [3mtotal[0m[2m=[0m367766
[2m2026-09-02T19:08:20.796258Z[0m [32m INFO[0m [2mtushare_sync[0m[2m:[0m window synced [3mcode[0m[2m=[0m"511220" [3mwindow[0m[2m=[0m2021-03-25..2021-04-23 [3mtotal[0m[2m=[0m372827
[2m2026-09-02T19:08:21.794595Z[0m [32m INFO[0m [2mtushare_sync[0m[2m:[0m window synced [3mcode[0m[2m=[0m"511220" [3mwindow[0m[2m=[0m2021-04-24..2021-05-23 [3mtotal[0m[2m=[0m376924
[2m2026-09-02T19:08:22.797991Z[0m [32m INFO[0m [2mtushare_sync[0m[2m:[0m window synced [3mcode[0m[2m=[0m"511220" [3mwindow[0m[2m=[0m2021-05-24..2021-06-22 [3mtotal[0m[2m=[0m381985
[2m2026-09-02T19:08:23.835768Z[0m [32m INFO[0m [2mtushare_sync[0m[2m:[0m window synced [3mcode[0m[2m=[0m"511220" [3mwindow[0m[2m=[0m2021-06-23..2021-07-22 [3mtotal[0m[2m=[0m387287
[2m2026-09-02T19:08:24.841639Z[0m [32m INFO[0m [2mtushare_sync[0m[2m:[0m window synced [3mcode[0m[2m=[0m"511220" [3mwindow[0m[2m=[0m2021-07-23..2021-08-21 [3mtotal[0m[2m=[0m392348
[2m2026-09-02T19:08:25.835296Z[0m [32m INFO[0m [2mtushare_sync[0m[2m:[0m window synced [3mcode[0m[2m=[0m"511220" [3mwindow[0m[2m=[0m2021-08-22..2021-09-20 [3mtotal[0m[2m=[0m397168
[2m2026-09-02T19:08:26.782811Z[0m [32m INFO[0m [2mtushare_sync[0m[2m:[0m window synced [3mcode[0m[2m=[0m"511220" [3mwindow[0m[2m=[0m2021-09-21..2021-10-20 [3mtotal[0m[2m=[0m401024
[2m2026-09-02T19:08:27.812603Z[0m [32m INFO[0m [2mtushare_sync[0m[2m:[0m window synced [3mcode[0m[2m=[0m"511220" [3mwindow[0m[2m=[0m2021-10-21..2021-11-19 [3mtotal[0m[2m=[0m406326
[2m2026-09-02T19:08:28.799761Z[0m [32m INFO[0m [2mtushare_sync[0m[2m:[0m window synced [3mcode[0m[2m=[0m"511220" [3mwindow[0m[2m=[0m2021-11-20..2021-12-19 [3mtotal[0m[2m=[0m411146
[2m2026-09-02T19:08:29.828608Z[0m [32m INFO[0m [2mtushare_sync[0m[2m:[0m window synced [3mcode[0m[2m=[0m"511220" [3mwindow[0m[2m=[0m2021-12-20..2022-01-18 [3mtotal[0m[2m=[0m416207
[2m2026-09-02T19:08:30.780406Z[0m [32m INFO[0m [2mtushare_sync[0m[2m:[0m window synced [3mcode[0m[2m=[0m"511220" [3mwindow[0m[2m=[0m2022-01-19..2022-02-17 [3mtotal[0m[2m=[0m420304
[2m2026-09-02T19:08:31.802771Z[0m [32m INFO[0m [2mtushare_sync[0m[2m:[0m window synced [3mcode[0m[2m=[0m"511220" [3mwindow[0m[2m=[0m2022-02-18..2022-03-19 [3mtotal[0m[2m=[0m425365
[2m2026-09-02T19:08:32.819420Z[0m [32m INFO[0m [2mtushare_sync[0m[2m:[0m window synced [3mcode[0m[2m=[0m"511220" [3mwindow[0m[2m=[0m2022-03-20..2022-04-18 [3mtotal[0m[2m=[0m429944
[2m2026-09-02T19:08:33.811775Z[0m [32m INFO[0m [2mtushare_sync[0m[2m:[0m window synced [3mcode[0m[2m=[0m"511220" [3mwindow[0m[2m=[0m2022-04-19..2022-05-18 [3mtotal[0m[2m=[0m434523
[2m2026-09-02T19:08:34.811592Z[0m [32m INFO[0m [2mtushare_sync[0m[2m:[0m window synced [3mcode[0m[2m=[0m"511220" [3mwindow[0m[2m=[0m2022-05-19..2022-06-17 [3mtotal[0m[2m=[0m439584
[2m2026-09-02T19:08:35.816126Z[0m [32m INFO[0m [2mtushare_sync[0m[2m:[0m window synced [3mcode[0m[2m=[0m"511220" [3mwindow[0m[2m=[0m2022-06-18..2022-07-17 [3mtotal[0m[2m=[0m444404
[2m2026-09-02T19:08:36.832276Z[0m [32m INFO[0m [2mtushare_sync[0m[2m:[0m window synced [3mcode[0m[2m=[0m"511220" [3mwindow[0m[2m=[0m2022-07-18..2022-08-16 [3mtotal[0m[2m=[0m449706
[2m2026-09-02T19:08:37.832919Z[0m [32m INFO[0m [2mtushare_sync[0m[2m:[0m window synced [3mcode[0m[2m=[0m"511220" [3mwindow[0m[2m=[0m2022-08-17..2022-09-15 [3mtotal[0m[2m=[0m454767
[2m2026-09-02T19:08:38.787544Z[0m [32m INFO[0m [2mtushare_sync[0m[2m:[0m window synced [3mcode[0m[2m=[0m"511220" [3mwindow[0m[2m=[0m2022-09-16..2022-10-15 [3mtotal[0m[2m=[0m458623
[2m2026-09-02T19:08:39.831036Z[0m [32m INFO[0m [2mtushare_sync[0m[2m:[0m window synced [3mcode[0m[2m=[0m"511220" [3mwindow[0m[2m=[0m2022-10-16..2022-11-14 [3mtotal[0m[2m=[0m463684
[2m2026-09-02T19:08:40.839586Z[0m [32m INFO[0m [2mtushare_sync[0m[2m:[0m window synced [3mcode[0m[2m=[0m"511220" [3mwindow[0m[2m=[0m2022-11-15..2022-12-14 [3mtotal[0m[2m=[0m468986
[2m2026-09-02T19:08:41.865858Z[0m [32m INFO[0m [2mtushare_sync[0m[2m:[0m window synced [3mcode[0m[2m=[0m"511220" [3mwindow[0m[2m=[0m2022-12-15..2023-01-13 [3mtotal[0m[2m=[0m474047
[2m2026-09-02T19:08:42.822019Z[0m [32m INFO[0m [2mtushare_sync[0m[2m:[0m window synced [3mcode[0m[2m=[0m"511220" [3mwindow[0m[2m=[0m2023-01-14..2023-02-12 [3mtotal[0m[2m=[0m477662
[2m2026-09-02T19:08:43.862984Z[0m [32m INFO[0m [2mtushare_sync[0m[2m:[0m window synced [3mcode[0m[2m=[0m"511220" [3mwindow[0m[2m=[0m2023-02-13..2023-03-14 [3mtotal[0m[2m=[0m482964
[2m2026-09-02T19:08:44.907634Z[0m [32m INFO[0m [2mtushare_sync[0m[2m:[0m window synced [3mcode[0m[2m=[0m"511220" [3mwindow[0m[2m=[0m2023-03-15..2023-04-13 [3mtotal[0m[2m=[0m488025
[2m2026-09-02T19:08:45.890112Z[0m [32m INFO[0m [2mtushare_sync[0m[2m:[0m window synced [3mcode[0m[2m=[0m"511220" [3mwindow[0m[2m=[0m2023-04-14..2023-05-13 [3mtotal[0m[2m=[0m492363
[2m2026-09-02T19:08:46.851105Z[0m [32m INFO[0m [2mtushare_sync[0m[2m:[0m window synced [3mcode[0m[2m=[0m"511220" [3mwindow[0m[2m=[0m2023-05-14..2023-06-12 [3mtotal[0m[2m=[0m497424
[2m2026-09-02T19:08:47.842389Z[0m [32m INFO[0m [2mtushare_sync[0m[2m:[0m window synced [3mcode[0m[2m=[0m"511220" [3mwindow[0m[2m=[0m2023-06-13..2023-07-12 [3mtotal[0m[2m=[0m502244
[2m2026-09-02T19:08:48.862677Z[0m [32m INFO[0m [2mtushare_sync[0m[2m:[0m window synced [3mcode[0m[2m=[0m"511220" [3mwindow[0m[2m=[0m2023-07-13..2023-08-11 [3mtotal[0m[2m=[0m507546
[2m2026-09-02T19:08:49.900407Z[0m [32m INFO[0m [2mtushare_sync[0m[2m:[0m window synced [3mcode[0m[2m=[0m"511220" [3mwindow[0m[2m=[0m2023-08-12..2023-09-10 [3mtotal[0m[2m=[0m512366
[2m2026-09-02T19:08:50.982789Z[0m [32m INFO[0m [2mtushare_sync[0m[2m:[0m window synced [3mcode[0m[2m=[0m"511220" [3mwindow[0m[2m=[0m2023-09-11..2023-10-10 [3mtotal[0m[2m=[0m516222
[2m2026-09-02T19:08:51.879364Z[0m [32m INFO[0m [2mtushare_sync[0m[2m:[0m window synced [3mcode[0m[2m=[0m"511220" [3mwindow[0m[2m=[0m2023-10-11..2023-11-09 [3mtotal[0m[2m=[0m521524
[2m2026-09-02T19:08:53.163431Z[0m [32m INFO[0m [2mtushare_sync[0m[2m:[0m window synced [3mcode[0m[2m=[0m"511220" [3mwindow[0m[2m=[0m2023-11-10..2023-12-09 [3mtotal[0m[2m=[0m526585
[2m2026-09-02T19:08:53.861937Z[0m [32m INFO[0m [2mtushare_sync[0m[2m:[0m window synced [3mcode[0m[2m=[0m"511220" [3mwindow[0m[2m=[0m2023-12-10..2024-01-08 [3mtotal[0m[2m=[0m531405
[2m2026-09-02T19:08:54.879970Z[0m [32m INFO[0m [2mtushare_sync[0m[2m:[0m window synced [3mcode[0m[2m=[0m"511220" [3mwindow[0m[2m=[0m2024-01-09..2024-02-07 [3mtotal[0m[2m=[0m536707
[2m2026-09-02T19:08:55.850742Z[0m [32m INFO[0m [2mtushare_sync[0m[2m:[0m window synced [3mcode[0m[2m=[0m"511220" [3mwindow[0m[2m=[0m2024-02-08..2024-03-08 [3mtotal[0m[2m=[0m540563
[2m2026-09-02T19:08:56.856759Z[0m [32m INFO[0m [2mtushare_sync[0m[2m:[0m window synced [3mcode[0m[2m=[0m"511220" [3mwindow[0m[2m=[0m2024-03-09..2024-04-07 [3mtotal[0m[2m=[0m544901
[2m2026-09-02T19:08:57.871579Z[0m [32m INFO[0m [2mtushare_sync[0m[2m:[0m window synced [3mcode[0m[2m=[0m"511220" [3mwindow[0m[2m=[0m2024-04-08..2024-05-07 [3mtotal[0m[2m=[0m549480
[2m2026-09-02T19:08:58.886562Z[0m [32m INFO[0m [2mtushare_sync[0m[2m:[0m window synced [3mcode[0m[2m=[0m"511220" [3mwindow[0m[2m=[0m2024-05-08..2024-06-06 [3mtotal[0m[2m=[0m554782
[2m2026-09-02T19:08:59.871747Z[0m [32m INFO[0m [2mtushare_sync[0m[2m:[0m window synced [3mcode[0m[2m=[0m"511220" [3mwindow[0m[2m=[0m2024-06-07..2024-07-06 [3mtotal[0m[2m=[0m559602
[2m2026-09-02T19:09:00.888786Z[0m [32m INFO[0m [2mtushare_sync[0m[2m:[0m window synced [3mcode[0m[2m=[0m"511220" [3mwindow[0m[2m=[0m2024-07-07..2024-08-05 [3mtotal[0m[2m=[0m564663
[2m2026-09-02T19:09:01.891568Z[0m [32m INFO[0m [2mtushare_sync[0m[2m:[0m window synced [3mcode[0m[2m=[0m"511220" [3mwindow[0m[2m=[0m2024-08-06..2024-09-04 [3mtotal[0m[2m=[0m569965
[2m2026-09-02T19:09:02.843629Z[0m [32m INFO[0m [2mtushare_sync[0m[2m:[0m window synced [3mcode[0m[2m=[0m"511220" [3mwindow[0m[2m=[0m2024-09-05..2024-10-04 [3mtotal[0m[2m=[0m573821
[2m2026-09-02T19:09:03.883825Z[0m [32m INFO[0m [2mtushare_sync[0m[2m:[0m window synced [3mcode[0m[2m=[0m"511220" [3mwindow[0m[2m=[0m2024-10-05..2024-11-03 [3mtotal[0m[2m=[0m578400
[2m2026-09-02T19:09:04.910385Z[0m [32m INFO[0m [2mtushare_sync[0m[2m:[0m window synced [3mcode[0m[2m=[0m"511220" [3mwindow[0m[2m=[0m2024-11-04..2024-12-03 [3mtotal[0m[2m=[0m583702
[2m2026-09-02T19:09:05.903029Z[0m [32m INFO[0m [2mtushare_sync[0m[2m:[0m window synced [3mcode[0m[2m=[0m"511220" [3mwindow[0m[2m=[0m2024-12-04..2025-01-02 [3mtotal[0m[2m=[0m588763
[2m2026-09-02T19:09:06.842923Z[0m [32m INFO[0m [2mtushare_sync[0m[2m:[0m window synced [3mcode[0m[2m=[0m"511220" [3mwindow[0m[2m=[0m2025-01-03..2025-02-01 [3mtotal[0m[2m=[0m592860
[2m2026-09-02T19:09:07.851595Z[0m [32m INFO[0m [2mtushare_sync[0m[2m:[0m window synced [3mcode[0m[2m=[0m"511220" [3mwindow[0m[2m=[0m2025-02-02..2025-03-03 [3mtotal[0m[2m=[0m597439
[2m2026-09-02T19:09:08.931170Z[0m [32m INFO[0m [2mtushare_sync[0m[2m:[0m window synced [3mcode[0m[2m=[0m"511220" [3mwindow[0m[2m=[0m2025-03-04..2025-04-02 [3mtotal[0m[2m=[0m602741
[2m2026-09-02T19:09:09.902795Z[0m [32m INFO[0m [2mtushare_sync[0m[2m:[0m window synced [3mcode[0m[2m=[0m"511220" [3mwindow[0m[2m=[0m2025-04-03..2025-05-02 [3mtotal[0m[2m=[0m607320
[2m2026-09-02T19:09:10.912481Z[0m [32m INFO[0m [2mtushare_sync[0m[2m:[0m window synced [3mcode[0m[2m=[0m"511220" [3mwindow[0m[2m=[0m2025-05-03..2025-06-01 [3mtotal[0m[2m=[0m611899
[2m2026-09-02T19:09:11.949170Z[0m [32m INFO[0m [2mtushare_sync[0m[2m:[0m window synced [3mcode[0m[2m=[0m"511220" [3mwindow[0m[2m=[0m2025-06-02..2025-07-01 [3mtotal[0m[2m=[0m616960
[2m2026-09-02T19:09:12.908888Z[0m [32m INFO[0m [2mtushare_sync[0m[2m:[0m window synced [3mcode[0m[2m=[0m"511220" [3mwindow[0m[2m=[0m2025-07-02..2025-07-31 [3mtotal[0m[2m=[0m622262
[2m2026-09-02T19:09:13.891888Z[0m [32m INFO[0m [2mtushare_sync[0m[2m:[0m window synced [3mcode[0m[2m=[0m"511220" [3mwindow[0m[2m=[0m2025-08-01..2025-08-30 [3mtotal[0m[2m=[0m627323
[2m2026-09-02T19:09:14.881036Z[0m [32m INFO[0m [2mtushare_sync[0m[2m:[0m window synced [3mcode[0m[2m=[0m"511220" [3mwindow[0m[2m=[0m2025-08-31..2025-09-29 [3mtotal[0m[2m=[0m632384
[2m2026-09-02T19:09:15.848600Z[0m [32m INFO[0m [2mtushare_sync[0m[2m:[0m window synced [3mcode[0m[2m=[0m"511220" [3mwindow[0m[2m=[0m2025-09-30..2025-10-29 [3mtotal[0m[2m=[0m636240
[2m2026-09-02T19:09:16.893646Z[0m [32m INFO[0m [2mtushare_sync[0m[2m:[0m window synced [3mcode[0m[2m=[0m"511220" [3mwindow[0m[2m=[0m2025-10-30..2025-11-28 [3mtotal[0m[2m=[0m641542
[2m2026-09-02T19:09:17.867282Z[0m [32m INFO[0m [2mtushare_sync[0m[2m:[0m window synced [3mcode[0m[2m=[0m"511220" [3mwindow[0m[2m=[0m2025-11-29..2025-12-28 [3mtotal[0m[2m=[0m646362
[2m2026-09-02T19:09:18.867151Z[0m [32m INFO[0m [2mtushare_sync[0m[2m:[0m window synced [3mcode[0m[2m=[0m"511220" [3mwindow[0m[2m=[0m2025-12-29..2026-01-27 [3mtotal[0m[2m=[0m651182
[2m2026-09-02T19:09:19.860864Z[0m [32m INFO[0m [2mtushare_sync[0m[2m:[0m window synced [3mcode[0m[2m=[0m"511220" [3mwindow[0m[2m=[0m2026-01-28..2026-02-26 [3mtotal[0m[2m=[0m655038
[2m2026-09-02T19:09:20.863029Z[0m [32m INFO[0m [2mtushare_sync[0m[2m:[0m window synced [3mcode[0m[2m=[0m"511220" [3mwindow[0m[2m=[0m2026-02-27..2026-03-28 [3mtotal[0m[2m=[0m660099
[2m2026-09-02T19:09:21.860808Z[0m [32m INFO[0m [2mtushare_sync[0m[2m:[0m window synced [3mcode[0m[2m=[0m"511220" [3mwindow[0m[2m=[0m2026-03-29..2026-04-27 [3mtotal[0m[2m=[0m664919
[2m2026-09-02T19:09:22.842085Z[0m [32m INFO[0m [2mtushare_sync[0m[2m:[0m window synced [3mcode[0m[2m=[0m"511220" [3mwindow[0m[2m=[0m2026-04-28..2026-05-27 [3mtotal[0m[2m=[0m669498
[2m2026-09-02T19:09:23.873006Z[0m [32m INFO[0m [2mtushare_sync[0m[2m:[0m window synced [3mcode[0m[2m=[0m"511220" [3mwindow[0m[2m=[0m2026-05-28..2026-06-26 [3mtotal[0m[2m=[0m674559
[2m2026-09-02T19:09:24.863731Z[0m [32m INFO[0m [2mtushare_sync[0m[2m:[0m window synced [3mcode[0m[2m=[0m"511220" [3mwindow[0m[2m=[0m2026-06-27..2026-07-26 [3mtotal[0m[2m=[0m679379
[2m2026-09-02T19:09:25.877400Z[0m [32m INFO[0m [2mtushare_sync[0m[2m:[0m window synced [3mcode[0m[2m=[0m"511220" [3mwindow[0m[2m=[0m2026-07-27..2026-08-25 [3mtotal[0m[2m=[0m684681
[2m2026-09-02T19:09:26.788635Z[0m [32m INFO[0m [2mtushare_sync[0m[2m:[0m window synced [3mcode[0m[2m=[0m"511220" [3mwindow[0m[2m=[0m2026-08-26..2026-09-03 [3mtotal[0m[2m=[0m686127
[2m2026-09-02T19:09:26.788668Z[0m [32m INFO[0m [2mtushare_sync[0m[2m:[0m === sync done === [3mcode[0m[2m=[0m"511220" [3mbars[0m[2m=[0m686127
[2m2026-09-02T19:09:26.788675Z[0m [32m INFO[0m [2mtushare_sync[0m[2m:[0m === sync start === [3mcode[0m[2m=[0m"511360"
[2m2026-09-02T19:09:35.982562Z[0m [32m INFO[0m [2mtushare_sync[0m[2m:[0m first data year found [3mcode[0m[2m=[0m"511360" [3mfirst_year[0m[2m=[0m2020
[2m2026-09-02T19:09:36.736306Z[0m [32m INFO[0m [2mtushare_sync[0m[2m:[0m window synced [3mcode[0m[2m=[0m"511360" [3mwindow[0m[2m=[0m2020-01-01..2020-01-30 [3mtotal[0m[2m=[0m0
[2m2026-09-02T19:09:37.739042Z[0m [32m INFO[0m [2mtushare_sync[0m[2m:[0m window synced [3mcode[0m[2m=[0m"511360" [3mwindow[0m[2m=[0m2020-01-31..2020-02-29 [3mtotal[0m[2m=[0m0
[2m2026-09-02T19:09:38.735268Z[0m [32m INFO[0m [2mtushare_sync[0m[2m:[0m window synced [3mcode[0m[2m=[0m"511360" [3mwindow[0m[2m=[0m2020-03-01..2020-03-30 [3mtotal[0m[2m=[0m0
[2m2026-09-02T19:09:39.752549Z[0m [32m INFO[0m [2mtushare_sync[0m[2m:[0m window synced [3mcode[0m[2m=[0m"511360" [3mwindow[0m[2m=[0m2020-03-31..2020-04-29 [3mtotal[0m[2m=[0m0
[2m2026-09-02T19:09:40.733650Z[0m [32m INFO[0m [2mtushare_sync[0m[2m:[0m window synced [3mcode[0m[2m=[0m"511360" [3mwindow[0m[2m=[0m2020-04-30..2020-05-29 [3mtotal[0m[2m=[0m0
[2m2026-09-02T19:09:41.734896Z[0m [32m INFO[0m [2mtushare_sync[0m[2m:[0m window synced [3mcode[0m[2m=[0m"511360" [3mwindow[0m[2m=[0m2020-05-30..2020-06-28 [3mtotal[0m[2m=[0m0
[2m2026-09-02T19:09:42.730677Z[0m [32m INFO[0m [2mtushare_sync[0m[2m:[0m window synced [3mcode[0m[2m=[0m"511360" [3mwindow[0m[2m=[0m2020-06-29..2020-07-28 [3mtotal[0m[2m=[0m0
[2m2026-09-02T19:09:43.741611Z[0m [32m INFO[0m [2mtushare_sync[0m[2m:[0m window synced [3mcode[0m[2m=[0m"511360" [3mwindow[0m[2m=[0m2020-07-29..2020-08-27 [3mtotal[0m[2m=[0m0
[2m2026-09-02T19:09:44.760997Z[0m [32m INFO[0m [2mtushare_sync[0m[2m:[0m window synced [3mcode[0m[2m=[0m"511360" [3mwindow[0m[2m=[0m2020-08-28..2020-09-26 [3mtotal[0m[2m=[0m241
[2m2026-09-02T19:09:45.931535Z[0m [32m INFO[0m [2mtushare_sync[0m[2m:[0m window synced [3mcode[0m[2m=[0m"511360" [3mwindow[0m[2m=[0m2020-09-27..2020-10-26 [3mtotal[0m[2m=[0m3856
[2m2026-09-02T19:09:46.895634Z[0m [32m INFO[0m [2mtushare_sync[0m[2m:[0m window synced [3mcode[0m[2m=[0m"511360" [3mwindow[0m[2m=[0m2020-10-27..2020-11-25 [3mtotal[0m[2m=[0m9158
[2m2026-09-02T19:09:47.923529Z[0m [32m INFO[0m [2mtushare_sync[0m[2m:[0m window synced [3mcode[0m[2m=[0m"511360" [3mwindow[0m[2m=[0m2020-11-26..2020-12-25 [3mtotal[0m[2m=[0m14460
[2m2026-09-02T19:09:48.886420Z[0m [32m INFO[0m [2mtushare_sync[0m[2m:[0m window synced [3mcode[0m[2m=[0m"511360" [3mwindow[0m[2m=[0m2020-12-26..2021-01-24 [3mtotal[0m[2m=[0m19039
[2m2026-09-02T19:09:50.221143Z[0m [32m INFO[0m [2mtushare_sync[0m[2m:[0m window synced [3mcode[0m[2m=[0m"511360" [3mwindow[0m[2m=[0m2021-01-25..2021-02-23 [3mtotal[0m[2m=[0m23136
[2m2026-09-02T19:09:50.978356Z[0m [32m INFO[0m [2mtushare_sync[0m[2m:[0m window synced [3mcode[0m[2m=[0m"511360" [3mwindow[0m[2m=[0m2021-02-24..2021-03-25 [3mtotal[0m[2m=[0m28438
[2m2026-09-02T19:09:51.899458Z[0m [32m INFO[0m [2mtushare_sync[0m[2m:[0m window synced [3mcode[0m[2m=[0m"511360" [3mwindow[0m[2m=[0m2021-03-26..2021-04-24 [3mtotal[0m[2m=[0m33258
[2m2026-09-02T19:09:52.921770Z[0m [32m INFO[0m [2mtushare_sync[0m[2m:[0m window synced [3mcode[0m[2m=[0m"511360" [3mwindow[0m[2m=[0m2021-04-25..2021-05-24 [3mtotal[0m[2m=[0m37596
[2m2026-09-02T19:09:53.921796Z[0m [32m INFO[0m [2mtushare_sync[0m[2m:[0m window synced [3mcode[0m[2m=[0m"511360" [3mwindow[0m[2m=[0m2021-05-25..2021-06-23 [3mtotal[0m[2m=[0m42657
[2m2026-09-02T19:09:54.908911Z[0m [32m INFO[0m [2mtushare_sync[0m[2m:[0m window synced [3mcode[0m[2m=[0m"511360" [3mwindow[0m[2m=[0m2021-06-24..2021-07-23 [3mtotal[0m[2m=[0m47959
[2m2026-09-02T19:09:55.923344Z[0m [32m INFO[0m [2mtushare_sync[0m[2m:[0m window synced [3mcode[0m[2m=[0m"511360" [3mwindow[0m[2m=[0m2021-07-24..2021-08-22 [3mtotal[0m[2m=[0m52779
[2m2026-09-02T19:09:56.948769Z[0m [32m INFO[0m [2mtushare_sync[0m[2m:[0m window synced [3mcode[0m[2m=[0m"511360" [3mwindow[0m[2m=[0m2021-08-23..2021-09-21 [3mtotal[0m[2m=[0m57599
[2m2026-09-02T19:09:57.911218Z[0m [32m INFO[0m [2mtushare_sync[0m[2m:[0m window synced [3mcode[0m[2m=[0m"511360" [3mwindow[0m[2m=[0m2021-09-22..2021-10-21 [3mtotal[0m[2m=[0m61696
[2m2026-09-02T19:09:59.192354Z[0m [32m INFO[0m [2mtushare_sync[0m[2m:[0m window synced [3mcode[0m[2m=[0m"511360" [3mwindow[0m[2m=[0m2021-10-22..2021-11-20 [3mtotal[0m[2m=[0m66757
[2m2026-09-02T19:09:59.965970Z[0m [32m INFO[0m [2mtushare_sync[0m[2m:[0m window synced [3mcode[0m[2m=[0m"511360" [3mwindow[0m[2m=[0m2021-11-21..2021-12-20 [3mtotal[0m[2m=[0m71818
[2m2026-09-02T19:10:00.938922Z[0m [32m INFO[0m [2mtushare_sync[0m[2m:[0m window synced [3mcode[0m[2m=[0m"511360" [3mwindow[0m[2m=[0m2021-12-21..2022-01-19 [3mtotal[0m[2m=[0m76879
[2m2026-09-02T19:10:01.894385Z[0m [32m INFO[0m [2mtushare_sync[0m[2m:[0m window synced [3mcode[0m[2m=[0m"511360" [3mwindow[0m[2m=[0m2022-01-20..2022-02-18 [3mtotal[0m[2m=[0m80976
[2m2026-09-02T19:10:02.918081Z[0m [32m INFO[0m [2mtushare_sync[0m[2m:[0m window synced [3mcode[0m[2m=[0m"511360" [3mwindow[0m[2m=[0m2022-02-19..2022-03-20 [3mtotal[0m[2m=[0m85796
[2m2026-09-02T19:10:03.915229Z[0m [32m INFO[0m [2mtushare_sync[0m[2m:[0m window synced [3mcode[0m[2m=[0m"511360" [3mwindow[0m[2m=[0m2022-03-21..2022-04-19 [3mtotal[0m[2m=[0m90616
[2m2026-09-02T19:10:04.926754Z[0m [32m INFO[0m [2mtushare_sync[0m[2m:[0m window synced [3mcode[0m[2m=[0m"511360" [3mwindow[0m[2m=[0m2022-04-20..2022-05-19 [3mtotal[0m[2m=[0m95195
[2m2026-09-02T19:10:05.954664Z[0m [32m INFO[0m [2mtushare_sync[0m[2m:[0m window synced [3mcode[0m[2m=[0m"511360" [3mwindow[0m[2m=[0m2022-05-20..2022-06-18 [3mtotal[0m[2m=[0m100015
[2m2026-09-02T19:10:07.020758Z[0m [32m INFO[0m [2mtushare_sync[0m[2m:[0m window synced [3mcode[0m[2m=[0m"511360" [3mwindow[0m[2m=[0m2022-06-19..2022-07-18 [3mtotal[0m[2m=[0m105076
[2m2026-09-02T19:10:08.046645Z[0m [32m INFO[0m [2mtushare_sync[0m[2m:[0m window synced [3mcode[0m[2m=[0m"511360" [3mwindow[0m[2m=[0m2022-07-19..2022-08-17 [3mtotal[0m[2m=[0m110378
[2m2026-09-02T19:10:08.940039Z[0m [32m INFO[0m [2mtushare_sync[0m[2m:[0m window synced [3mcode[0m[2m=[0m"511360" [3mwindow[0m[2m=[0m2022-08-18..2022-09-16 [3mtotal[0m[2m=[0m115439
[2m2026-09-02T19:10:10.067576Z[0m [32m INFO[0m [2mtushare_sync[0m[2m:[0m window synced [3mcode[0m[2m=[0m"511360" [3mwindow[0m[2m=[0m2022-09-17..2022-10-16 [3mtotal[0m[2m=[0m119054
[2m2026-09-02T19:10:10.971960Z[0m [32m INFO[0m [2mtushare_sync[0m[2m:[0m window synced [3mcode[0m[2m=[0m"511360" [3mwindow[0m[2m=[0m2022-10-17..2022-11-15 [3mtotal[0m[2m=[0m124356
[2m2026-09-02T19:10:11.965886Z[0m [32m INFO[0m [2mtushare_sync[0m[2m:[0m window synced [3mcode[0m[2m=[0m"511360" [3mwindow[0m[2m=[0m2022-11-16..2022-12-15 [3mtotal[0m[2m=[0m129658
[2m2026-09-02T19:10:12.976579Z[0m [32m INFO[0m [2mtushare_sync[0m[2m:[0m window synced [3mcode[0m[2m=[0m"511360" [3mwindow[0m[2m=[0m2022-12-16..2023-01-14 [3mtotal[0m[2m=[0m134478
[2m2026-09-02T19:10:13.926989Z[0m [32m INFO[0m [2mtushare_sync[0m[2m:[0m window synced [3mcode[0m[2m=[0m"511360" [3mwindow[0m[2m=[0m2023-01-15..2023-02-13 [3mtotal[0m[2m=[0m138334
[2m2026-09-02T19:10:14.976895Z[0m [32m INFO[0m [2mtushare_sync[0m[2m:[0m window synced [3mcode[0m[2m=[0m"511360" [3mwindow[0m[2m=[0m2023-02-14..2023-03-15 [3mtotal[0m[2m=[0m143636
[2m2026-09-02T19:10:15.987260Z[0m [32m INFO[0m [2mtushare_sync[0m[2m:[0m window synced [3mcode[0m[2m=[0m"511360" [3mwindow[0m[2m=[0m2023-03-16..2023-04-14 [3mtotal[0m[2m=[0m148697
[2m2026-09-02T19:10:16.966251Z[0m [32m INFO[0m [2mtushare_sync[0m[2m:[0m window synced [3mcode[0m[2m=[0m"511360" [3mwindow[0m[2m=[0m2023-04-15..2023-05-14 [3mtotal[0m[2m=[0m152794
[2m2026-09-02T19:10:17.988180Z[0m [32m INFO[0m [2mtushare_sync[0m[2m:[0m window synced [3mcode[0m[2m=[0m"511360" [3mwindow[0m[2m=[0m2023-05-15..2023-06-13 [3mtotal[0m[2m=[0m158096
[2m2026-09-02T19:10:18.973881Z[0m [32m INFO[0m [2mtushare_sync[0m[2m:[0m window synced [3mcode[0m[2m=[0m"511360" [3mwindow[0m[2m=[0m2023-06-14..2023-07-13 [3mtotal[0m[2m=[0m162916
[2m2026-09-02T19:10:19.980339Z[0m [32m INFO[0m [2mtushare_sync[0m[2m:[0m window synced [3mcode[0m[2m=[0m"511360" [3mwindow[0m[2m=[0m2023-07-14..2023-08-12 [3mtotal[0m[2m=[0m167977
[2m2026-09-02T19:10:20.972716Z[0m [32m INFO[0m [2mtushare_sync[0m[2m:[0m window synced [3mcode[0m[2m=[0m"511360" [3mwindow[0m[2m=[0m2023-08-13..2023-09-11 [3mtotal[0m[2m=[0m173038
[2m2026-09-02T19:10:21.943170Z[0m [32m INFO[0m [2mtushare_sync[0m[2m:[0m window synced [3mcode[0m[2m=[0m"511360" [3mwindow[0m[2m=[0m2023-09-12..2023-10-11 [3mtotal[0m[2m=[0m176894
[2m2026-09-02T19:10:23.005154Z[0m [32m INFO[0m [2mtushare_sync[0m[2m:[0m window synced [3mcode[0m[2m=[0m"511360" [3mwindow[0m[2m=[0m2023-10-12..2023-11-10 [3mtotal[0m[2m=[0m182196
[2m2026-09-02T19:10:23.962946Z[0m [32m INFO[0m [2mtushare_sync[0m[2m:[0m window synced [3mcode[0m[2m=[0m"511360" [3mwindow[0m[2m=[0m2023-11-11..2023-12-10 [3mtotal[0m[2m=[0m187016
[2m2026-09-02T19:10:24.988955Z[0m [32m INFO[0m [2mtushare_sync[0m[2m:[0m window synced [3mcode[0m[2m=[0m"511360" [3mwindow[0m[2m=[0m2023-12-11..2024-01-09 [3mtotal[0m[2m=[0m192077
[2m2026-09-02T19:10:25.982301Z[0m [32m INFO[0m [2mtushare_sync[0m[2m:[0m window synced [3mcode[0m[2m=[0m"511360" [3mwindow[0m[2m=[0m2024-01-10..2024-02-08 [3mtotal[0m[2m=[0m197379
[2m2026-09-02T19:10:26.948211Z[0m [32m INFO[0m [2mtushare_sync[0m[2m:[0m window synced [3mcode[0m[2m=[0m"511360" [3mwindow[0m[2m=[0m2024-02-09..2024-03-09 [3mtotal[0m[2m=[0m200994
[2m2026-09-02T19:10:27.962668Z[0m [32m INFO[0m [2mtushare_sync[0m[2m:[0m window synced [3mcode[0m[2m=[0m"511360" [3mwindow[0m[2m=[0m2024-03-10..2024-04-08 [3mtotal[0m[2m=[0m205573
[2m2026-09-02T19:10:28.976057Z[0m [32m INFO[0m [2mtushare_sync[0m[2m:[0m window synced [3mcode[0m[2m=[0m"511360" [3mwindow[0m[2m=[0m2024-04-09..2024-05-08 [3mtotal[0m[2m=[0m210152
[2m2026-09-02T19:10:30.008966Z[0m [32m INFO[0m [2mtushare_sync[0m[2m:[0m window synced [3mcode[0m[2m=[0m"511360" [3mwindow[0m[2m=[0m2024-05-09..2024-06-07 [3mtotal[0m[2m=[0m215454
[2m2026-09-02T19:10:30.963460Z[0m [32m INFO[0m [2mtushare_sync[0m[2m:[0m window synced [3mcode[0m[2m=[0m"511360" [3mwindow[0m[2m=[0m2024-06-08..2024-07-07 [3mtotal[0m[2m=[0m220033
[2m2026-09-02T19:10:32.020334Z[0m [32m INFO[0m [2mtushare_sync[0m[2m:[0m window synced [3mcode[0m[2m=[0m"511360" [3mwindow[0m[2m=[0m2024-07-08..2024-08-06 [3mtotal[0m[2m=[0m225335
[2m2026-09-02T19:10:32.997742Z[0m [32m INFO[0m [2mtushare_sync[0m[2m:[0m window synced [3mcode[0m[2m=[0m"511360" [3mwindow[0m[2m=[0m2024-08-07..2024-09-05 [3mtotal[0m[2m=[0m230637
[2m2026-09-02T19:10:33.946106Z[0m [32m INFO[0m [2mtushare_sync[0m[2m:[0m window synced [3mcode[0m[2m=[0m"511360" [3mwindow[0m[2m=[0m2024-09-06..2024-10-05 [3mtotal[0m[2m=[0m234252
[2m2026-09-02T19:10:35.037845Z[0m [32m INFO[0m [2mtushare_sync[0m[2m:[0m window synced [3mcode[0m[2m=[0m"511360" [3mwindow[0m[2m=[0m2024-10-06..2024-11-04 [3mtotal[0m[2m=[0m239072
[2m2026-09-02T19:10:36.150129Z[0m [32m INFO[0m [2mtushare_sync[0m[2m:[0m window synced [3mcode[0m[2m=[0m"511360" [3mwindow[0m[2m=[0m2024-11-05..2024-12-04 [3mtotal[0m[2m=[0m244374
[2m2026-09-02T19:10:37.014095Z[0m [32m INFO[0m [2mtushare_sync[0m[2m:[0m window synced [3mcode[0m[2m=[0m"511360" [3mwindow[0m[2m=[0m2024-12-05..2025-01-03 [3mtotal[0m[2m=[0m249435
[2m2026-09-02T19:10:37.972903Z[0m [32m INFO[0m [2mtushare_sync[0m[2m:[0m window synced [3mcode[0m[2m=[0m"511360" [3mwindow[0m[2m=[0m2025-01-04..2025-02-02 [3mtotal[0m[2m=[0m253291
[2m2026-09-02T19:10:38.965847Z[0m [32m INFO[0m [2mtushare_sync[0m[2m:[0m window synced [3mcode[0m[2m=[0m"511360" [3mwindow[0m[2m=[0m2025-02-03..2025-03-04 [3mtotal[0m[2m=[0m258111
[2m2026-09-02T19:10:39.985822Z[0m [32m INFO[0m [2mtushare_sync[0m[2m:[0m window synced [3mcode[0m[2m=[0m"511360" [3mwindow[0m[2m=[0m2025-03-05..2025-04-03 [3mtotal[0m[2m=[0m263413
[2m2026-09-02T19:10:40.986404Z[0m [32m INFO[0m [2mtushare_sync[0m[2m:[0m window synced [3mcode[0m[2m=[0m"511360" [3mwindow[0m[2m=[0m2025-04-04..2025-05-03 [3mtotal[0m[2m=[0m267751
[2m2026-09-02T19:10:41.975358Z[0m [32m INFO[0m [2mtushare_sync[0m[2m:[0m window synced [3mcode[0m[2m=[0m"511360" [3mwindow[0m[2m=[0m2025-05-04..2025-06-02 [3mtotal[0m[2m=[0m272330
[2m2026-09-02T19:10:42.992734Z[0m [32m INFO[0m [2mtushare_sync[0m[2m:[0m window synced [3mcode[0m[2m=[0m"511360" [3mwindow[0m[2m=[0m2025-06-03..2025-07-02 [3mtotal[0m[2m=[0m277632
[2m2026-09-02T19:10:43.997250Z[0m [32m INFO[0m [2mtushare_sync[0m[2m:[0m window synced [3mcode[0m[2m=[0m"511360" [3mwindow[0m[2m=[0m2025-07-03..2025-08-01 [3mtotal[0m[2m=[0m282934
[2m2026-09-02T19:10:44.977848Z[0m [32m INFO[0m [2mtushare_sync[0m[2m:[0m window synced [3mcode[0m[2m=[0m"511360" [3mwindow[0m[2m=[0m2025-08-02..2025-08-31 [3mtotal[0m[2m=[0m287754
[2m2026-09-02T19:10:45.988768Z[0m [32m INFO[0m [2mtushare_sync[0m[2m:[0m window synced [3mcode[0m[2m=[0m"511360" [3mwindow[0m[2m=[0m2025-09-01..2025-09-30 [3mtotal[0m[2m=[0m293056
[2m2026-09-02T19:10:46.960453Z[0m [32m INFO[0m [2mtushare_sync[0m[2m:[0m window synced [3mcode[0m[2m=[0m"511360" [3mwindow[0m[2m=[0m2025-10-01..2025-10-30 [3mtotal[0m[2m=[0m296912
[2m2026-09-02T19:10:48.054124Z[0m [32m INFO[0m [2mtushare_sync[0m[2m:[0m window synced [3mcode[0m[2m=[0m"511360" [3mwindow[0m[2m=[0m2025-10-31..2025-11-29 [3mtotal[0m[2m=[0m301973
[2m2026-09-02T19:10:49.021194Z[0m [32m INFO[0m [2mtushare_sync[0m[2m:[0m window synced [3mcode[0m[2m=[0m"511360" [3mwindow[0m[2m=[0m2025-11-30..2025-12-29 [3mtotal[0m[2m=[0m307034
[2m2026-09-02T19:10:49.989727Z[0m [32m INFO[0m [2mtushare_sync[0m[2m:[0m window synced [3mcode[0m[2m=[0m"511360" [3mwindow[0m[2m=[0m2025-12-30..2026-01-28 [3mtotal[0m[2m=[0m311854
[2m2026-09-02T19:10:50.948358Z[0m [32m INFO[0m [2mtushare_sync[0m[2m:[0m window synced [3mcode[0m[2m=[0m"511360" [3mwindow[0m[2m=[0m2026-01-29..2026-02-27 [3mtotal[0m[2m=[0m315710
[2m2026-09-02T19:10:51.984994Z[0m [32m INFO[0m [2mtushare_sync[0m[2m:[0m window synced [3mcode[0m[2m=[0m"511360" [3mwindow[0m[2m=[0m2026-02-28..2026-03-29 [3mtotal[0m[2m=[0m320530
[2m2026-09-02T19:10:52.970090Z[0m [32m INFO[0m [2mtushare_sync[0m[2m:[0m window synced [3mcode[0m[2m=[0m"511360" [3mwindow[0m[2m=[0m2026-03-30..2026-04-28 [3mtotal[0m[2m=[0m325591
[2m2026-09-02T19:10:53.985445Z[0m [32m INFO[0m [2mtushare_sync[0m[2m:[0m window synced [3mcode[0m[2m=[0m"511360" [3mwindow[0m[2m=[0m2026-04-29..2026-05-28 [3mtotal[0m[2m=[0m330170
[2m2026-09-02T19:10:55.170299Z[0m [32m INFO[0m [2mtushare_sync[0m[2m:[0m window synced [3mcode[0m[2m=[0m"511360" [3mwindow[0m[2m=[0m2026-05-29..2026-06-27 [3mtotal[0m[2m=[0m334990
[2m2026-09-02T19:10:55.994129Z[0m [32m INFO[0m [2mtushare_sync[0m[2m:[0m window synced [3mcode[0m[2m=[0m"511360" [3mwindow[0m[2m=[0m2026-06-28..2026-07-27 [3mtotal[0m[2m=[0m340051
[2m2026-09-02T19:10:56.992134Z[0m [32m INFO[0m [2mtushare_sync[0m[2m:[0m window synced [3mcode[0m[2m=[0m"511360" [3mwindow[0m[2m=[0m2026-07-28..2026-08-26 [3mtotal[0m[2m=[0m345353
[2m2026-09-02T19:10:57.970513Z[0m [32m INFO[0m [2mtushare_sync[0m[2m:[0m window synced [3mcode[0m[2m=[0m"511360" [3mwindow[0m[2m=[0m2026-08-27..2026-09-03 [3mtotal[0m[2m=[0m346558
[2m2026-09-02T19:10:57.970547Z[0m [32m INFO[0m [2mtushare_sync[0m[2m:[0m === sync done === [3mcode[0m[2m=[0m"511360" [3mbars[0m[2m=[0m346558
[2m2026-09-02T19:10:57.970553Z[0m [32m INFO[0m [2mtushare_sync[0m[2m:[0m === sync start === [3mcode[0m[2m=[0m"511380"
[2m2026-09-02T19:11:06.995076Z[0m [32m INFO[0m [2mtushare_sync[0m[2m:[0m first data year found [3mcode[0m[2m=[0m"511380" [3mfirst_year[0m[2m=[0m2020
[2m2026-09-02T19:11:07.833163Z[0m [32m INFO[0m [2mtushare_sync[0m[2m:[0m window synced [3mcode[0m[2m=[0m"511380" [3mwindow[0m[2m=[0m2020-01-01..2020-01-30 [3mtotal[0m[2m=[0m0
[2m2026-09-02T19:11:08.832116Z[0m [32m INFO[0m [2mtushare_sync[0m[2m:[0m window synced [3mcode[0m[2m=[0m"511380" [3mwindow[0m[2m=[0m2020-01-31..2020-02-29 [3mtotal[0m[2m=[0m0
[2m2026-09-02T19:11:09.838993Z[0m [32m INFO[0m [2mtushare_sync[0m[2m:[0m window synced [3mcode[0m[2m=[0m"511380" [3mwindow[0m[2m=[0m2020-03-01..2020-03-30 [3mtotal[0m[2m=[0m0
[2m2026-09-02T19:11:10.963073Z[0m [32m INFO[0m [2mtushare_sync[0m[2m:[0m window synced [3mcode[0m[2m=[0m"511380" [3mwindow[0m[2m=[0m2020-03-31..2020-04-29 [3mtotal[0m[2m=[0m4097
[2m2026-09-02T19:11:11.973120Z[0m [32m INFO[0m [2mtushare_sync[0m[2m:[0m window synced [3mcode[0m[2m=[0m"511380" [3mwindow[0m[2m=[0m2020-04-30..2020-05-29 [3mtotal[0m[2m=[0m8676
[2m2026-09-02T19:11:12.983520Z[0m [32m INFO[0m [2mtushare_sync[0m[2m:[0m window synced [3mcode[0m[2m=[0m"511380" [3mwindow[0m[2m=[0m2020-05-30..2020-06-28 [3mtotal[0m[2m=[0m13014
[2m2026-09-02T19:11:14.006084Z[0m [32m INFO[0m [2mtushare_sync[0m[2m:[0m window synced [3mcode[0m[2m=[0m"511380" [3mwindow[0m[2m=[0m2020-06-29..2020-07-28 [3mtotal[0m[2m=[0m18316
[2m2026-09-02T19:11:15.028430Z[0m [32m INFO[0m [2mtushare_sync[0m[2m:[0m window synced [3mcode[0m[2m=[0m"511380" [3mwindow[0m[2m=[0m2020-07-29..2020-08-27 [3mtotal[0m[2m=[0m23618
[2m2026-09-02T19:11:16.000993Z[0m [32m INFO[0m [2mtushare_sync[0m[2m:[0m window synced [3mcode[0m[2m=[0m"511380" [3mwindow[0m[2m=[0m2020-08-28..2020-09-26 [3mtotal[0m[2m=[0m28679
[2m2026-09-02T19:11:16.959201Z[0m [32m INFO[0m [2mtushare_sync[0m[2m:[0m window synced [3mcode[0m[2m=[0m"511380" [3mwindow[0m[2m=[0m2020-09-27..2020-10-26 [3mtotal[0m[2m=[0m32294
[2m2026-09-02T19:11:18.014101Z[0m [32m INFO[0m [2mtushare_sync[0m[2m:[0m window synced [3mcode[0m[2m=[0m"511380" [3mwindow[0m[2m=[0m2020-10-27..2020-11-25 [3mtotal[0m[2m=[0m37596
[2m2026-09-02T19:11:19.004729Z[0m [32m INFO[0m [2mtushare_sync[0m[2m:[0m window synced [3mcode[0m[2m=[0m"511380" [3mwindow[0m[2m=[0m2020-11-26..2020-12-25 [3mtotal[0m[2m=[0m42898
[2m2026-09-02T19:11:19.987955Z[0m [32m INFO[0m [2mtushare_sync[0m[2m:[0m window synced [3mcode[0m[2m=[0m"511380" [3mwindow[0m[2m=[0m2020-12-26..2021-01-24 [3mtotal[0m[2m=[0m47477
[2m2026-09-02T19:11:20.982625Z[0m [32m INFO[0m [2mtushare_sync[0m[2m:[0m window synced [3mcode[0m[2m=[0m"511380" [3mwindow[0m[2m=[0m2021-01-25..2021-02-23 [3mtotal[0m[2m=[0m51574
[2m2026-09-02T19:11:22.024848Z[0m [32m INFO[0m [2mtushare_sync[0m[2m:[0m window synced [3mcode[0m[2m=[0m"511380" [3mwindow[0m[2m=[0m2021-02-24..2021-03-25 [3mtotal[0m[2m=[0m56876
[2m2026-09-02T19:11:23.165410Z[0m [32m INFO[0m [2mtushare_sync[0m[2m:[0m window synced [3mcode[0m[2m=[0m"511380" [3mwindow[0m[2m=[0m2021-03-26..2021-04-24 [3mtotal[0m[2m=[0m61696
[2m2026-09-02T19:11:24.156884Z[0m [32m INFO[0m [2mtushare_sync[0m[2m:[0m window synced [3mcode[0m[2m=[0m"511380" [3mwindow[0m[2m=[0m2021-04-25..2021-05-24 [3mtotal[0m[2m=[0m66034
[2m2026-09-02T19:11:25.032103Z[0m [32m INFO[0m [2mtushare_sync[0m[2m:[0m window synced [3mcode[0m[2m=[0m"511380" [3mwindow[0m[2m=[0m2021-05-25..2021-06-23 [3mtotal[0m[2m=[0m71095
[2m2026-09-02T19:11:26.045126Z[0m [32m INFO[0m [2mtushare_sync[0m[2m:[0m window synced [3mcode[0m[2m=[0m"511380" [3mwindow[0m[2m=[0m2021-06-24..2021-07-23 [3mtotal[0m[2m=[0m76397
[2m2026-09-02T19:11:27.057908Z[0m [32m INFO[0m [2mtushare_sync[0m[2m:[0m window synced [3mcode[0m[2m=[0m"511380" [3mwindow[0m[2m=[0m2021-07-24..2021-08-22 [3mtotal[0m[2m=[0m81217
[2m2026-09-02T19:11:28.008304Z[0m [32m INFO[0m [2mtushare_sync[0m[2m:[0m window synced [3mcode[0m[2m=[0m"511380" [3mwindow[0m[2m=[0m2021-08-23..2021-09-21 [3mtotal[0m[2m=[0m86037
[2m2026-09-02T19:11:29.000061Z[0m [32m INFO[0m [2mtushare_sync[0m[2m:[0m window synced [3mcode[0m[2m=[0m"511380" [3mwindow[0m[2m=[0m2021-09-22..2021-10-21 [3mtotal[0m[2m=[0m90134
[2m2026-09-02T19:11:30.339363Z[0m [32m INFO[0m [2mtushare_sync[0m[2m:[0m window synced [3mcode[0m[2m=[0m"511380" [3mwindow[0m[2m=[0m2021-10-22..2021-11-20 [3mtotal[0m[2m=[0m95195
[2m2026-09-02T19:11:31.058197Z[0m [32m INFO[0m [2mtushare_sync[0m[2m:[0m window synced [3mcode[0m[2m=[0m"511380" [3mwindow[0m[2m=[0m2021-11-21..2021-12-20 [3mtotal[0m[2m=[0m100256
[2m2026-09-02T19:11:32.013724Z[0m [32m INFO[0m [2mtushare_sync[0m[2m:[0m window synced [3mcode[0m[2m=[0m"511380" [3mwindow[0m[2m=[0m2021-12-21..2022-01-19 [3mtotal[0m[2m=[0m105317
[2m2026-09-02T19:11:33.009955Z[0m [32m INFO[0m [2mtushare_sync[0m[2m:[0m window synced [3mcode[0m[2m=[0m"511380" [3mwindow[0m[2m=[0m2022-01-20..2022-02-18 [3mtotal[0m[2m=[0m109414
[2m2026-09-02T19:11:34.016149Z[0m [32m INFO[0m [2mtushare_sync[0m[2m:[0m window synced [3mcode[0m[2m=[0m"511380" [3mwindow[0m[2m=[0m2022-02-19..2022-03-20 [3mtotal[0m[2m=[0m114234
[2m2026-09-02T19:11:35.026682Z[0m [32m INFO[0m [2mtushare_sync[0m[2m:[0m window synced [3mcode[0m[2m=[0m"511380" [3mwindow[0m[2m=[0m2022-03-21..2022-04-19 [3mtotal[0m[2m=[0m119054
[2m2026-09-02T19:11:36.025627Z[0m [32m INFO[0m [2mtushare_sync[0m[2m:[0m window synced [3mcode[0m[2m=[0m"511380" [3mwindow[0m[2m=[0m2022-04-20..2022-05-19 [3mtotal[0m[2m=[0m123633
[2m2026-09-02T19:11:37.032107Z[0m [32m INFO[0m [2mtushare_sync[0m[2m:[0m window synced [3mcode[0m[2m=[0m"511380" [3mwindow[0m[2m=[0m2022-05-20..2022-06-18 [3mtotal[0m[2m=[0m128453
[2m2026-09-02T19:11:38.032669Z[0m [32m INFO[0m [2mtushare_sync[0m[2m:[0m window synced [3mcode[0m[2m=[0m"511380" [3mwindow[0m[2m=[0m2022-06-19..2022-07-18 [3mtotal[0m[2m=[0m133514
[2m2026-09-02T19:11:39.044547Z[0m [32m INFO[0m [2mtushare_sync[0m[2m:[0m window synced [3mcode[0m[2m=[0m"511380" [3mwindow[0m[2m=[0m2022-07-19..2022-08-17 [3mtotal[0m[2m=[0m138816
[2m2026-09-02T19:11:40.034279Z[0m [32m INFO[0m [2mtushare_sync[0m[2m:[0m window synced [3mcode[0m[2m=[0m"511380" [3mwindow[0m[2m=[0m2022-08-18..2022-09-16 [3mtotal[0m[2m=[0m143877
[2m2026-09-02T19:11:41.009840Z[0m [32m INFO[0m [2mtushare_sync[0m[2m:[0m window synced [3mcode[0m[2m=[0m"511380" [3mwindow[0m[2m=[0m2022-09-17..2022-10-16 [3mtotal[0m[2m=[0m147492
[2m2026-09-02T19:11:42.066162Z[0m [32m INFO[0m [2mtushare_sync[0m[2m:[0m window synced [3mcode[0m[2m=[0m"511380" [3mwindow[0m[2m=[0m2022-10-17..2022-11-15 [3mtotal[0m[2m=[0m152794
[2m2026-09-02T19:11:43.034752Z[0m [32m INFO[0m [2mtushare_sync[0m[2m:[0m window synced [3mcode[0m[2m=[0m"511380" [3mwindow[0m[2m=[0m2022-11-16..2022-12-15 [3mtotal[0m[2m=[0m158096
[2m2026-09-02T19:11:44.049283Z[0m [32m INFO[0m [2mtushare_sync[0m[2m:[0m window synced [3mcode[0m[2m=[0m"511380" [3mwindow[0m[2m=[0m2022-12-16..2023-01-14 [3mtotal[0m[2m=[0m162916
[2m2026-09-02T19:11:45.032181Z[0m [32m INFO[0m [2mtushare_sync[0m[2m:[0m window synced [3mcode[0m[2m=[0m"511380" [3mwindow[0m[2m=[0m2023-01-15..2023-02-13 [3mtotal[0m[2m=[0m166772
[2m2026-09-02T19:11:46.081269Z[0m [32m INFO[0m [2mtushare_sync[0m[2m:[0m window synced [3mcode[0m[2m=[0m"511380" [3mwindow[0m[2m=[0m2023-02-14..2023-03-15 [3mtotal[0m[2m=[0m172074
[2m2026-09-02T19:11:47.047582Z[0m [32m INFO[0m [2mtushare_sync[0m[2m:[0m window synced [3mcode[0m[2m=[0m"511380" [3mwindow[0m[2m=[0m2023-03-16..2023-04-14 [3mtotal[0m[2m=[0m177135
[2m2026-09-02T19:11:48.029588Z[0m [32m INFO[0m [2mtushare_sync[0m[2m:[0m window synced [3mcode[0m[2m=[0m"511380" [3mwindow[0m[2m=[0m2023-04-15..2023-05-14 [3mtotal[0m[2m=[0m181232
[2m2026-09-02T19:11:49.069014Z[0m [32m INFO[0m [2mtushare_sync[0m[2m:[0m window synced [3mcode[0m[2m=[0m"511380" [3mwindow[0m[2m=[0m2023-05-15..2023-06-13 [3mtotal[0m[2m=[0m186534
[2m2026-09-02T19:11:50.056559Z[0m [32m INFO[0m [2mtushare_sync[0m[2m:[0m window synced [3mcode[0m[2m=[0m"511380" [3mwindow[0m[2m=[0m2023-06-14..2023-07-13 [3mtotal[0m[2m=[0m191354
[2m2026-09-02T19:11:51.067563Z[0m [32m INFO[0m [2mtushare_sync[0m[2m:[0m window synced [3mcode[0m[2m=[0m"511380" [3mwindow[0m[2m=[0m2023-07-14..2023-08-12 [3mtotal[0m[2m=[0m196415
[2m2026-09-02T19:11:52.056166Z[0m [32m INFO[0m [2mtushare_sync[0m[2m:[0m window synced [3mcode[0m[2m=[0m"511380" [3mwindow[0m[2m=[0m2023-08-13..2023-09-11 [3mtotal[0m[2m=[0m201476
[2m2026-09-02T19:11:53.088209Z[0m [32m INFO[0m [2mtushare_sync[0m[2m:[0m window synced [3mcode[0m[2m=[0m"511380" [3mwindow[0m[2m=[0m2023-09-12..2023-10-11 [3mtotal[0m[2m=[0m205332
[2m2026-09-02T19:11:54.100323Z[0m [32m INFO[0m [2mtushare_sync[0m[2m:[0m window synced [3mcode[0m[2m=[0m"511380" [3mwindow[0m[2m=[0m2023-10-12..2023-11-10 [3mtotal[0m[2m=[0m210634
[2m2026-09-02T19:11:55.085753Z[0m [32m INFO[0m [2mtushare_sync[0m[2m:[0m window synced [3mcode[0m[2m=[0m"511380" [3mwindow[0m[2m=[0m2023-11-11..2023-12-10 [3mtotal[0m[2m=[0m215454
[2m2026-09-02T19:11:56.095475Z[0m [32m INFO[0m [2mtushare_sync[0m[2m:[0m window synced [3mcode[0m[2m=[0m"511380" [3mwindow[0m[2m=[0m2023-12-11..2024-01-09 [3mtotal[0m[2m=[0m220515
[2m2026-09-02T19:11:57.082968Z[0m [32m INFO[0m [2mtushare_sync[0m[2m:[0m window synced [3mcode[0m[2m=[0m"511380" [3mwindow[0m[2m=[0m2024-01-10..2024-02-08 [3mtotal[0m[2m=[0m225817
[2m2026-09-02T19:11:58.044020Z[0m [32m INFO[0m [2mtushare_sync[0m[2m:[0m window synced [3mcode[0m[2m=[0m"511380" [3mwindow[0m[2m=[0m2024-02-09..2024-03-09 [3mtotal[0m[2m=[0m229432
[2m2026-09-02T19:11:59.062011Z[0m [32m INFO[0m [2mtushare_sync[0m[2m:[0m window synced [3mcode[0m[2m=[0m"511380" [3mwindow[0m[2m=[0m2024-03-10..2024-04-08 [3mtotal[0m[2m=[0m234011
[2m2026-09-02T19:12:00.082992Z[0m [32m INFO[0m [2mtushare_sync[0m[2m:[0m window synced [3mcode[0m[2m=[0m"511380" [3mwindow[0m[2m=[0m2024-04-09..2024-05-08 [3mtotal[0m[2m=[0m238590
[2m2026-09-02T19:12:01.100719Z[0m [32m INFO[0m [2mtushare_sync[0m[2m:[0m window synced [3mcode[0m[2m=[0m"511380" [3mwindow[0m[2m=[0m2024-05-09..2024-06-07 [3mtotal[0m[2m=[0m243892
[2m2026-09-02T19:12:02.073913Z[0m [32m INFO[0m [2mtushare_sync[0m[2m:[0m window synced [3mcode[0m[2m=[0m"511380" [3mwindow[0m[2m=[0m2024-06-08..2024-07-07 [3mtotal[0m[2m=[0m248471
[2m2026-09-02T19:12:03.305810Z[0m [32m INFO[0m [2mtushare_sync[0m[2m:[0m window synced [3mcode[0m[2m=[0m"511380" [3mwindow[0m[2m=[0m2024-07-08..2024-08-06 [3mtotal[0m[2m=[0m253773
[2m2026-09-02T19:12:04.126125Z[0m [32m INFO[0m [2mtushare_sync[0m[2m:[0m window synced [3mcode[0m[2m=[0m"511380" [3mwindow[0m[2m=[0m2024-08-07..2024-09-05 [3mtotal[0m[2m=[0m259075
[2m2026-09-02T19:12:05.086179Z[0m [32m INFO[0m [2mtushare_sync[0m[2m:[0m window synced [3mcode[0m[2m=[0m"511380" [3mwindow[0m[2m=[0m2024-09-06..2024-10-05 [3mtotal[0m[2m=[0m262690
[2m2026-09-02T19:12:06.093449Z[0m [32m INFO[0m [2mtushare_sync[0m[2m:[0m window synced [3mcode[0m[2m=[0m"511380" [3mwindow[0m[2m=[0m2024-10-06..2024-11-04 [3mtotal[0m[2m=[0m267510
[2m2026-09-02T19:12:07.153699Z[0m [32m INFO[0m [2mtushare_sync[0m[2m:[0m window synced [3mcode[0m[2m=[0m"511380" [3mwindow[0m[2m=[0m2024-11-05..2024-12-04 [3mtotal[0m[2m=[0m272812
[2m2026-09-02T19:12:08.197095Z[0m [32m INFO[0m [2mtushare_sync[0m[2m:[0m window synced [3mcode[0m[2m=[0m"511380" [3mwindow[0m[2m=[0m2024-12-05..2025-01-03 [3mtotal[0m[2m=[0m277873
[2m2026-09-02T19:12:09.088789Z[0m [32m INFO[0m [2mtushare_sync[0m[2m:[0m window synced [3mcode[0m[2m=[0m"511380" [3mwindow[0m[2m=[0m2025-01-04..2025-02-02 [3mtotal[0m[2m=[0m281729
[2m2026-09-02T19:12:10.070639Z[0m [32m INFO[0m [2mtushare_sync[0m[2m:[0m window synced [3mcode[0m[2m=[0m"511380" [3mwindow[0m[2m=[0m2025-02-03..2025-03-04 [3mtotal[0m[2m=[0m286549
[2m2026-09-02T19:12:11.076349Z[0m [32m INFO[0m [2mtushare_sync[0m[2m:[0m window synced [3mcode[0m[2m=[0m"511380" [3mwindow[0m[2m=[0m2025-03-05..2025-04-03 [3mtotal[0m[2m=[0m291851
[2m2026-09-02T19:12:12.052014Z[0m [32m INFO[0m [2mtushare_sync[0m[2m:[0m window synced [3mcode[0m[2m=[0m"511380" [3mwindow[0m[2m=[0m2025-04-04..2025-05-03 [3mtotal[0m[2m=[0m296189
[2m2026-09-02T19:12:13.056447Z[0m [32m INFO[0m [2mtushare_sync[0m[2m:[0m window synced [3mcode[0m[2m=[0m"511380" [3mwindow[0m[2m=[0m2025-05-04..2025-06-02 [3mtotal[0m[2m=[0m300768
[2m2026-09-02T19:12:14.093087Z[0m [32m INFO[0m [2mtushare_sync[0m[2m:[0m window synced [3mcode[0m[2m=[0m"511380" [3mwindow[0m[2m=[0m2025-06-03..2025-07-02 [3mtotal[0m[2m=[0m306070
[2m2026-09-02T19:12:15.160644Z[0m [32m INFO[0m [2mtushare_sync[0m[2m:[0m window synced [3mcode[0m[2m=[0m"511380" [3mwindow[0m[2m=[0m2025-07-03..2025-08-01 [3mtotal[0m[2m=[0m311372
[2m2026-09-02T19:12:16.075998Z[0m [32m INFO[0m [2mtushare_sync[0m[2m:[0m window synced [3mcode[0m[2m=[0m"511380" [3mwindow[0m[2m=[0m2025-08-02..2025-08-31 [3mtotal[0m[2m=[0m316192
[2m2026-09-02T19:12:17.146116Z[0m [32m INFO[0m [2mtushare_sync[0m[2m:[0m window synced [3mcode[0m[2m=[0m"511380" [3mwindow[0m[2m=[0m2025-09-01..2025-09-30 [3mtotal[0m[2m=[0m321494
[2m2026-09-02T19:12:18.063185Z[0m [32m INFO[0m [2mtushare_sync[0m[2m:[0m window synced [3mcode[0m[2m=[0m"511380" [3mwindow[0m[2m=[0m2025-10-01..2025-10-30 [3mtotal[0m[2m=[0m325350
[2m2026-09-02T19:12:19.076885Z[0m [32m INFO[0m [2mtushare_sync[0m[2m:[0m window synced [3mcode[0m[2m=[0m"511380" [3mwindow[0m[2m=[0m2025-10-31..2025-11-29 [3mtotal[0m[2m=[0m330411
[2m2026-09-02T19:12:20.074010Z[0m [32m INFO[0m [2mtushare_sync[0m[2m:[0m window synced [3mcode[0m[2m=[0m"511380" [3mwindow[0m[2m=[0m2025-11-30..2025-12-29 [3mtotal[0m[2m=[0m335472
[2m2026-09-02T19:12:21.061527Z[0m [32m INFO[0m [2mtushare_sync[0m[2m:[0m window synced [3mcode[0m[2m=[0m"511380" [3mwindow[0m[2m=[0m2025-12-30..2026-01-28 [3mtotal[0m[2m=[0m340292
[2m2026-09-02T19:12:22.054661Z[0m [32m INFO[0m [2mtushare_sync[0m[2m:[0m window synced [3mcode[0m[2m=[0m"511380" [3mwindow[0m[2m=[0m2026-01-29..2026-02-27 [3mtotal[0m[2m=[0m344148
[2m2026-09-02T19:12:23.204488Z[0m [32m INFO[0m [2mtushare_sync[0m[2m:[0m window synced [3mcode[0m[2m=[0m"511380" [3mwindow[0m[2m=[0m2026-02-28..2026-03-29 [3mtotal[0m[2m=[0m348968
[2m2026-09-02T19:12:24.069839Z[0m [32m INFO[0m [2mtushare_sync[0m[2m:[0m window synced [3mcode[0m[2m=[0m"511380" [3mwindow[0m[2m=[0m2026-03-30..2026-04-28 [3mtotal[0m[2m=[0m354029
[2m2026-09-02T19:12:25.073873Z[0m [32m INFO[0m [2mtushare_sync[0m[2m:[0m window synced [3mcode[0m[2m=[0m"511380" [3mwindow[0m[2m=[0m2026-04-29..2026-05-28 [3mtotal[0m[2m=[0m358608
[2m2026-09-02T19:12:26.097353Z[0m [32m INFO[0m [2mtushare_sync[0m[2m:[0m window synced [3mcode[0m[2m=[0m"511380" [3mwindow[0m[2m=[0m2026-05-29..2026-06-27 [3mtotal[0m[2m=[0m363428
[2m2026-09-02T19:12:27.267638Z[0m [32m INFO[0m [2mtushare_sync[0m[2m:[0m window synced [3mcode[0m[2m=[0m"511380" [3mwindow[0m[2m=[0m2026-06-28..2026-07-27 [3mtotal[0m[2m=[0m368489
[2m2026-09-02T19:12:28.073532Z[0m [32m INFO[0m [2mtushare_sync[0m[2m:[0m window synced [3mcode[0m[2m=[0m"511380" [3mwindow[0m[2m=[0m2026-07-28..2026-08-26 [3mtotal[0m[2m=[0m373791
[2m2026-09-02T19:12:28.988465Z[0m [32m INFO[0m [2mtushare_sync[0m[2m:[0m window synced [3mcode[0m[2m=[0m"511380" [3mwindow[0m[2m=[0m2026-08-27..2026-09-03 [3mtotal[0m[2m=[0m374996
[2m2026-09-02T19:12:28.988504Z[0m [32m INFO[0m [2mtushare_sync[0m[2m:[0m === sync done === [3mcode[0m[2m=[0m"511380" [3mbars[0m[2m=[0m374996
[2m2026-09-02T19:12:28.988511Z[0m [32m INFO[0m [2mtushare_sync[0m[2m:[0m === sync start === [3mcode[0m[2m=[0m"512200"
[2m2026-09-02T19:12:35.171280Z[0m [32m INFO[0m [2mtushare_sync[0m[2m:[0m first data year found [3mcode[0m[2m=[0m"512200" [3mfirst_year[0m[2m=[0m2017
[2m2026-09-02T19:12:35.930665Z[0m [32m INFO[0m [2mtushare_sync[0m[2m:[0m window synced [3mcode[0m[2m=[0m"512200" [3mwindow[0m[2m=[0m2017-01-01..2017-01-30 [3mtotal[0m[2m=[0m0
[2m2026-09-02T19:12:36.929455Z[0m [32m INFO[0m [2mtushare_sync[0m[2m:[0m window synced [3mcode[0m[2m=[0m"512200" [3mwindow[0m[2m=[0m2017-01-31..2017-03-01 [3mtotal[0m[2m=[0m0
[2m2026-09-02T19:12:37.931576Z[0m [32m INFO[0m [2mtushare_sync[0m[2m:[0m window synced [3mcode[0m[2m=[0m"512200" [3mwindow[0m[2m=[0m2017-03-02..2017-03-31 [3mtotal[0m[2m=[0m0
[2m2026-09-02T19:12:38.954035Z[0m [32m INFO[0m [2mtushare_sync[0m[2m:[0m window synced [3mcode[0m[2m=[0m"512200" [3mwindow[0m[2m=[0m2017-04-01..2017-04-30 [3mtotal[0m[2m=[0m0
[2m2026-09-02T19:12:39.939979Z[0m [32m INFO[0m [2mtushare_sync[0m[2m:[0m window synced [3mcode[0m[2m=[0m"512200" [3mwindow[0m[2m=[0m2017-05-01..2017-05-30 [3mtotal[0m[2m=[0m0
[2m2026-09-02T19:12:40.940876Z[0m [32m INFO[0m [2mtushare_sync[0m[2m:[0m window synced [3mcode[0m[2m=[0m"512200" [3mwindow[0m[2m=[0m2017-05-31..2017-06-29 [3mtotal[0m[2m=[0m0
[2m2026-09-02T19:12:41.932442Z[0m [32m INFO[0m [2mtushare_sync[0m[2m:[0m window synced [3mcode[0m[2m=[0m"512200" [3mwindow[0m[2m=[0m2017-06-30..2017-07-29 [3mtotal[0m[2m=[0m0
[2m2026-09-02T19:12:42.938904Z[0m [32m INFO[0m [2mtushare_sync[0m[2m:[0m window synced [3mcode[0m[2m=[0m"512200" [3mwindow[0m[2m=[0m2017-07-30..2017-08-28 [3mtotal[0m[2m=[0m0
[2m2026-09-02T19:12:44.070601Z[0m [32m INFO[0m [2mtushare_sync[0m[2m:[0m window synced [3mcode[0m[2m=[0m"512200" [3mwindow[0m[2m=[0m2017-08-29..2017-09-27 [3mtotal[0m[2m=[0m723
[2m2026-09-02T19:12:45.089774Z[0m [32m INFO[0m [2mtushare_sync[0m[2m:[0m window synced [3mcode[0m[2m=[0m"512200" [3mwindow[0m[2m=[0m2017-09-28..2017-10-27 [3mtotal[0m[2m=[0m4820
[2m2026-09-02T19:12:46.072994Z[0m [32m INFO[0m [2mtushare_sync[0m[2m:[0m window synced [3mcode[0m[2m=[0m"512200" [3mwindow[0m[2m=[0m2017-10-28..2017-11-26 [3mtotal[0m[2m=[0m9640
[2m2026-09-02T19:12:47.237492Z[0m [32m INFO[0m [2mtushare_sync[0m[2m:[0m window synced [3mcode[0m[2m=[0m"512200" [3mwindow[0m[2m=[0m2017-11-27..2017-12-26 [3mtotal[0m[2m=[0m14942
[2m2026-09-02T19:12:48.101817Z[0m [32m INFO[0m [2mtushare_sync[0m[2m:[0m window synced [3mcode[0m[2m=[0m"512200" [3mwindow[0m[2m=[0m2017-12-27..2018-01-25 [3mtotal[0m[2m=[0m20003
[2m2026-09-02T19:12:49.080351Z[0m [32m INFO[0m [2mtushare_sync[0m[2m:[0m window synced [3mcode[0m[2m=[0m"512200" [3mwindow[0m[2m=[0m2018-01-26..2018-02-24 [3mtotal[0m[2m=[0m23859
[2m2026-09-02T19:12:50.098839Z[0m [32m INFO[0m [2mtushare_sync[0m[2m:[0m window synced [3mcode[0m[2m=[0m"512200" [3mwindow[0m[2m=[0m2018-02-25..2018-03-26 [3mtotal[0m[2m=[0m28920
[2m2026-09-02T19:12:51.083191Z[0m [32m INFO[0m [2mtushare_sync[0m[2m:[0m window synced [3mcode[0m[2m=[0m"512200" [3mwindow[0m[2m=[0m2018-03-27..2018-04-25 [3mtotal[0m[2m=[0m33740
[2m2026-09-02T19:12:52.096963Z[0m [32m INFO[0m [2mtushare_sync[0m[2m:[0m window synced [3mcode[0m[2m=[0m"512200" [3mwindow[0m[2m=[0m2018-04-26..2018-05-25 [3mtotal[0m[2m=[0m38560
[2m2026-09-02T19:12:53.097453Z[0m [32m INFO[0m [2mtushare_sync[0m[2m:[0m window synced [3mcode[0m[2m=[0m"512200" [3mwindow[0m[2m=[0m2018-05-26..2018-06-24 [3mtotal[0m[2m=[0m43139
[2m2026-09-02T19:12:54.098941Z[0m [32m INFO[0m [2mtushare_sync[0m[2m:[0m window synced [3mcode[0m[2m=[0m"512200" [3mwindow[0m[2m=[0m2018-06-25..2018-07-24 [3mtotal[0m[2m=[0m48441
[2m2026-09-02T19:12:55.095428Z[0m [32m INFO[0m [2mtushare_sync[0m[2m:[0m window synced [3mcode[0m[2m=[0m"512200" [3mwindow[0m[2m=[0m2018-07-25..2018-08-23 [3mtotal[0m[2m=[0m53743
[2m2026-09-02T19:12:56.172051Z[0m [32m INFO[0m [2mtushare_sync[0m[2m:[0m window synced [3mcode[0m[2m=[0m"512200" [3mwindow[0m[2m=[0m2018-08-24..2018-09-22 [3mtotal[0m[2m=[0m58804
[2m2026-09-02T19:12:57.129133Z[0m [32m INFO[0m [2mtushare_sync[0m[2m:[0m window synced [3mcode[0m[2m=[0m"512200" [3mwindow[0m[2m=[0m2018-09-23..2018-10-22 [3mtotal[0m[2m=[0m62419
[2m2026-09-02T19:12:58.103936Z[0m [32m INFO[0m [2mtushare_sync[0m[2m:[0m window synced [3mcode[0m[2m=[0m"512200" [3mwindow[0m[2m=[0m2018-10-23..2018-11-21 [3mtotal[0m[2m=[0m67721
[2m2026-09-02T19:12:59.102001Z[0m [32m INFO[0m [2mtushare_sync[0m[2m:[0m window synced [3mcode[0m[2m=[0m"512200" [3mwindow[0m[2m=[0m2018-11-22..2018-12-21 [3mtotal[0m[2m=[0m73023
[2m2026-09-02T19:13:00.100489Z[0m [32m INFO[0m [2mtushare_sync[0m[2m:[0m window synced [3mcode[0m[2m=[0m"512200" [3mwindow[0m[2m=[0m2018-12-22..2019-01-20 [3mtotal[0m[2m=[0m77361
[2m2026-09-02T19:13:01.077960Z[0m [32m INFO[0m [2mtushare_sync[0m[2m:[0m window synced [3mcode[0m[2m=[0m"512200" [3mwindow[0m[2m=[0m2019-01-21..2019-02-19 [3mtotal[0m[2m=[0m81458
[2m2026-09-02T19:13:02.108851Z[0m [32m INFO[0m [2mtushare_sync[0m[2m:[0m window synced [3mcode[0m[2m=[0m"512200" [3mwindow[0m[2m=[0m2019-02-20..2019-03-21 [3mtotal[0m[2m=[0m86760
[2m2026-09-02T19:13:03.094491Z[0m [32m INFO[0m [2mtushare_sync[0m[2m:[0m window synced [3mcode[0m[2m=[0m"512200" [3mwindow[0m[2m=[0m2019-03-22..2019-04-20 [3mtotal[0m[2m=[0m91580
[2m2026-09-02T19:13:04.195421Z[0m [32m INFO[0m [2mtushare_sync[0m[2m:[0m window synced [3mcode[0m[2m=[0m"512200" [3mwindow[0m[2m=[0m2019-04-21..2019-05-20 [3mtotal[0m[2m=[0m95918
[2m2026-09-02T19:13:05.122462Z[0m [32m INFO[0m [2mtushare_sync[0m[2m:[0m window synced [3mcode[0m[2m=[0m"512200" [3mwindow[0m[2m=[0m2019-05-21..2019-06-19 [3mtotal[0m[2m=[0m100979
[2m2026-09-02T19:13:06.114949Z[0m [32m INFO[0m [2mtushare_sync[0m[2m:[0m window synced [3mcode[0m[2m=[0m"512200" [3mwindow[0m[2m=[0m2019-06-20..2019-07-19 [3mtotal[0m[2m=[0m106281
[2m2026-09-02T19:13:07.237543Z[0m [32m INFO[0m [2mtushare_sync[0m[2m:[0m window synced [3mcode[0m[2m=[0m"512200" [3mwindow[0m[2m=[0m2019-07-20..2019-08-18 [3mtotal[0m[2m=[0m111101
[2m2026-09-02T19:13:08.197736Z[0m [32m INFO[0m [2mtushare_sync[0m[2m:[0m window synced [3mcode[0m[2m=[0m"512200" [3mwindow[0m[2m=[0m2019-08-19..2019-09-17 [3mtotal[0m[2m=[0m116162
[2m2026-09-02T19:13:09.083747Z[0m [32m INFO[0m [2mtushare_sync[0m[2m:[0m window synced [3mcode[0m[2m=[0m"512200" [3mwindow[0m[2m=[0m2019-09-18..2019-10-17 [3mtotal[0m[2m=[0m120259
[2m2026-09-02T19:13:10.543267Z[0m [32m INFO[0m [2mtushare_sync[0m[2m:[0m window synced [3mcode[0m[2m=[0m"512200" [3mwindow[0m[2m=[0m2019-10-18..2019-11-16 [3mtotal[0m[2m=[0m125320
[2m2026-09-02T19:13:11.155785Z[0m [32m INFO[0m [2mtushare_sync[0m[2m:[0m window synced [3mcode[0m[2m=[0m"512200" [3mwindow[0m[2m=[0m2019-11-17..2019-12-16 [3mtotal[0m[2m=[0m130381
[2m2026-09-02T19:13:12.137384Z[0m [32m INFO[0m [2mtushare_sync[0m[2m:[0m window synced [3mcode[0m[2m=[0m"512200" [3mwindow[0m[2m=[0m2019-12-17..2020-01-15 [3mtotal[0m[2m=[0m135442
[2m2026-09-02T19:13:13.098780Z[0m [32m INFO[0m [2mtushare_sync[0m[2m:[0m window synced [3mcode[0m[2m=[0m"512200" [3mwindow[0m[2m=[0m2020-01-16..2020-02-14 [3mtotal[0m[2m=[0m139298
[2m2026-09-02T19:13:14.118208Z[0m [32m INFO[0m [2mtushare_sync[0m[2m:[0m window synced [3mcode[0m[2m=[0m"512200" [3mwindow[0m[2m=[0m2020-02-15..2020-03-15 [3mtotal[0m[2m=[0m144118
[2m2026-09-02T19:13:15.119168Z[0m [32m INFO[0m [2mtushare_sync[0m[2m:[0m window synced [3mcode[0m[2m=[0m"512200" [3mwindow[0m[2m=[0m2020-03-16..2020-04-14 [3mtotal[0m[2m=[0m149179
[2m2026-09-02T19:13:16.090369Z[0m [32m INFO[0m [2mtushare_sync[0m[2m:[0m window synced [3mcode[0m[2m=[0m"512200" [3mwindow[0m[2m=[0m2020-04-15..2020-05-14 [3mtotal[0m[2m=[0m153758
[2m2026-09-02T19:13:17.119551Z[0m [32m INFO[0m [2mtushare_sync[0m[2m:[0m window synced [3mcode[0m[2m=[0m"512200" [3mwindow[0m[2m=[0m2020-05-15..2020-06-13 [3mtotal[0m[2m=[0m158819
[2m2026-09-02T19:13:18.113128Z[0m [32m INFO[0m [2mtushare_sync[0m[2m:[0m window synced [3mcode[0m[2m=[0m"512200" [3mwindow[0m[2m=[0m2020-06-14..2020-07-13 [3mtotal[0m[2m=[0m163398
[2m2026-09-02T19:13:19.136004Z[0m [32m INFO[0m [2mtushare_sync[0m[2m:[0m window synced [3mcode[0m[2m=[0m"512200" [3mwindow[0m[2m=[0m2020-07-14..2020-08-12 [3mtotal[0m[2m=[0m168700
[2m2026-09-02T19:13:20.124920Z[0m [32m INFO[0m [2mtushare_sync[0m[2m:[0m window synced [3mcode[0m[2m=[0m"512200" [3mwindow[0m[2m=[0m2020-08-13..2020-09-11 [3mtotal[0m[2m=[0m174002
[2m2026-09-02T19:13:21.092847Z[0m [32m INFO[0m [2mtushare_sync[0m[2m:[0m window synced [3mcode[0m[2m=[0m"512200" [3mwindow[0m[2m=[0m2020-09-12..2020-10-11 [3mtotal[0m[2m=[0m177376
[2m2026-09-02T19:13:22.147595Z[0m [32m INFO[0m [2mtushare_sync[0m[2m:[0m window synced [3mcode[0m[2m=[0m"512200" [3mwindow[0m[2m=[0m2020-10-12..2020-11-10 [3mtotal[0m[2m=[0m182678
[2m2026-09-02T19:13:23.148244Z[0m [32m INFO[0m [2mtushare_sync[0m[2m:[0m window synced [3mcode[0m[2m=[0m"512200" [3mwindow[0m[2m=[0m2020-11-11..2020-12-10 [3mtotal[0m[2m=[0m187980
[2m2026-09-02T19:13:24.117036Z[0m [32m INFO[0m [2mtushare_sync[0m[2m:[0m window synced [3mcode[0m[2m=[0m"512200" [3mwindow[0m[2m=[0m2020-12-11..2021-01-09 [3mtotal[0m[2m=[0m192800
[2m2026-09-02T19:13:25.141301Z[0m [32m INFO[0m [2mtushare_sync[0m[2m:[0m window synced [3mcode[0m[2m=[0m"512200" [3mwindow[0m[2m=[0m2021-01-10..2021-02-08 [3mtotal[0m[2m=[0m197861
[2m2026-09-02T19:13:26.118936Z[0m [32m INFO[0m [2mtushare_sync[0m[2m:[0m window synced [3mcode[0m[2m=[0m"512200" [3mwindow[0m[2m=[0m2021-02-09..2021-03-10 [3mtotal[0m[2m=[0m201958
[2m2026-09-02T19:13:27.148456Z[0m [32m INFO[0m [2mtushare_sync[0m[2m:[0m window synced [3mcode[0m[2m=[0m"512200" [3mwindow[0m[2m=[0m2021-03-11..2021-04-09 [3mtotal[0m[2m=[0m207019
[2m2026-09-02T19:13:28.129585Z[0m [32m INFO[0m [2mtushare_sync[0m[2m:[0m window synced [3mcode[0m[2m=[0m"512200" [3mwindow[0m[2m=[0m2021-04-10..2021-05-09 [3mtotal[0m[2m=[0m211116
[2m2026-09-02T19:13:29.159177Z[0m [32m INFO[0m [2mtushare_sync[0m[2m:[0m window synced [3mcode[0m[2m=[0m"512200" [3mwindow[0m[2m=[0m2021-05-10..2021-06-08 [3mtotal[0m[2m=[0m216418
[2m2026-09-02T19:13:30.160015Z[0m [32m INFO[0m [2mtushare_sync[0m[2m:[0m window synced [3mcode[0m[2m=[0m"512200" [3mwindow[0m[2m=[0m2021-06-09..2021-07-08 [3mtotal[0m[2m=[0m221479
[2m2026-09-02T19:13:31.146882Z[0m [32m INFO[0m [2mtushare_sync[0m[2m:[0m window synced [3mcode[0m[2m=[0m"512200" [3mwindow[0m[2m=[0m2021-07-09..2021-08-07 [3mtotal[0m[2m=[0m226540
[2m2026-09-02T19:13:32.174874Z[0m [32m INFO[0m [2mtushare_sync[0m[2m:[0m window synced [3mcode[0m[2m=[0m"512200" [3mwindow[0m[2m=[0m2021-08-08..2021-09-06 [3mtotal[0m[2m=[0m231601
[2m2026-09-02T19:13:33.125635Z[0m [32m INFO[0m [2mtushare_sync[0m[2m:[0m window synced [3mcode[0m[2m=[0m"512200" [3mwindow[0m[2m=[0m2021-09-07..2021-10-06 [3mtotal[0m[2m=[0m235457
[2m2026-09-02T19:13:34.208535Z[0m [32m INFO[0m [2mtushare_sync[0m[2m:[0m window synced [3mcode[0m[2m=[0m"512200" [3mwindow[0m[2m=[0m2021-10-07..2021-11-05 [3mtotal[0m[2m=[0m240518
[2m2026-09-02T19:13:35.150765Z[0m [32m INFO[0m [2mtushare_sync[0m[2m:[0m window synced [3mcode[0m[2m=[0m"512200" [3mwindow[0m[2m=[0m2021-11-06..2021-12-05 [3mtotal[0m[2m=[0m245338
[2m2026-09-02T19:13:36.159207Z[0m [32m INFO[0m [2mtushare_sync[0m[2m:[0m window synced [3mcode[0m[2m=[0m"512200" [3mwindow[0m[2m=[0m2021-12-06..2022-01-04 [3mtotal[0m[2m=[0m250399
[2m2026-09-02T19:13:37.154716Z[0m [32m INFO[0m [2mtushare_sync[0m[2m:[0m window synced [3mcode[0m[2m=[0m"512200" [3mwindow[0m[2m=[0m2022-01-05..2022-02-03 [3mtotal[0m[2m=[0m254737
[2m2026-09-02T19:13:38.161820Z[0m [32m INFO[0m [2mtushare_sync[0m[2m:[0m window synced [3mcode[0m[2m=[0m"512200" [3mwindow[0m[2m=[0m2022-02-04..2022-03-05 [3mtotal[0m[2m=[0m259557
[2m2026-09-02T19:13:39.151870Z[0m [32m INFO[0m [2mtushare_sync[0m[2m:[0m window synced [3mcode[0m[2m=[0m"512200" [3mwindow[0m[2m=[0m2022-03-06..2022-04-04 [3mtotal[0m[2m=[0m264377
[2m2026-09-02T19:13:40.145960Z[0m [32m INFO[0m [2mtushare_sync[0m[2m:[0m window synced [3mcode[0m[2m=[0m"512200" [3mwindow[0m[2m=[0m2022-04-05..2022-05-04 [3mtotal[0m[2m=[0m268715
[2m2026-09-02T19:13:41.162400Z[0m [32m INFO[0m [2mtushare_sync[0m[2m:[0m window synced [3mcode[0m[2m=[0m"512200" [3mwindow[0m[2m=[0m2022-05-05..2022-06-03 [3mtotal[0m[2m=[0m273776
[2m2026-09-02T19:13:42.147953Z[0m [32m INFO[0m [2mtushare_sync[0m[2m:[0m window synced [3mcode[0m[2m=[0m"512200" [3mwindow[0m[2m=[0m2022-06-04..2022-07-03 [3mtotal[0m[2m=[0m278596
[2m2026-09-02T19:13:43.181174Z[0m [32m INFO[0m [2mtushare_sync[0m[2m:[0m window synced [3mcode[0m[2m=[0m"512200" [3mwindow[0m[2m=[0m2022-07-04..2022-08-02 [3mtotal[0m[2m=[0m283898
[2m2026-09-02T19:13:44.208908Z[0m [32m INFO[0m [2mtushare_sync[0m[2m:[0m window synced [3mcode[0m[2m=[0m"512200" [3mwindow[0m[2m=[0m2022-08-03..2022-09-01 [3mtotal[0m[2m=[0m289200
[2m2026-09-02T19:13:45.336526Z[0m [32m INFO[0m [2mtushare_sync[0m[2m:[0m window synced [3mcode[0m[2m=[0m"512200" [3mwindow[0m[2m=[0m2022-09-02..2022-10-01 [3mtotal[0m[2m=[0m294020
[2m2026-09-02T19:13:46.141020Z[0m [32m INFO[0m [2mtushare_sync[0m[2m:[0m window synced [3mcode[0m[2m=[0m"512200" [3mwindow[0m[2m=[0m2022-10-02..2022-10-31 [3mtotal[0m[2m=[0m297876
[2m2026-09-02T19:13:47.313254Z[0m [32m INFO[0m [2mtushare_sync[0m[2m:[0m window synced [3mcode[0m[2m=[0m"512200" [3mwindow[0m[2m=[0m2022-11-01..2022-11-30 [3mtotal[0m[2m=[0m303178
[2m2026-09-02T19:13:48.183843Z[0m [32m INFO[0m [2mtushare_sync[0m[2m:[0m window synced [3mcode[0m[2m=[0m"512200" [3mwindow[0m[2m=[0m2022-12-01..2022-12-30 [3mtotal[0m[2m=[0m308480
[2m2026-09-02T19:13:49.162556Z[0m [32m INFO[0m [2mtushare_sync[0m[2m:[0m window synced [3mcode[0m[2m=[0m"512200" [3mwindow[0m[2m=[0m2022-12-31..2023-01-29 [3mtotal[0m[2m=[0m311854
[2m2026-09-02T19:13:50.210567Z[0m [32m INFO[0m [2mtushare_sync[0m[2m:[0m window synced [3mcode[0m[2m=[0m"512200" [3mwindow[0m[2m=[0m2023-01-30..2023-02-28 [3mtotal[0m[2m=[0m317156
[2m2026-09-02T19:13:51.219235Z[0m [32m INFO[0m [2mtushare_sync[0m[2m:[0m window synced [3mcode[0m[2m=[0m"512200" [3mwindow[0m[2m=[0m2023-03-01..2023-03-30 [3mtotal[0m[2m=[0m322458
[2m2026-09-02T19:13:52.191876Z[0m [32m INFO[0m [2mtushare_sync[0m[2m:[0m window synced [3mcode[0m[2m=[0m"512200" [3mwindow[0m[2m=[0m2023-03-31..2023-04-29 [3mtotal[0m[2m=[0m327278
[2m2026-09-02T19:13:53.198010Z[0m [32m INFO[0m [2mtushare_sync[0m[2m:[0m window synced [3mcode[0m[2m=[0m"512200" [3mwindow[0m[2m=[0m2023-04-30..2023-05-29 [3mtotal[0m[2m=[0m331616
[2m2026-09-02T19:13:54.277548Z[0m [32m INFO[0m [2mtushare_sync[0m[2m:[0m window synced [3mcode[0m[2m=[0m"512200" [3mwindow[0m[2m=[0m2023-05-30..2023-06-28 [3mtotal[0m[2m=[0m336436
[2m2026-09-02T19:13:55.205703Z[0m [32m INFO[0m [2mtushare_sync[0m[2m:[0m window synced [3mcode[0m[2m=[0m"512200" [3mwindow[0m[2m=[0m2023-06-29..2023-07-28 [3mtotal[0m[2m=[0m341738
[2m2026-09-02T19:13:56.204673Z[0m [32m INFO[0m [2mtushare_sync[0m[2m:[0m window synced [3mcode[0m[2m=[0m"512200" [3mwindow[0m[2m=[0m2023-07-29..2023-08-27 [3mtotal[0m[2m=[0m346558
[2m2026-09-02T19:13:57.280741Z[0m [32m INFO[0m [2mtushare_sync[0m[2m:[0m window synced [3mcode[0m[2m=[0m"512200" [3mwindow[0m[2m=[0m2023-08-28..2023-09-26 [3mtotal[0m[2m=[0m351860
[2m2026-09-02T19:13:58.217199Z[0m [32m INFO[0m [2mtushare_sync[0m[2m:[0m window synced [3mcode[0m[2m=[0m"512200" [3mwindow[0m[2m=[0m2023-09-27..2023-10-26 [3mtotal[0m[2m=[0m355716
[2m2026-09-02T19:13:59.232157Z[0m [32m INFO[0m [2mtushare_sync[0m[2m:[0m window synced [3mcode[0m[2m=[0m"512200" [3mwindow[0m[2m=[0m2023-10-27..2023-11-25 [3mtotal[0m[2m=[0m360777
[2m2026-09-02T19:14:00.218174Z[0m [32m INFO[0m [2mtushare_sync[0m[2m:[0m window synced [3mcode[0m[2m=[0m"512200" [3mwindow[0m[2m=[0m2023-11-26..2023-12-25 [3mtotal[0m[2m=[0m365838
[2m2026-09-02T19:14:01.226894Z[0m [32m INFO[0m [2mtushare_sync[0m[2m:[0m window synced [3mcode[0m[2m=[0m"512200" [3mwindow[0m[2m=[0m2023-12-26..2024-01-24 [3mtotal[0m[2m=[0m370899
[2m2026-09-02T19:14:02.200682Z[0m [32m INFO[0m [2mtushare_sync[0m[2m:[0m window synced [3mcode[0m[2m=[0m"512200" [3mwindow[0m[2m=[0m2024-01-25..2024-02-23 [3mtotal[0m[2m=[0m374755
[2m2026-09-02T19:14:03.264153Z[0m [32m INFO[0m [2mtushare_sync[0m[2m:[0m window synced [3mcode[0m[2m=[0m"512200" [3mwindow[0m[2m=[0m2024-02-24..2024-03-24 [3mtotal[0m[2m=[0m379575
[2m2026-09-02T19:14:04.213604Z[0m [32m INFO[0m [2mtushare_sync[0m[2m:[0m window synced [3mcode[0m[2m=[0m"512200" [3mwindow[0m[2m=[0m2024-03-25..2024-04-23 [3mtotal[0m[2m=[0m384395
[2m2026-09-02T19:14:05.403790Z[0m [32m INFO[0m [2mtushare_sync[0m[2m:[0m window synced [3mcode[0m[2m=[0m"512200" [3mwindow[0m[2m=[0m2024-04-24..2024-05-23 [3mtotal[0m[2m=[0m388974
[2m2026-09-02T19:14:06.202347Z[0m [32m INFO[0m [2mtushare_sync[0m[2m:[0m window synced [3mcode[0m[2m=[0m"512200" [3mwindow[0m[2m=[0m2024-05-24..2024-06-22 [3mtotal[0m[2m=[0m393794
[2m2026-09-02T19:14:07.352124Z[0m [32m INFO[0m [2mtushare_sync[0m[2m:[0m window synced [3mcode[0m[2m=[0m"512200" [3mwindow[0m[2m=[0m2024-06-23..2024-07-22 [3mtotal[0m[2m=[0m398855
[2m2026-09-02T19:14:08.237413Z[0m [32m INFO[0m [2mtushare_sync[0m[2m:[0m window synced [3mcode[0m[2m=[0m"512200" [3mwindow[0m[2m=[0m2024-07-23..2024-08-21 [3mtotal[0m[2m=[0m404157
[2m2026-09-02T19:14:09.226623Z[0m [32m INFO[0m [2mtushare_sync[0m[2m:[0m window synced [3mcode[0m[2m=[0m"512200" [3mwindow[0m[2m=[0m2024-08-22..2024-09-20 [3mtotal[0m[2m=[0m408977
[2m2026-09-02T19:14:10.309589Z[0m [32m INFO[0m [2mtushare_sync[0m[2m:[0m window synced [3mcode[0m[2m=[0m"512200" [3mwindow[0m[2m=[0m2024-09-21..2024-10-20 [3mtotal[0m[2m=[0m412592
[2m2026-09-02T19:14:11.237218Z[0m [32m INFO[0m [2mtushare_sync[0m[2m:[0m window synced [3mcode[0m[2m=[0m"512200" [3mwindow[0m[2m=[0m2024-10-21..2024-11-19 [3mtotal[0m[2m=[0m417894
[2m2026-09-02T19:14:12.373668Z[0m [32m INFO[0m [2mtushare_sync[0m[2m:[0m window synced [3mcode[0m[2m=[0m"512200" [3mwindow[0m[2m=[0m2024-11-20..2024-12-19 [3mtotal[0m[2m=[0m423196
[2m2026-09-02T19:14:13.304024Z[0m [32m INFO[0m [2mtushare_sync[0m[2m:[0m window synced [3mcode[0m[2m=[0m"512200" [3mwindow[0m[2m=[0m2024-12-20..2025-01-18 [3mtotal[0m[2m=[0m428016
[2m2026-09-02T19:14:14.206142Z[0m [32m INFO[0m [2mtushare_sync[0m[2m:[0m window synced [3mcode[0m[2m=[0m"512200" [3mwindow[0m[2m=[0m2025-01-19..2025-02-17 [3mtotal[0m[2m=[0m431631
[2m2026-09-02T19:14:15.338227Z[0m [32m INFO[0m [2mtushare_sync[0m[2m:[0m window synced [3mcode[0m[2m=[0m"512200" [3mwindow[0m[2m=[0m2025-02-18..2025-03-19 [3mtotal[0m[2m=[0m436933
[2m2026-09-02T19:14:16.212938Z[0m [32m INFO[0m [2mtushare_sync[0m[2m:[0m window synced [3mcode[0m[2m=[0m"512200" [3mwindow[0m[2m=[0m2025-03-20..2025-04-18 [3mtotal[0m[2m=[0m441994
[2m2026-09-02T19:14:17.447075Z[0m [32m INFO[0m [2mtushare_sync[0m[2m:[0m window synced [3mcode[0m[2m=[0m"512200" [3mwindow[0m[2m=[0m2025-04-19..2025-05-18 [3mtotal[0m[2m=[0m446091
[2m2026-09-02T19:14:18.224045Z[0m [32m INFO[0m [2mtushare_sync[0m[2m:[0m window synced [3mcode[0m[2m=[0m"512200" [3mwindow[0m[2m=[0m2025-05-19..2025-06-17 [3mtotal[0m[2m=[0m451152
[2m2026-09-02T19:14:19.218927Z[0m [32m INFO[0m [2mtushare_sync[0m[2m:[0m window synced [3mcode[0m[2m=[0m"512200" [3mwindow[0m[2m=[0m2025-06-18..2025-07-17 [3mtotal[0m[2m=[0m456454
[2m2026-09-02T19:14:20.219607Z[0m [32m INFO[0m [2mtushare_sync[0m[2m:[0m window synced [3mcode[0m[2m=[0m"512200" [3mwindow[0m[2m=[0m2025-07-18..2025-08-16 [3mtotal[0m[2m=[0m461515
[2m2026-09-02T19:14:21.210146Z[0m [32m INFO[0m [2mtushare_sync[0m[2m:[0m window synced [3mcode[0m[2m=[0m"512200" [3mwindow[0m[2m=[0m2025-08-17..2025-09-15 [3mtotal[0m[2m=[0m466576
[2m2026-09-02T19:14:22.182583Z[0m [32m INFO[0m [2mtushare_sync[0m[2m:[0m window synced [3mcode[0m[2m=[0m"512200" [3mwindow[0m[2m=[0m2025-09-16..2025-10-15 [3mtotal[0m[2m=[0m470432
[2m2026-09-02T19:14:23.269207Z[0m [32m INFO[0m [2mtushare_sync[0m[2m:[0m window synced [3mcode[0m[2m=[0m"512200" [3mwindow[0m[2m=[0m2025-10-16..2025-11-14 [3mtotal[0m[2m=[0m475734
[2m2026-09-02T19:14:24.440908Z[0m [32m INFO[0m [2mtushare_sync[0m[2m:[0m window synced [3mcode[0m[2m=[0m"512200" [3mwindow[0m[2m=[0m2025-11-15..2025-12-14 [3mtotal[0m[2m=[0m480554
[2m2026-09-02T19:14:25.215523Z[0m [32m INFO[0m [2mtushare_sync[0m[2m:[0m window synced [3mcode[0m[2m=[0m"512200" [3mwindow[0m[2m=[0m2025-12-15..2026-01-13 [3mtotal[0m[2m=[0m485374
[2m2026-09-02T19:14:26.229713Z[0m [32m INFO[0m [2mtushare_sync[0m[2m:[0m window synced [3mcode[0m[2m=[0m"512200" [3mwindow[0m[2m=[0m2026-01-14..2026-02-12 [3mtotal[0m[2m=[0m490676
[2m2026-09-02T19:14:27.200547Z[0m [32m INFO[0m [2mtushare_sync[0m[2m:[0m window synced [3mcode[0m[2m=[0m"512200" [3mwindow[0m[2m=[0m2026-02-13..2026-03-14 [3mtotal[0m[2m=[0m494291
[2m2026-09-02T19:14:28.193410Z[0m [32m INFO[0m [2mtushare_sync[0m[2m:[0m window synced [3mcode[0m[2m=[0m"512200" [3mwindow[0m[2m=[0m2026-03-15..2026-04-13 [3mtotal[0m[2m=[0m499111
[2m2026-09-02T19:14:29.180132Z[0m [32m INFO[0m [2mtushare_sync[0m[2m:[0m window synced [3mcode[0m[2m=[0m"512200" [3mwindow[0m[2m=[0m2026-04-14..2026-05-13 [3mtotal[0m[2m=[0m503690
[2m2026-09-02T19:14:30.219868Z[0m [32m INFO[0m [2mtushare_sync[0m[2m:[0m window synced [3mcode[0m[2m=[0m"512200" [3mwindow[0m[2m=[0m2026-05-14..2026-06-12 [3mtotal[0m[2m=[0m508992
[2m2026-09-02T19:14:31.198835Z[0m [32m INFO[0m [2mtushare_sync[0m[2m:[0m window synced [3mcode[0m[2m=[0m"512200" [3mwindow[0m[2m=[0m2026-06-13..2026-07-12 [3mtotal[0m[2m=[0m513571
[2m2026-09-02T19:14:32.204888Z[0m [32m INFO[0m [2mtushare_sync[0m[2m:[0m window synced [3mcode[0m[2m=[0m"512200" [3mwindow[0m[2m=[0m2026-07-13..2026-08-11 [3mtotal[0m[2m=[0m518873
[2m2026-09-02T19:14:33.172520Z[0m [32m INFO[0m [2mtushare_sync[0m[2m:[0m window synced [3mcode[0m[2m=[0m"512200" [3mwindow[0m[2m=[0m2026-08-12..2026-09-03 [3mtotal[0m[2m=[0m522729
[2m2026-09-02T19:14:33.172552Z[0m [32m INFO[0m [2mtushare_sync[0m[2m:[0m === sync done === [3mcode[0m[2m=[0m"512200" [3mbars[0m[2m=[0m522729
[2m2026-09-02T19:14:33.172558Z[0m [32m INFO[0m [2mtushare_sync[0m[2m:[0m === sync start === [3mcode[0m[2m=[0m"512480"
[2m2026-09-02T19:14:41.265363Z[0m [32m INFO[0m [2mtushare_sync[0m[2m:[0m first data year found [3mcode[0m[2m=[0m"512480" [3mfirst_year[0m[2m=[0m2019
[2m2026-09-02T19:14:42.084666Z[0m [32m INFO[0m [2mtushare_sync[0m[2m:[0m window synced [3mcode[0m[2m=[0m"512480" [3mwindow[0m[2m=[0m2019-01-01..2019-01-30 [3mtotal[0m[2m=[0m0
[2m2026-09-02T19:14:43.070842Z[0m [32m INFO[0m [2mtushare_sync[0m[2m:[0m window synced [3mcode[0m[2m=[0m"512480" [3mwindow[0m[2m=[0m2019-01-31..2019-03-01 [3mtotal[0m[2m=[0m0
[2m2026-09-02T19:14:44.070377Z[0m [32m INFO[0m [2mtushare_sync[0m[2m:[0m window synced [3mcode[0m[2m=[0m"512480" [3mwindow[0m[2m=[0m2019-03-02..2019-03-31 [3mtotal[0m[2m=[0m0
[2m2026-09-02T19:14:45.071003Z[0m [32m INFO[0m [2mtushare_sync[0m[2m:[0m window synced [3mcode[0m[2m=[0m"512480" [3mwindow[0m[2m=[0m2019-04-01..2019-04-30 [3mtotal[0m[2m=[0m0
[2m2026-09-02T19:14:46.074733Z[0m [32m INFO[0m [2mtushare_sync[0m[2m:[0m window synced [3mcode[0m[2m=[0m"512480" [3mwindow[0m[2m=[0m2019-05-01..2019-05-30 [3mtotal[0m[2m=[0m0
[2m2026-09-02T19:14:47.182212Z[0m [32m INFO[0m [2mtushare_sync[0m[2m:[0m window synced [3mcode[0m[2m=[0m"512480" [3mwindow[0m[2m=[0m2019-05-31..2019-06-29 [3mtotal[0m[2m=[0m3133
[2m2026-09-02T19:14:48.240557Z[0m [32m INFO[0m [2mtushare_sync[0m[2m:[0m window synced [3mcode[0m[2m=[0m"512480" [3mwindow[0m[2m=[0m2019-06-30..2019-07-29 [3mtotal[0m[2m=[0m8194
[2m2026-09-02T19:14:49.239392Z[0m [32m INFO[0m [2mtushare_sync[0m[2m:[0m window synced [3mcode[0m[2m=[0m"512480" [3mwindow[0m[2m=[0m2019-07-30..2019-08-28 [3mtotal[0m[2m=[0m13496
[2m2026-09-02T19:14:50.605176Z[0m [32m INFO[0m [2mtushare_sync[0m[2m:[0m window synced [3mcode[0m[2m=[0m"512480" [3mwindow[0m[2m=[0m2019-08-29..2019-09-27 [3mtotal[0m[2m=[0m18557
[2m2026-09-02T19:14:51.247545Z[0m [32m INFO[0m [2mtushare_sync[0m[2m:[0m window synced [3mcode[0m[2m=[0m"512480" [3mwindow[0m[2m=[0m2019-09-28..2019-10-27 [3mtotal[0m[2m=[0m22172
[2m2026-09-02T19:14:52.286097Z[0m [32m INFO[0m [2mtushare_sync[0m[2m:[0m window synced [3mcode[0m[2m=[0m"512480" [3mwindow[0m[2m=[0m2019-10-28..2019-11-26 [3mtotal[0m[2m=[0m27474
[2m2026-09-02T19:14:53.257290Z[0m [32m INFO[0m [2mtushare_sync[0m[2m:[0m window synced [3mcode[0m[2m=[0m"512480" [3mwindow[0m[2m=[0m2019-11-27..2019-12-26 [3mtotal[0m[2m=[0m32776
[2m2026-09-02T19:14:54.253506Z[0m [32m INFO[0m [2mtushare_sync[0m[2m:[0m window synced [3mcode[0m[2m=[0m"512480" [3mwindow[0m[2m=[0m2019-12-27..2020-01-25 [3mtotal[0m[2m=[0m37355
[2m2026-09-02T19:14:55.211482Z[0m [32m INFO[0m [2mtushare_sync[0m[2m:[0m window synced [3mcode[0m[2m=[0m"512480" [3mwindow[0m[2m=[0m2020-01-26..2020-02-24 [3mtotal[0m[2m=[0m41211
[2m2026-09-02T19:14:56.245430Z[0m [32m INFO[0m [2mtushare_sync[0m[2m:[0m window synced [3mcode[0m[2m=[0m"512480" [3mwindow[0m[2m=[0m2020-02-25..2020-03-25 [3mtotal[0m[2m=[0m46513
[2m2026-09-02T19:14:57.253467Z[0m [32m INFO[0m [2mtushare_sync[0m[2m:[0m window synced [3mcode[0m[2m=[0m"512480" [3mwindow[0m[2m=[0m2020-03-26..2020-04-24 [3mtotal[0m[2m=[0m51574
[2m2026-09-02T19:14:58.226099Z[0m [32m INFO[0m [2mtushare_sync[0m[2m:[0m window synced [3mcode[0m[2m=[0m"512480" [3mwindow[0m[2m=[0m2020-04-25..2020-05-24 [3mtotal[0m[2m=[0m55671
[2m2026-09-02T19:14:59.264703Z[0m [32m INFO[0m [2mtushare_sync[0m[2m:[0m window synced [3mcode[0m[2m=[0m"512480" [3mwindow[0m[2m=[0m2020-05-25..2020-06-23 [3mtotal[0m[2m=[0m60973
[2m2026-09-02T19:15:00.414316Z[0m [32m INFO[0m [2mtushare_sync[0m[2m:[0m window synced [3mcode[0m[2m=[0m"512480" [3mwindow[0m[2m=[0m2020-06-24..2020-07-23 [3mtotal[0m[2m=[0m65793
[2m2026-09-02T19:15:01.245117Z[0m [32m INFO[0m [2mtushare_sync[0m[2m:[0m window synced [3mcode[0m[2m=[0m"512480" [3mwindow[0m[2m=[0m2020-07-24..2020-08-22 [3mtotal[0m[2m=[0m70854
[2m2026-09-02T19:15:02.422709Z[0m [32m INFO[0m [2mtushare_sync[0m[2m:[0m window synced [3mcode[0m[2m=[0m"512480" [3mwindow[0m[2m=[0m2020-08-23..2020-09-21 [3mtotal[0m[2m=[0m75915
[2m2026-09-02T19:15:03.202440Z[0m [32m INFO[0m [2mtushare_sync[0m[2m:[0m window synced [3mcode[0m[2m=[0m"512480" [3mwindow[0m[2m=[0m2020-09-22..2020-10-21 [3mtotal[0m[2m=[0m79771
[2m2026-09-02T19:15:04.253182Z[0m [32m INFO[0m [2mtushare_sync[0m[2m:[0m window synced [3mcode[0m[2m=[0m"512480" [3mwindow[0m[2m=[0m2020-10-22..2020-11-20 [3mtotal[0m[2m=[0m85073
[2m2026-09-02T19:15:05.889791Z[0m [32m INFO[0m [2mtushare_sync[0m[2m:[0m window synced [3mcode[0m[2m=[0m"512480" [3mwindow[0m[2m=[0m2020-11-21..2020-12-20 [3mtotal[0m[2m=[0m89893
[2m2026-09-02T19:15:06.263768Z[0m [32m INFO[0m [2mtushare_sync[0m[2m:[0m window synced [3mcode[0m[2m=[0m"512480" [3mwindow[0m[2m=[0m2020-12-21..2021-01-19 [3mtotal[0m[2m=[0m94954
[2m2026-09-02T19:15:07.292913Z[0m [32m INFO[0m [2mtushare_sync[0m[2m:[0m window synced [3mcode[0m[2m=[0m"512480" [3mwindow[0m[2m=[0m2021-01-20..2021-02-18 [3mtotal[0m[2m=[0m99051
[2m2026-09-02T19:15:08.304949Z[0m [32m INFO[0m [2mtushare_sync[0m[2m:[0m window synced [3mcode[0m[2m=[0m"512480" [3mwindow[0m[2m=[0m2021-02-19..2021-03-20 [3mtotal[0m[2m=[0m104112
[2m2026-09-02T19:15:09.313723Z[0m [32m INFO[0m [2mtushare_sync[0m[2m:[0m window synced [3mcode[0m[2m=[0m"512480" [3mwindow[0m[2m=[0m2021-03-21..2021-04-19 [3mtotal[0m[2m=[0m108932
[2m2026-09-02T19:15:10.316255Z[0m [32m INFO[0m [2mtushare_sync[0m[2m:[0m window synced [3mcode[0m[2m=[0m"512480" [3mwindow[0m[2m=[0m2021-04-20..2021-05-19 [3mtotal[0m[2m=[0m113511
[2m2026-09-02T19:15:11.270666Z[0m [32m INFO[0m [2mtushare_sync[0m[2m:[0m window synced [3mcode[0m[2m=[0m"512480" [3mwindow[0m[2m=[0m2021-05-20..2021-06-18 [3mtotal[0m[2m=[0m118572
[2m2026-09-02T19:15:12.290950Z[0m [32m INFO[0m [2mtushare_sync[0m[2m:[0m window synced [3mcode[0m[2m=[0m"512480" [3mwindow[0m[2m=[0m2021-06-19..2021-07-18 [3mtotal[0m[2m=[0m123392
[2m2026-09-02T19:15:13.273237Z[0m [32m INFO[0m [2mtushare_sync[0m[2m:[0m window synced [3mcode[0m[2m=[0m"512480" [3mwindow[0m[2m=[0m2021-07-19..2021-08-17 [3mtotal[0m[2m=[0m128694
[2m2026-09-02T19:15:14.267132Z[0m [32m INFO[0m [2mtushare_sync[0m[2m:[0m window synced [3mcode[0m[2m=[0m"512480" [3mwindow[0m[2m=[0m2021-08-18..2021-09-16 [3mtotal[0m[2m=[0m133996
[2m2026-09-02T19:15:16.063543Z[0m [32m INFO[0m [2mtushare_sync[0m[2m:[0m window synced [3mcode[0m[2m=[0m"512480" [3mwindow[0m[2m=[0m2021-09-17..2021-10-16 [3mtotal[0m[2m=[0m137370
[2m2026-09-02T19:15:16.276479Z[0m [32m INFO[0m [2mtushare_sync[0m[2m:[0m window synced [3mcode[0m[2m=[0m"512480" [3mwindow[0m[2m=[0m2021-10-17..2021-11-15 [3mtotal[0m[2m=[0m142431
[2m2026-09-02T19:15:17.296128Z[0m [32m INFO[0m [2mtushare_sync[0m[2m:[0m window synced [3mcode[0m[2m=[0m"512480" [3mwindow[0m[2m=[0m2021-11-16..2021-12-15 [3mtotal[0m[2m=[0m147733
[2m2026-09-02T19:15:18.328192Z[0m [32m INFO[0m [2mtushare_sync[0m[2m:[0m window synced [3mcode[0m[2m=[0m"512480" [3mwindow[0m[2m=[0m2021-12-16..2022-01-14 [3mtotal[0m[2m=[0m152794
[2m2026-09-02T19:15:19.245018Z[0m [32m INFO[0m [2mtushare_sync[0m[2m:[0m window synced [3mcode[0m[2m=[0m"512480" [3mwindow[0m[2m=[0m2022-01-15..2022-02-13 [3mtotal[0m[2m=[0m156409
[2m2026-09-02T19:15:20.281921Z[0m [32m INFO[0m [2mtushare_sync[0m[2m:[0m window synced [3mcode[0m[2m=[0m"512480" [3mwindow[0m[2m=[0m2022-02-14..2022-03-15 [3mtotal[0m[2m=[0m161711
[2m2026-09-02T19:15:21.277682Z[0m [32m INFO[0m [2mtushare_sync[0m[2m:[0m window synced [3mcode[0m[2m=[0m"512480" [3mwindow[0m[2m=[0m2022-03-16..2022-04-14 [3mtotal[0m[2m=[0m166531
[2m2026-09-02T19:15:22.332470Z[0m [32m INFO[0m [2mtushare_sync[0m[2m:[0m window synced [3mcode[0m[2m=[0m"512480" [3mwindow[0m[2m=[0m2022-04-15..2022-05-14 [3mtotal[0m[2m=[0m170869
[2m2026-09-02T19:15:23.302873Z[0m [32m INFO[0m [2mtushare_sync[0m[2m:[0m window synced [3mcode[0m[2m=[0m"512480" [3mwindow[0m[2m=[0m2022-05-15..2022-06-13 [3mtotal[0m[2m=[0m175689
[2m2026-09-02T19:15:24.615803Z[0m [32m INFO[0m [2mtushare_sync[0m[2m:[0m window synced [3mcode[0m[2m=[0m"512480" [3mwindow[0m[2m=[0m2022-06-14..2022-07-13 [3mtotal[0m[2m=[0m180991
[2m2026-09-02T19:15:25.289728Z[0m [32m INFO[0m [2mtushare_sync[0m[2m:[0m window synced [3mcode[0m[2m=[0m"512480" [3mwindow[0m[2m=[0m2022-07-14..2022-08-12 [3mtotal[0m[2m=[0m186293
[2m2026-09-02T19:15:26.304428Z[0m [32m INFO[0m [2mtushare_sync[0m[2m:[0m window synced [3mcode[0m[2m=[0m"512480" [3mwindow[0m[2m=[0m2022-08-13..2022-09-11 [3mtotal[0m[2m=[0m191113
[2m2026-09-02T19:15:28.022519Z[0m [32m INFO[0m [2mtushare_sync[0m[2m:[0m window synced [3mcode[0m[2m=[0m"512480" [3mwindow[0m[2m=[0m2022-09-12..2022-10-11 [3mtotal[0m[2m=[0m194969
[2m2026-09-02T19:15:28.320286Z[0m [32m INFO[0m [2mtushare_sync[0m[2m:[0m window synced [3mcode[0m[2m=[0m"512480" [3mwindow[0m[2m=[0m2022-10-12..2022-11-10 [3mtotal[0m[2m=[0m200271
[2m2026-09-02T19:15:29.302254Z[0m [32m INFO[0m [2mtushare_sync[0m[2m:[0m window synced [3mcode[0m[2m=[0m"512480" [3mwindow[0m[2m=[0m2022-11-11..2022-12-10 [3mtotal[0m[2m=[0m205332
[2m2026-09-02T19:15:30.328432Z[0m [32m INFO[0m [2mtushare_sync[0m[2m:[0m window synced [3mcode[0m[2m=[0m"512480" [3mwindow[0m[2m=[0m2022-12-11..2023-01-09 [3mtotal[0m[2m=[0m210152
[2m2026-09-02T19:15:31.324930Z[0m [32m INFO[0m [2mtushare_sync[0m[2m:[0m window synced [3mcode[0m[2m=[0m"512480" [3mwindow[0m[2m=[0m2023-01-10..2023-02-08 [3mtotal[0m[2m=[0m214249
[2m2026-09-02T19:15:32.330042Z[0m [32m INFO[0m [2mtushare_sync[0m[2m:[0m window synced [3mcode[0m[2m=[0m"512480" [3mwindow[0m[2m=[0m2023-02-09..2023-03-10 [3mtotal[0m[2m=[0m219551
[2m2026-09-02T19:15:33.311388Z[0m [32m INFO[0m [2mtushare_sync[0m[2m:[0m window synced [3mcode[0m[2m=[0m"512480" [3mwindow[0m[2m=[0m2023-03-11..2023-04-09 [3mtotal[0m[2m=[0m224130
[2m2026-09-02T19:15:34.357743Z[0m [32m INFO[0m [2mtushare_sync[0m[2m:[0m window synced [3mcode[0m[2m=[0m"512480" [3mwindow[0m[2m=[0m2023-04-10..2023-05-09 [3mtotal[0m[2m=[0m228709
[2m2026-09-02T19:15:35.344469Z[0m [32m INFO[0m [2mtushare_sync[0m[2m:[0m window synced [3mcode[0m[2m=[0m"512480" [3mwindow[0m[2m=[0m2023-05-10..2023-06-08 [3mtotal[0m[2m=[0m234011
[2m2026-09-02T19:15:36.492948Z[0m [32m INFO[0m [2mtushare_sync[0m[2m:[0m window synced [3mcode[0m[2m=[0m"512480" [3mwindow[0m[2m=[0m2023-06-09..2023-07-08 [3mtotal[0m[2m=[0m238590
[2m2026-09-02T19:15:37.391091Z[0m [32m INFO[0m [2mtushare_sync[0m[2m:[0m window synced [3mcode[0m[2m=[0m"512480" [3mwindow[0m[2m=[0m2023-07-09..2023-08-07 [3mtotal[0m[2m=[0m243651
[2m2026-09-02T19:15:38.349605Z[0m [32m INFO[0m [2mtushare_sync[0m[2m:[0m window synced [3mcode[0m[2m=[0m"512480" [3mwindow[0m[2m=[0m2023-08-08..2023-09-06 [3mtotal[0m[2m=[0m248953
[2m2026-09-02T19:15:39.295616Z[0m [32m INFO[0m [2mtushare_sync[0m[2m:[0m window synced [3mcode[0m[2m=[0m"512480" [3mwindow[0m[2m=[0m2023-09-07..2023-10-06 [3mtotal[0m[2m=[0m252809
[2m2026-09-02T19:15:40.368532Z[0m [32m INFO[0m [2mtushare_sync[0m[2m:[0m window synced [3mcode[0m[2m=[0m"512480" [3mwindow[0m[2m=[0m2023-10-07..2023-11-05 [3mtotal[0m[2m=[0m257629
[2m2026-09-02T19:15:41.368580Z[0m [32m INFO[0m [2mtushare_sync[0m[2m:[0m window synced [3mcode[0m[2m=[0m"512480" [3mwindow[0m[2m=[0m2023-11-06..2023-12-05 [3mtotal[0m[2m=[0m262931
[2m2026-09-02T19:15:42.385078Z[0m [32m INFO[0m [2mtushare_sync[0m[2m:[0m window synced [3mcode[0m[2m=[0m"512480" [3mwindow[0m[2m=[0m2023-12-06..2024-01-04 [3mtotal[0m[2m=[0m267992
[2m2026-09-02T19:15:43.368824Z[0m [32m INFO[0m [2mtushare_sync[0m[2m:[0m window synced [3mcode[0m[2m=[0m"512480" [3mwindow[0m[2m=[0m2024-01-05..2024-02-03 [3mtotal[0m[2m=[0m273053
[2m2026-09-02T19:15:44.304546Z[0m [32m INFO[0m [2mtushare_sync[0m[2m:[0m window synced [3mcode[0m[2m=[0m"512480" [3mwindow[0m[2m=[0m2024-02-04..2024-03-04 [3mtotal[0m[2m=[0m276668
[2m2026-09-02T19:15:45.348462Z[0m [32m INFO[0m [2mtushare_sync[0m[2m:[0m window synced [3mcode[0m[2m=[0m"512480" [3mwindow[0m[2m=[0m2024-03-05..2024-04-03 [3mtotal[0m[2m=[0m281970
[2m2026-09-02T19:15:46.471970Z[0m [32m INFO[0m [2mtushare_sync[0m[2m:[0m window synced [3mcode[0m[2m=[0m"512480" [3mwindow[0m[2m=[0m2024-04-04..2024-05-03 [3mtotal[0m[2m=[0m286067
[2m2026-09-02T19:15:47.366793Z[0m [32m INFO[0m [2mtushare_sync[0m[2m:[0m window synced [3mcode[0m[2m=[0m"512480" [3mwindow[0m[2m=[0m2024-05-04..2024-06-02 [3mtotal[0m[2m=[0m290887
[2m2026-09-02T19:15:48.365753Z[0m [32m INFO[0m [2mtushare_sync[0m[2m:[0m window synced [3mcode[0m[2m=[0m"512480" [3mwindow[0m[2m=[0m2024-06-03..2024-07-02 [3mtotal[0m[2m=[0m295948
[2m2026-09-02T19:15:49.364094Z[0m [32m INFO[0m [2mtushare_sync[0m[2m:[0m window synced [3mcode[0m[2m=[0m"512480" [3mwindow[0m[2m=[0m2024-07-03..2024-08-01 [3mtotal[0m[2m=[0m301250
[2m2026-09-02T19:15:51.093597Z[0m [32m INFO[0m [2mtushare_sync[0m[2m:[0m window synced [3mcode[0m[2m=[0m"512480" [3mwindow[0m[2m=[0m2024-08-02..2024-08-31 [3mtotal[0m[2m=[0m306311
[2m2026-09-02T19:15:51.324459Z[0m [32m INFO[0m [2mtushare_sync[0m[2m:[0m window synced [3mcode[0m[2m=[0m"512480" [3mwindow[0m[2m=[0m2024-09-01..2024-09-30 [3mtotal[0m[2m=[0m310890
[2m2026-09-02T19:15:52.318602Z[0m [32m INFO[0m [2mtushare_sync[0m[2m:[0m window synced [3mcode[0m[2m=[0m"512480" [3mwindow[0m[2m=[0m2024-10-01..2024-10-30 [3mtotal[0m[2m=[0m314987
[2m2026-09-02T19:15:54.469674Z[0m [32m INFO[0m [2mtushare_sync[0m[2m:[0m window synced [3mcode[0m[2m=[0m"512480" [3mwindow[0m[2m=[0m2024-10-31..2024-11-29 [3mtotal[0m[2m=[0m320289
[2m2026-09-02T19:15:54.728185Z[0m [32m INFO[0m [2mtushare_sync[0m[2m:[0m window synced [3mcode[0m[2m=[0m"512480" [3mwindow[0m[2m=[0m2024-11-30..2024-12-29 [3mtotal[0m[2m=[0m325109
[2m2026-09-02T19:15:55.800227Z[0m [32m INFO[0m [2mtushare_sync[0m[2m:[0m window synced [3mcode[0m[2m=[0m"512480" [3mwindow[0m[2m=[0m2024-12-30..2025-01-28 [3mtotal[0m[2m=[0m329929
[2m2026-09-02T19:15:56.662978Z[0m [32m INFO[0m [2mtushare_sync[0m[2m:[0m window synced [3mcode[0m[2m=[0m"512480" [3mwindow[0m[2m=[0m2025-01-29..2025-02-27 [3mtotal[0m[2m=[0m334026
[2m2026-09-02T19:15:57.690024Z[0m [32m INFO[0m [2mtushare_sync[0m[2m:[0m window synced [3mcode[0m[2m=[0m"512480" [3mwindow[0m[2m=[0m2025-02-28..2025-03-29 [3mtotal[0m[2m=[0m339087
[2m2026-09-02T19:15:58.704799Z[0m [32m INFO[0m [2mtushare_sync[0m[2m:[0m window synced [3mcode[0m[2m=[0m"512480" [3mwindow[0m[2m=[0m2025-03-30..2025-04-28 [3mtotal[0m[2m=[0m343907
[2m2026-09-02T19:15:59.707419Z[0m [32m INFO[0m [2mtushare_sync[0m[2m:[0m window synced [3mcode[0m[2m=[0m"512480" [3mwindow[0m[2m=[0m2025-04-29..2025-05-28 [3mtotal[0m[2m=[0m348486
[2m2026-09-02T19:16:00.695737Z[0m [32m INFO[0m [2mtushare_sync[0m[2m:[0m window synced [3mcode[0m[2m=[0m"512480" [3mwindow[0m[2m=[0m2025-05-29..2025-06-27 [3mtotal[0m[2m=[0m353547
[2m2026-09-02T19:16:01.693633Z[0m [32m INFO[0m [2mtushare_sync[0m[2m:[0m window synced [3mcode[0m[2m=[0m"512480" [3mwindow[0m[2m=[0m2025-06-28..2025-07-27 [3mtotal[0m[2m=[0m358367
[2m2026-09-02T19:16:02.704790Z[0m [32m INFO[0m [2mtushare_sync[0m[2m:[0m window synced [3mcode[0m[2m=[0m"512480" [3mwindow[0m[2m=[0m2025-07-28..2025-08-26 [3mtotal[0m[2m=[0m363669
[2m2026-09-02T19:16:03.706300Z[0m [32m INFO[0m [2mtushare_sync[0m[2m:[0m window synced [3mcode[0m[2m=[0m"512480" [3mwindow[0m[2m=[0m2025-08-27..2025-09-25 [3mtotal[0m[2m=[0m368971
[2m2026-09-02T19:16:04.665254Z[0m [32m INFO[0m [2mtushare_sync[0m[2m:[0m window synced [3mcode[0m[2m=[0m"512480" [3mwindow[0m[2m=[0m2025-09-26..2025-10-25 [3mtotal[0m[2m=[0m372586
[2m2026-09-02T19:16:05.688726Z[0m [32m INFO[0m [2mtushare_sync[0m[2m:[0m window synced [3mcode[0m[2m=[0m"512480" [3mwindow[0m[2m=[0m2025-10-26..2025-11-24 [3mtotal[0m[2m=[0m377647
[2m2026-09-02T19:16:06.769751Z[0m [32m INFO[0m [2mtushare_sync[0m[2m:[0m window synced [3mcode[0m[2m=[0m"512480" [3mwindow[0m[2m=[0m2025-11-25..2025-12-24 [3mtotal[0m[2m=[0m382949
[2m2026-09-02T19:16:07.735941Z[0m [32m INFO[0m [2mtushare_sync[0m[2m:[0m window synced [3mcode[0m[2m=[0m"512480" [3mwindow[0m[2m=[0m2025-12-25..2026-01-23 [3mtotal[0m[2m=[0m387769
[2m2026-09-02T19:16:08.722499Z[0m [32m INFO[0m [2mtushare_sync[0m[2m:[0m window synced [3mcode[0m[2m=[0m"512480" [3mwindow[0m[2m=[0m2026-01-24..2026-02-22 [3mtotal[0m[2m=[0m391384
[2m2026-09-02T19:16:09.688625Z[0m [32m INFO[0m [2mtushare_sync[0m[2m:[0m window synced [3mcode[0m[2m=[0m"512480" [3mwindow[0m[2m=[0m2026-02-23..2026-03-24 [3mtotal[0m[2m=[0m396445
[2m2026-09-02T19:16:11.035977Z[0m [32m INFO[0m [2mtushare_sync[0m[2m:[0m window synced [3mcode[0m[2m=[0m"512480" [3mwindow[0m[2m=[0m2026-03-25..2026-04-23 [3mtotal[0m[2m=[0m401506
[2m2026-09-02T19:16:11.727624Z[0m [32m INFO[0m [2mtushare_sync[0m[2m:[0m window synced [3mcode[0m[2m=[0m"512480" [3mwindow[0m[2m=[0m2026-04-24..2026-05-23 [3mtotal[0m[2m=[0m405844
[2m2026-09-02T19:16:12.715629Z[0m [32m INFO[0m [2mtushare_sync[0m[2m:[0m window synced [3mcode[0m[2m=[0m"512480" [3mwindow[0m[2m=[0m2026-05-24..2026-06-22 [3mtotal[0m[2m=[0m410664
[2m2026-09-02T19:16:13.817238Z[0m [32m INFO[0m [2mtushare_sync[0m[2m:[0m window synced [3mcode[0m[2m=[0m"512480" [3mwindow[0m[2m=[0m2026-06-23..2026-07-22 [3mtotal[0m[2m=[0m415966
[2m2026-09-02T19:16:14.717599Z[0m [32m INFO[0m [2mtushare_sync[0m[2m:[0m window synced [3mcode[0m[2m=[0m"512480" [3mwindow[0m[2m=[0m2026-07-23..2026-08-21 [3mtotal[0m[2m=[0m421268
[2m2026-09-02T19:16:15.625227Z[0m [32m INFO[0m [2mtushare_sync[0m[2m:[0m window synced [3mcode[0m[2m=[0m"512480" [3mwindow[0m[2m=[0m2026-08-22..2026-09-03 [3mtotal[0m[2m=[0m423196
[2m2026-09-02T19:16:15.625259Z[0m [32m INFO[0m [2mtushare_sync[0m[2m:[0m === sync done === [3mcode[0m[2m=[0m"512480" [3mbars[0m[2m=[0m423196
[2m2026-09-02T19:16:15.625266Z[0m [32m INFO[0m [2mtushare_sync[0m[2m:[0m === sync start === [3mcode[0m[2m=[0m"512670"
[2m2026-09-02T19:16:23.724551Z[0m [32m INFO[0m [2mtushare_sync[0m[2m:[0m first data year found [3mcode[0m[2m=[0m"512670" [3mfirst_year[0m[2m=[0m2019
[2m2026-09-02T19:16:24.580515Z[0m [32m INFO[0m [2mtushare_sync[0m[2m:[0m window synced [3mcode[0m[2m=[0m"512670" [3mwindow[0m[2m=[0m2019-01-01..2019-01-30 [3mtotal[0m[2m=[0m0
[2m2026-09-02T19:16:25.592545Z[0m [32m INFO[0m [2mtushare_sync[0m[2m:[0m window synced [3mcode[0m[2m=[0m"512670" [3mwindow[0m[2m=[0m2019-01-31..2019-03-01 [3mtotal[0m[2m=[0m0
[2m2026-09-02T19:16:26.577736Z[0m [32m INFO[0m [2mtushare_sync[0m[2m:[0m window synced [3mcode[0m[2m=[0m"512670" [3mwindow[0m[2m=[0m2019-03-02..2019-03-31 [3mtotal[0m[2m=[0m0
[2m2026-09-02T19:16:27.572301Z[0m [32m INFO[0m [2mtushare_sync[0m[2m:[0m window synced [3mcode[0m[2m=[0m"512670" [3mwindow[0m[2m=[0m2019-04-01..2019-04-30 [3mtotal[0m[2m=[0m0
[2m2026-09-02T19:16:28.605462Z[0m [32m INFO[0m [2mtushare_sync[0m[2m:[0m window synced [3mcode[0m[2m=[0m"512670" [3mwindow[0m[2m=[0m2019-05-01..2019-05-30 [3mtotal[0m[2m=[0m0
[2m2026-09-02T19:16:29.613854Z[0m [32m INFO[0m [2mtushare_sync[0m[2m:[0m window synced [3mcode[0m[2m=[0m"512670" [3mwindow[0m[2m=[0m2019-05-31..2019-06-29 [3mtotal[0m[2m=[0m0
[2m2026-09-02T19:16:30.671081Z[0m [32m INFO[0m [2mtushare_sync[0m[2m:[0m window synced [3mcode[0m[2m=[0m"512670" [3mwindow[0m[2m=[0m2019-06-30..2019-07-29 [3mtotal[0m[2m=[0m0
[2m2026-09-02T19:16:31.895041Z[0m [32m INFO[0m [2mtushare_sync[0m[2m:[0m window synced [3mcode[0m[2m=[0m"512670" [3mwindow[0m[2m=[0m2019-07-30..2019-08-28 [3mtotal[0m[2m=[0m4820
[2m2026-09-02T19:16:32.779260Z[0m [32m INFO[0m [2mtushare_sync[0m[2m:[0m window synced [3mcode[0m[2m=[0m"512670" [3mwindow[0m[2m=[0m2019-08-29..2019-09-27 [3mtotal[0m[2m=[0m9881
[2m2026-09-02T19:16:33.670819Z[0m [32m INFO[0m [2mtushare_sync[0m[2m:[0m window synced [3mcode[0m[2m=[0m"512670" [3mwindow[0m[2m=[0m2019-09-28..2019-10-27 [3mtotal[0m[2m=[0m13496
[2m2026-09-02T19:16:34.741317Z[0m [32m INFO[0m [2mtushare_sync[0m[2m:[0m window synced [3mcode[0m[2m=[0m"512670" [3mwindow[0m[2m=[0m2019-10-28..2019-11-26 [3mtotal[0m[2m=[0m18798
[2m2026-09-02T19:16:35.739346Z[0m [32m INFO[0m [2mtushare_sync[0m[2m:[0m window synced [3mcode[0m[2m=[0m"512670" [3mwindow[0m[2m=[0m2019-11-27..2019-12-26 [3mtotal[0m[2m=[0m24100
[2m2026-09-02T19:16:36.740759Z[0m [32m INFO[0m [2mtushare_sync[0m[2m:[0m window synced [3mcode[0m[2m=[0m"512670" [3mwindow[0m[2m=[0m2019-12-27..2020-01-25 [3mtotal[0m[2m=[0m28679
[2m2026-09-02T19:16:37.753140Z[0m [32m INFO[0m [2mtushare_sync[0m[2m:[0m window synced [3mcode[0m[2m=[0m"512670" [3mwindow[0m[2m=[0m2020-01-26..2020-02-24 [3mtotal[0m[2m=[0m32535
[2m2026-09-02T19:16:38.741172Z[0m [32m INFO[0m [2mtushare_sync[0m[2m:[0m window synced [3mcode[0m[2m=[0m"512670" [3mwindow[0m[2m=[0m2020-02-25..2020-03-25 [3mtotal[0m[2m=[0m37837
[2m2026-09-02T19:16:39.735738Z[0m [32m INFO[0m [2mtushare_sync[0m[2m:[0m window synced [3mcode[0m[2m=[0m"512670" [3mwindow[0m[2m=[0m2020-03-26..2020-04-24 [3mtotal[0m[2m=[0m42898
[2m2026-09-02T19:16:40.696766Z[0m [32m INFO[0m [2mtushare_sync[0m[2m:[0m window synced [3mcode[0m[2m=[0m"512670" [3mwindow[0m[2m=[0m2020-04-25..2020-05-24 [3mtotal[0m[2m=[0m46995
[2m2026-09-02T19:16:41.814140Z[0m [32m INFO[0m [2mtushare_sync[0m[2m:[0m window synced [3mcode[0m[2m=[0m"512670" [3mwindow[0m[2m=[0m2020-05-25..2020-06-23 [3mtotal[0m[2m=[0m52297
[2m2026-09-02T19:16:42.733311Z[0m [32m INFO[0m [2mtushare_sync[0m[2m:[0m window synced [3mcode[0m[2m=[0m"512670" [3mwindow[0m[2m=[0m2020-06-24..2020-07-23 [3mtotal[0m[2m=[0m57117
[2m2026-09-02T19:16:43.739587Z[0m [32m INFO[0m [2mtushare_sync[0m[2m:[0m window synced [3mcode[0m[2m=[0m"512670" [3mwindow[0m[2m=[0m2020-07-24..2020-08-22 [3mtotal[0m[2m=[0m62178
[2m2026-09-02T19:16:44.742922Z[0m [32m INFO[0m [2mtushare_sync[0m[2m:[0m window synced [3mcode[0m[2m=[0m"512670" [3mwindow[0m[2m=[0m2020-08-23..2020-09-21 [3mtotal[0m[2m=[0m67239
[2m2026-09-02T19:16:45.703593Z[0m [32m INFO[0m [2mtushare_sync[0m[2m:[0m window synced [3mcode[0m[2m=[0m"512670" [3mwindow[0m[2m=[0m2020-09-22..2020-10-21 [3mtotal[0m[2m=[0m71095
[2m2026-09-02T19:16:46.755668Z[0m [32m INFO[0m [2mtushare_sync[0m[2m:[0m window synced [3mcode[0m[2m=[0m"512670" [3mwindow[0m[2m=[0m2020-10-22..2020-11-20 [3mtotal[0m[2m=[0m76397
[2m2026-09-02T19:16:47.728490Z[0m [32m INFO[0m [2mtushare_sync[0m[2m:[0m window synced [3mcode[0m[2m=[0m"512670" [3mwindow[0m[2m=[0m2020-11-21..2020-12-20 [3mtotal[0m[2m=[0m81217
[2m2026-09-02T19:16:48.760642Z[0m [32m INFO[0m [2mtushare_sync[0m[2m:[0m window synced [3mcode[0m[2m=[0m"512670" [3mwindow[0m[2m=[0m2020-12-21..2021-01-19 [3mtotal[0m[2m=[0m86278
[2m2026-09-02T19:16:49.743487Z[0m [32m INFO[0m [2mtushare_sync[0m[2m:[0m window synced [3mcode[0m[2m=[0m"512670" [3mwindow[0m[2m=[0m2021-01-20..2021-02-18 [3mtotal[0m[2m=[0m90375
[2m2026-09-02T19:16:50.763739Z[0m [32m INFO[0m [2mtushare_sync[0m[2m:[0m window synced [3mcode[0m[2m=[0m"512670" [3mwindow[0m[2m=[0m2021-02-19..2021-03-20 [3mtotal[0m[2m=[0m95436
[2m2026-09-02T19:16:51.738845Z[0m [32m INFO[0m [2mtushare_sync[0m[2m:[0m window synced [3mcode[0m[2m=[0m"512670" [3mwindow[0m[2m=[0m2021-03-21..2021-04-19 [3mtotal[0m[2m=[0m100256
[2m2026-09-02T19:16:52.745950Z[0m [32m INFO[0m [2mtushare_sync[0m[2m:[0m window synced [3mcode[0m[2m=[0m"512670" [3mwindow[0m[2m=[0m2021-04-20..2021-05-19 [3mtotal[0m[2m=[0m104835
[2m2026-09-02T19:16:53.759397Z[0m [32m INFO[0m [2mtushare_sync[0m[2m:[0m window synced [3mcode[0m[2m=[0m"512670" [3mwindow[0m[2m=[0m2021-05-20..2021-06-18 [3mtotal[0m[2m=[0m109896
[2m2026-09-02T19:16:54.752378Z[0m [32m INFO[0m [2mtushare_sync[0m[2m:[0m window synced [3mcode[0m[2m=[0m"512670" [3mwindow[0m[2m=[0m2021-06-19..2021-07-18 [3mtotal[0m[2m=[0m114716
[2m2026-09-02T19:16:55.758715Z[0m [32m INFO[0m [2mtushare_sync[0m[2m:[0m window synced [3mcode[0m[2m=[0m"512670" [3mwindow[0m[2m=[0m2021-07-19..2021-08-17 [3mtotal[0m[2m=[0m120018
[2m2026-09-02T19:16:56.776288Z[0m [32m INFO[0m [2mtushare_sync[0m[2m:[0m window synced [3mcode[0m[2m=[0m"512670" [3mwindow[0m[2m=[0m2021-08-18..2021-09-16 [3mtotal[0m[2m=[0m125320
[2m2026-09-02T19:16:57.712606Z[0m [32m INFO[0m [2mtushare_sync[0m[2m:[0m window synced [3mcode[0m[2m=[0m"512670" [3mwindow[0m[2m=[0m2021-09-17..2021-10-16 [3mtotal[0m[2m=[0m128694
[2m2026-09-02T19:16:58.782878Z[0m [32m INFO[0m [2mtushare_sync[0m[2m:[0m window synced [3mcode[0m[2m=[0m"512670" [3mwindow[0m[2m=[0m2021-10-17..2021-11-15 [3mtotal[0m[2m=[0m133755
[2m2026-09-02T19:16:59.781960Z[0m [32m INFO[0m [2mtushare_sync[0m[2m:[0m window synced [3mcode[0m[2m=[0m"512670" [3mwindow[0m[2m=[0m2021-11-16..2021-12-15 [3mtotal[0m[2m=[0m139057
[2m2026-09-02T19:17:00.774187Z[0m [32m INFO[0m [2mtushare_sync[0m[2m:[0m window synced [3mcode[0m[2m=[0m"512670" [3mwindow[0m[2m=[0m2021-12-16..2022-01-14 [3mtotal[0m[2m=[0m144118
[2m2026-09-02T19:17:01.755015Z[0m [32m INFO[0m [2mtushare_sync[0m[2m:[0m window synced [3mcode[0m[2m=[0m"512670" [3mwindow[0m[2m=[0m2022-01-15..2022-02-13 [3mtotal[0m[2m=[0m147733
[2m2026-09-02T19:17:02.783756Z[0m [32m INFO[0m [2mtushare_sync[0m[2m:[0m window synced [3mcode[0m[2m=[0m"512670" [3mwindow[0m[2m=[0m2022-02-14..2022-03-15 [3mtotal[0m[2m=[0m153035
[2m2026-09-02T19:17:03.756289Z[0m [32m INFO[0m [2mtushare_sync[0m[2m:[0m window synced [3mcode[0m[2m=[0m"512670" [3mwindow[0m[2m=[0m2022-03-16..2022-04-14 [3mtotal[0m[2m=[0m157855
[2m2026-09-02T19:17:04.930787Z[0m [32m INFO[0m [2mtushare_sync[0m[2m:[0m window synced [3mcode[0m[2m=[0m"512670" [3mwindow[0m[2m=[0m2022-04-15..2022-05-14 [3mtotal[0m[2m=[0m162193
[2m2026-09-02T19:17:05.759999Z[0m [32m INFO[0m [2mtushare_sync[0m[2m:[0m window synced [3mcode[0m[2m=[0m"512670" [3mwindow[0m[2m=[0m2022-05-15..2022-06-13 [3mtotal[0m[2m=[0m167013
[2m2026-09-02T19:17:06.916864Z[0m [32m INFO[0m [2mtushare_sync[0m[2m:[0m window synced [3mcode[0m[2m=[0m"512670" [3mwindow[0m[2m=[0m2022-06-14..2022-07-13 [3mtotal[0m[2m=[0m172315
[2m2026-09-02T19:17:07.893232Z[0m [32m INFO[0m [2mtushare_sync[0m[2m:[0m window synced [3mcode[0m[2m=[0m"512670" [3mwindow[0m[2m=[0m2022-07-14..2022-08-12 [3mtotal[0m[2m=[0m177617
[2m2026-09-02T19:17:08.821180Z[0m [32m INFO[0m [2mtushare_sync[0m[2m:[0m window synced [3mcode[0m[2m=[0m"512670" [3mwindow[0m[2m=[0m2022-08-13..2022-09-11 [3mtotal[0m[2m=[0m182437
[2m2026-09-02T19:17:09.814795Z[0m [32m INFO[0m [2mtushare_sync[0m[2m:[0m window synced [3mcode[0m[2m=[0m"512670" [3mwindow[0m[2m=[0m2022-09-12..2022-10-11 [3mtotal[0m[2m=[0m186293
[2m2026-09-02T19:17:10.778189Z[0m [32m INFO[0m [2mtushare_sync[0m[2m:[0m window synced [3mcode[0m[2m=[0m"512670" [3mwindow[0m[2m=[0m2022-10-12..2022-11-10 [3mtotal[0m[2m=[0m191595
[2m2026-09-02T19:17:11.858699Z[0m [32m INFO[0m [2mtushare_sync[0m[2m:[0m window synced [3mcode[0m[2m=[0m"512670" [3mwindow[0m[2m=[0m2022-11-11..2022-12-10 [3mtotal[0m[2m=[0m196656
[2m2026-09-02T19:17:13.277937Z[0m [32m INFO[0m [2mtushare_sync[0m[2m:[0m window synced [3mcode[0m[2m=[0m"512670" [3mwindow[0m[2m=[0m2022-12-11..2023-01-09 [3mtotal[0m[2m=[0m201476
[2m2026-09-02T19:17:13.911892Z[0m [32m INFO[0m [2mtushare_sync[0m[2m:[0m window synced [3mcode[0m[2m=[0m"512670" [3mwindow[0m[2m=[0m2023-01-10..2023-02-08 [3mtotal[0m[2m=[0m205573
[2m2026-09-02T19:17:15.200669Z[0m [32m INFO[0m [2mtushare_sync[0m[2m:[0m window synced [3mcode[0m[2m=[0m"512670" [3mwindow[0m[2m=[0m2023-02-09..2023-03-10 [3mtotal[0m[2m=[0m210875
[2m2026-09-02T19:17:15.798004Z[0m [32m INFO[0m [2mtushare_sync[0m[2m:[0m window synced [3mcode[0m[2m=[0m"512670" [3mwindow[0m[2m=[0m2023-03-11..2023-04-09 [3mtotal[0m[2m=[0m215454
[2m2026-09-02T19:17:16.797936Z[0m [32m INFO[0m [2mtushare_sync[0m[2m:[0m window synced [3mcode[0m[2m=[0m"512670" [3mwindow[0m[2m=[0m2023-04-10..2023-05-09 [3mtotal[0m[2m=[0m220033
[2m2026-09-02T19:17:17.874477Z[0m [32m INFO[0m [2mtushare_sync[0m[2m:[0m window synced [3mcode[0m[2m=[0m"512670" [3mwindow[0m[2m=[0m2023-05-10..2023-06-08 [3mtotal[0m[2m=[0m225335
[2m2026-09-02T19:17:18.794629Z[0m [32m INFO[0m [2mtushare_sync[0m[2m:[0m window synced [3mcode[0m[2m=[0m"512670" [3mwindow[0m[2m=[0m2023-06-09..2023-07-08 [3mtotal[0m[2m=[0m229914
[2m2026-09-02T19:17:19.806207Z[0m [32m INFO[0m [2mtushare_sync[0m[2m:[0m window synced [3mcode[0m[2m=[0m"512670" [3mwindow[0m[2m=[0m2023-07-09..2023-08-07 [3mtotal[0m[2m=[0m234975
[2m2026-09-02T19:17:20.999785Z[0m [32m INFO[0m [2mtushare_sync[0m[2m:[0m window synced [3mcode[0m[2m=[0m"512670" [3mwindow[0m[2m=[0m2023-08-08..2023-09-06 [3mtotal[0m[2m=[0m240277
[2m2026-09-02T19:17:21.769281Z[0m [32m INFO[0m [2mtushare_sync[0m[2m:[0m window synced [3mcode[0m[2m=[0m"512670" [3mwindow[0m[2m=[0m2023-09-07..2023-10-06 [3mtotal[0m[2m=[0m244133
[2m2026-09-02T19:17:22.824706Z[0m [32m INFO[0m [2mtushare_sync[0m[2m:[0m window synced [3mcode[0m[2m=[0m"512670" [3mwindow[0m[2m=[0m2023-10-07..2023-11-05 [3mtotal[0m[2m=[0m248953
[2m2026-09-02T19:17:23.846181Z[0m [32m INFO[0m [2mtushare_sync[0m[2m:[0m window synced [3mcode[0m[2m=[0m"512670" [3mwindow[0m[2m=[0m2023-11-06..2023-12-05 [3mtotal[0m[2m=[0m254255
[2m2026-09-02T19:17:24.824886Z[0m [32m INFO[0m [2mtushare_sync[0m[2m:[0m window synced [3mcode[0m[2m=[0m"512670" [3mwindow[0m[2m=[0m2023-12-06..2024-01-04 [3mtotal[0m[2m=[0m259316
[2m2026-09-02T19:17:25.814581Z[0m [32m INFO[0m [2mtushare_sync[0m[2m:[0m window synced [3mcode[0m[2m=[0m"512670" [3mwindow[0m[2m=[0m2024-01-05..2024-02-03 [3mtotal[0m[2m=[0m264377
[2m2026-09-02T19:17:26.785667Z[0m [32m INFO[0m [2mtushare_sync[0m[2m:[0m window synced [3mcode[0m[2m=[0m"512670" [3mwindow[0m[2m=[0m2024-02-04..2024-03-04 [3mtotal[0m[2m=[0m267992
[2m2026-09-02T19:17:27.817063Z[0m [32m INFO[0m [2mtushare_sync[0m[2m:[0m window synced [3mcode[0m[2m=[0m"512670" [3mwindow[0m[2m=[0m2024-03-05..2024-04-03 [3mtotal[0m[2m=[0m273294
[2m2026-09-02T19:17:28.790932Z[0m [32m INFO[0m [2mtushare_sync[0m[2m:[0m window synced [3mcode[0m[2m=[0m"512670" [3mwindow[0m[2m=[0m2024-04-04..2024-05-03 [3mtotal[0m[2m=[0m277391
[2m2026-09-02T19:17:29.814601Z[0m [32m INFO[0m [2mtushare_sync[0m[2m:[0m window synced [3mcode[0m[2m=[0m"512670" [3mwindow[0m[2m=[0m2024-05-04..2024-06-02 [3mtotal[0m[2m=[0m282211
[2m2026-09-02T19:17:30.801539Z[0m [32m INFO[0m [2mtushare_sync[0m[2m:[0m window synced [3mcode[0m[2m=[0m"512670" [3mwindow[0m[2m=[0m2024-06-03..2024-07-02 [3mtotal[0m[2m=[0m287272
[2m2026-09-02T19:17:31.821362Z[0m [32m INFO[0m [2mtushare_sync[0m[2m:[0m window synced [3mcode[0m[2m=[0m"512670" [3mwindow[0m[2m=[0m2024-07-03..2024-08-01 [3mtotal[0m[2m=[0m292574
[2m2026-09-02T19:17:32.825326Z[0m [32m INFO[0m [2mtushare_sync[0m[2m:[0m window synced [3mcode[0m[2m=[0m"512670" [3mwindow[0m[2m=[0m2024-08-02..2024-08-31 [3mtotal[0m[2m=[0m297635
[2m2026-09-02T19:17:33.805046Z[0m [32m INFO[0m [2mtushare_sync[0m[2m:[0m window synced [3mcode[0m[2m=[0m"512670" [3mwindow[0m[2m=[0m2024-09-01..2024-09-30 [3mtotal[0m[2m=[0m302214
[2m2026-09-02T19:17:35.331208Z[0m [32m INFO[0m [2mtushare_sync[0m[2m:[0m window synced [3mcode[0m[2m=[0m"512670" [3mwindow[0m[2m=[0m2024-10-01..2024-10-30 [3mtotal[0m[2m=[0m306311
[2m2026-09-02T19:17:35.841288Z[0m [32m INFO[0m [2mtushare_sync[0m[2m:[0m window synced [3mcode[0m[2m=[0m"512670" [3mwindow[0m[2m=[0m2024-10-31..2024-11-29 [3mtotal[0m[2m=[0m311613
[2m2026-09-02T19:17:36.809310Z[0m [32m INFO[0m [2mtushare_sync[0m[2m:[0m window synced [3mcode[0m[2m=[0m"512670" [3mwindow[0m[2m=[0m2024-11-30..2024-12-29 [3mtotal[0m[2m=[0m316433
[2m2026-09-02T19:17:37.861436Z[0m [32m INFO[0m [2mtushare_sync[0m[2m:[0m window synced [3mcode[0m[2m=[0m"512670" [3mwindow[0m[2m=[0m2024-12-30..2025-01-28 [3mtotal[0m[2m=[0m321253
[2m2026-09-02T19:17:38.767652Z[0m [32m INFO[0m [2mtushare_sync[0m[2m:[0m window synced [3mcode[0m[2m=[0m"512670" [3mwindow[0m[2m=[0m2025-01-29..2025-02-27 [3mtotal[0m[2m=[0m325350
[2m2026-09-02T19:17:39.814334Z[0m [32m INFO[0m [2mtushare_sync[0m[2m:[0m window synced [3mcode[0m[2m=[0m"512670" [3mwindow[0m[2m=[0m2025-02-28..2025-03-29 [3mtotal[0m[2m=[0m330411
[2m2026-09-02T19:17:40.790426Z[0m [32m INFO[0m [2mtushare_sync[0m[2m:[0m window synced [3mcode[0m[2m=[0m"512670" [3mwindow[0m[2m=[0m2025-03-30..2025-04-28 [3mtotal[0m[2m=[0m335231
[2m2026-09-02T19:17:41.798204Z[0m [32m INFO[0m [2mtushare_sync[0m[2m:[0m window synced [3mcode[0m[2m=[0m"512670" [3mwindow[0m[2m=[0m2025-04-29..2025-05-28 [3mtotal[0m[2m=[0m339810
[2m2026-09-02T19:17:42.800111Z[0m [32m INFO[0m [2mtushare_sync[0m[2m:[0m window synced [3mcode[0m[2m=[0m"512670" [3mwindow[0m[2m=[0m2025-05-29..2025-06-27 [3mtotal[0m[2m=[0m344871
[2m2026-09-02T19:17:43.810122Z[0m [32m INFO[0m [2mtushare_sync[0m[2m:[0m window synced [3mcode[0m[2m=[0m"512670" [3mwindow[0m[2m=[0m2025-06-28..2025-07-27 [3mtotal[0m[2m=[0m349691
[2m2026-09-02T19:17:44.863916Z[0m [32m INFO[0m [2mtushare_sync[0m[2m:[0m window synced [3mcode[0m[2m=[0m"512670" [3mwindow[0m[2m=[0m2025-07-28..2025-08-26 [3mtotal[0m[2m=[0m354993
[2m2026-09-02T19:17:45.856810Z[0m [32m INFO[0m [2mtushare_sync[0m[2m:[0m window synced [3mcode[0m[2m=[0m"512670" [3mwindow[0m[2m=[0m2025-08-27..2025-09-25 [3mtotal[0m[2m=[0m360295
[2m2026-09-02T19:17:46.775214Z[0m [32m INFO[0m [2mtushare_sync[0m[2m:[0m window synced [3mcode[0m[2m=[0m"512670" [3mwindow[0m[2m=[0m2025-09-26..2025-10-25 [3mtotal[0m[2m=[0m363910
[2m2026-09-02T19:17:47.832450Z[0m [32m INFO[0m [2mtushare_sync[0m[2m:[0m window synced [3mcode[0m[2m=[0m"512670" [3mwindow[0m[2m=[0m2025-10-26..2025-11-24 [3mtotal[0m[2m=[0m368971
[2m2026-09-02T19:17:48.850796Z[0m [32m INFO[0m [2mtushare_sync[0m[2m:[0m window synced [3mcode[0m[2m=[0m"512670" [3mwindow[0m[2m=[0m2025-11-25..2025-12-24 [3mtotal[0m[2m=[0m374273
[2m2026-09-02T19:17:49.825557Z[0m [32m INFO[0m [2mtushare_sync[0m[2m:[0m window synced [3mcode[0m[2m=[0m"512670" [3mwindow[0m[2m=[0m2025-12-25..2026-01-23 [3mtotal[0m[2m=[0m379093
[2m2026-09-02T19:17:50.835850Z[0m [32m INFO[0m [2mtushare_sync[0m[2m:[0m window synced [3mcode[0m[2m=[0m"512670" [3mwindow[0m[2m=[0m2026-01-24..2026-02-22 [3mtotal[0m[2m=[0m382708
[2m2026-09-02T19:17:51.821005Z[0m [32m INFO[0m [2mtushare_sync[0m[2m:[0m window synced [3mcode[0m[2m=[0m"512670" [3mwindow[0m[2m=[0m2026-02-23..2026-03-24 [3mtotal[0m[2m=[0m387769
[2m2026-09-02T19:17:53.526808Z[0m [32m INFO[0m [2mtushare_sync[0m[2m:[0m window synced [3mcode[0m[2m=[0m"512670" [3mwindow[0m[2m=[0m2026-03-25..2026-04-23 [3mtotal[0m[2m=[0m392830
[2m2026-09-02T19:17:53.872964Z[0m [32m INFO[0m [2mtushare_sync[0m[2m:[0m window synced [3mcode[0m[2m=[0m"512670" [3mwindow[0m[2m=[0m2026-04-24..2026-05-23 [3mtotal[0m[2m=[0m397168
[2m2026-09-02T19:17:54.884313Z[0m [32m INFO[0m [2mtushare_sync[0m[2m:[0m window synced [3mcode[0m[2m=[0m"512670" [3mwindow[0m[2m=[0m2026-05-24..2026-06-22 [3mtotal[0m[2m=[0m401988
[2m2026-09-02T19:17:56.363356Z[0m [32m INFO[0m [2mtushare_sync[0m[2m:[0m window synced [3mcode[0m[2m=[0m"512670" [3mwindow[0m[2m=[0m2026-06-23..2026-07-22 [3mtotal[0m[2m=[0m407290
[2m2026-09-02T19:17:56.925194Z[0m [32m INFO[0m [2mtushare_sync[0m[2m:[0m window synced [3mcode[0m[2m=[0m"512670" [3mwindow[0m[2m=[0m2026-07-23..2026-08-21 [3mtotal[0m[2m=[0m412592
[2m2026-09-02T19:17:58.500294Z[0m [32m INFO[0m [2mtushare_sync[0m[2m:[0m window synced [3mcode[0m[2m=[0m"512670" [3mwindow[0m[2m=[0m2026-08-22..2026-09-03 [3mtotal[0m[2m=[0m414520
[2m2026-09-02T19:17:58.500328Z[0m [32m INFO[0m [2mtushare_sync[0m[2m:[0m === sync done === [3mcode[0m[2m=[0m"512670" [3mbars[0m[2m=[0m414520
[2m2026-09-02T19:17:58.500335Z[0m [32m INFO[0m [2mtushare_sync[0m[2m:[0m === sync start === [3mcode[0m[2m=[0m"512690"
[2m2026-09-02T19:18:05.820716Z[0m [32m INFO[0m [2mtushare_sync[0m[2m:[0m first data year found [3mcode[0m[2m=[0m"512690" [3mfirst_year[0m[2m=[0m2019
[2m2026-09-02T19:18:06.674057Z[0m [32m INFO[0m [2mtushare_sync[0m[2m:[0m window synced [3mcode[0m[2m=[0m"512690" [3mwindow[0m[2m=[0m2019-01-01..2019-01-30 [3mtotal[0m[2m=[0m0
[2m2026-09-02T19:18:07.726650Z[0m [32m INFO[0m [2mtushare_sync[0m[2m:[0m window synced [3mcode[0m[2m=[0m"512690" [3mwindow[0m[2m=[0m2019-01-31..2019-03-01 [3mtotal[0m[2m=[0m0
[2m2026-09-02T19:18:08.746840Z[0m [32m INFO[0m [2mtushare_sync[0m[2m:[0m window synced [3mcode[0m[2m=[0m"512690" [3mwindow[0m[2m=[0m2019-03-02..2019-03-31 [3mtotal[0m[2m=[0m0
[2m2026-09-02T19:18:09.722701Z[0m [32m INFO[0m [2mtushare_sync[0m[2m:[0m window synced [3mcode[0m[2m=[0m"512690" [3mwindow[0m[2m=[0m2019-04-01..2019-04-30 [3mtotal[0m[2m=[0m0
[2m2026-09-02T19:18:11.118135Z[0m [32m INFO[0m [2mtushare_sync[0m[2m:[0m window synced [3mcode[0m[2m=[0m"512690" [3mwindow[0m[2m=[0m2019-05-01..2019-05-30 [3mtotal[0m[2m=[0m4579
[2m2026-09-02T19:18:11.992100Z[0m [32m INFO[0m [2mtushare_sync[0m[2m:[0m window synced [3mcode[0m[2m=[0m"512690" [3mwindow[0m[2m=[0m2019-05-31..2019-06-29 [3mtotal[0m[2m=[0m9399
[2m2026-09-02T19:18:12.850100Z[0m [32m INFO[0m [2mtushare_sync[0m[2m:[0m window synced [3mcode[0m[2m=[0m"512690" [3mwindow[0m[2m=[0m2019-06-30..2019-07-29 [3mtotal[0m[2m=[0m14460
[2m2026-09-02T19:18:13.852161Z[0m [32m INFO[0m [2mtushare_sync[0m[2m:[0m window synced [3mcode[0m[2m=[0m"512690" [3mwindow[0m[2m=[0m2019-07-30..2019-08-28 [3mtotal[0m[2m=[0m19762
[2m2026-09-02T19:18:14.896343Z[0m [32m INFO[0m [2mtushare_sync[0m[2m:[0m window synced [3mcode[0m[2m=[0m"512690" [3mwindow[0m[2m=[0m2019-08-29..2019-09-27 [3mtotal[0m[2m=[0m24823
[2m2026-09-02T19:18:15.813040Z[0m [32m INFO[0m [2mtushare_sync[0m[2m:[0m window synced [3mcode[0m[2m=[0m"512690" [3mwindow[0m[2m=[0m2019-09-28..2019-10-27 [3mtotal[0m[2m=[0m28438
[2m2026-09-02T19:18:16.972178Z[0m [32m INFO[0m [2mtushare_sync[0m[2m:[0m window synced [3mcode[0m[2m=[0m"512690" [3mwindow[0m[2m=[0m2019-10-28..2019-11-26 [3mtotal[0m[2m=[0m33740
[2m2026-09-02T19:18:17.849060Z[0m [32m INFO[0m [2mtushare_sync[0m[2m:[0m window synced [3mcode[0m[2m=[0m"512690" [3mwindow[0m[2m=[0m2019-11-27..2019-12-26 [3mtotal[0m[2m=[0m39042
[2m2026-09-02T19:18:18.825939Z[0m [32m INFO[0m [2mtushare_sync[0m[2m:[0m window synced [3mcode[0m[2m=[0m"512690" [3mwindow[0m[2m=[0m2019-12-27..2020-01-25 [3mtotal[0m[2m=[0m43621
[2m2026-09-02T19:18:19.816119Z[0m [32m INFO[0m [2mtushare_sync[0m[2m:[0m window synced [3mcode[0m[2m=[0m"512690" [3mwindow[0m[2m=[0m2020-01-26..2020-02-24 [3mtotal[0m[2m=[0m47477
[2m2026-09-02T19:18:20.853400Z[0m [32m INFO[0m [2mtushare_sync[0m[2m:[0m window synced [3mcode[0m[2m=[0m"512690" [3mwindow[0m[2m=[0m2020-02-25..2020-03-25 [3mtotal[0m[2m=[0m52779
[2m2026-09-02T19:18:21.836496Z[0m [32m INFO[0m [2mtushare_sync[0m[2m:[0m window synced [3mcode[0m[2m=[0m"512690" [3mwindow[0m[2m=[0m2020-03-26..2020-04-24 [3mtotal[0m[2m=[0m57840
[2m2026-09-02T19:18:23.733307Z[0m [32m INFO[0m [2mtushare_sync[0m[2m:[0m window synced [3mcode[0m[2m=[0m"512690" [3mwindow[0m[2m=[0m2020-04-25..2020-05-24 [3mtotal[0m[2m=[0m61937
[2m2026-09-02T19:18:23.953936Z[0m [32m INFO[0m [2mtushare_sync[0m[2m:[0m window synced [3mcode[0m[2m=[0m"512690" [3mwindow[0m[2m=[0m2020-05-25..2020-06-23 [3mtotal[0m[2m=[0m67239
[2m2026-09-02T19:18:24.944067Z[0m [32m INFO[0m [2mtushare_sync[0m[2m:[0m window synced [3mcode[0m[2m=[0m"512690" [3mwindow[0m[2m=[0m2020-06-24..2020-07-23 [3mtotal[0m[2m=[0m72059
[2m2026-09-02T19:18:25.956476Z[0m [32m INFO[0m [2mtushare_sync[0m[2m:[0m window synced [3mcode[0m[2m=[0m"512690" [3mwindow[0m[2m=[0m2020-07-24..2020-08-22 [3mtotal[0m[2m=[0m77120
[2m2026-09-02T19:18:26.969876Z[0m [32m INFO[0m [2mtushare_sync[0m[2m:[0m window synced [3mcode[0m[2m=[0m"512690" [3mwindow[0m[2m=[0m2020-08-23..2020-09-21 [3mtotal[0m[2m=[0m82181
[2m2026-09-02T19:18:27.927549Z[0m [32m INFO[0m [2mtushare_sync[0m[2m:[0m window synced [3mcode[0m[2m=[0m"512690" [3mwindow[0m[2m=[0m2020-09-22..2020-10-21 [3mtotal[0m[2m=[0m86037
[2m2026-09-02T19:18:30.065121Z[0m [32m INFO[0m [2mtushare_sync[0m[2m:[0m window synced [3mcode[0m[2m=[0m"512690" [3mwindow[0m[2m=[0m2020-10-22..2020-11-20 [3mtotal[0m[2m=[0m91339
[2m2026-09-02T19:18:30.271745Z[0m [32m INFO[0m [2mtushare_sync[0m[2m:[0m window synced [3mcode[0m[2m=[0m"512690" [3mwindow[0m[2m=[0m2020-11-21..2020-12-20 [3mtotal[0m[2m=[0m96159
[2m2026-09-02T19:18:31.304916Z[0m [32m INFO[0m [2mtushare_sync[0m[2m:[0m window synced [3mcode[0m[2m=[0m"512690" [3mwindow[0m[2m=[0m2020-12-21..2021-01-19 [3mtotal[0m[2m=[0m101220
[2m2026-09-02T19:18:32.331185Z[0m [32m INFO[0m [2mtushare_sync[0m[2m:[0m window synced [3mcode[0m[2m=[0m"512690" [3mwindow[0m[2m=[0m2021-01-20..2021-02-18 [3mtotal[0m[2m=[0m105317
[2m2026-09-02T19:18:33.290143Z[0m [32m INFO[0m [2mtushare_sync[0m[2m:[0m window synced [3mcode[0m[2m=[0m"512690" [3mwindow[0m[2m=[0m2021-02-19..2021-03-20 [3mtotal[0m[2m=[0m110378
[2m2026-09-02T19:18:34.292627Z[0m [32m INFO[0m [2mtushare_sync[0m[2m:[0m window synced [3mcode[0m[2m=[0m"512690" [3mwindow[0m[2m=[0m2021-03-21..2021-04-19 [3mtotal[0m[2m=[0m115198
[2m2026-09-02T19:18:35.399848Z[0m [32m INFO[0m [2mtushare_sync[0m[2m:[0m window synced [3mcode[0m[2m=[0m"512690" [3mwindow[0m[2m=[0m2021-04-20..2021-05-19 [3mtotal[0m[2m=[0m119777
[2m2026-09-02T19:18:36.293056Z[0m [32m INFO[0m [2mtushare_sync[0m[2m:[0m window synced [3mcode[0m[2m=[0m"512690" [3mwindow[0m[2m=[0m2021-05-20..2021-06-18 [3mtotal[0m[2m=[0m124838
[2m2026-09-02T19:18:37.303236Z[0m [32m INFO[0m [2mtushare_sync[0m[2m:[0m window synced [3mcode[0m[2m=[0m"512690" [3mwindow[0m[2m=[0m2021-06-19..2021-07-18 [3mtotal[0m[2m=[0m129658
[2m2026-09-02T19:18:38.297333Z[0m [32m INFO[0m [2mtushare_sync[0m[2m:[0m window synced [3mcode[0m[2m=[0m"512690" [3mwindow[0m[2m=[0m2021-07-19..2021-08-17 [3mtotal[0m[2m=[0m134960
[2m2026-09-02T19:18:39.358888Z[0m [32m INFO[0m [2mtushare_sync[0m[2m:[0m window synced [3mcode[0m[2m=[0m"512690" [3mwindow[0m[2m=[0m2021-08-18..2021-09-16 [3mtotal[0m[2m=[0m140262
[2m2026-09-02T19:18:40.280640Z[0m [32m INFO[0m [2mtushare_sync[0m[2m:[0m window synced [3mcode[0m[2m=[0m"512690" [3mwindow[0m[2m=[0m2021-09-17..2021-10-16 [3mtotal[0m[2m=[0m143636
[2m2026-09-02T19:18:41.308850Z[0m [32m INFO[0m [2mtushare_sync[0m[2m:[0m window synced [3mcode[0m[2m=[0m"512690" [3mwindow[0m[2m=[0m2021-10-17..2021-11-15 [3mtotal[0m[2m=[0m148697
[2m2026-09-02T19:18:42.507585Z[0m [32m INFO[0m [2mtushare_sync[0m[2m:[0m window synced [3mcode[0m[2m=[0m"512690" [3mwindow[0m[2m=[0m2021-11-16..2021-12-15 [3mtotal[0m[2m=[0m153999
[2m2026-09-02T19:18:43.343711Z[0m [32m INFO[0m [2mtushare_sync[0m[2m:[0m window synced [3mcode[0m[2m=[0m"512690" [3mwindow[0m[2m=[0m2021-12-16..2022-01-14 [3mtotal[0m[2m=[0m159060
[2m2026-09-02T19:18:44.272522Z[0m [32m INFO[0m [2mtushare_sync[0m[2m:[0m window synced [3mcode[0m[2m=[0m"512690" [3mwindow[0m[2m=[0m2022-01-15..2022-02-13 [3mtotal[0m[2m=[0m162675
[2m2026-09-02T19:18:45.309257Z[0m [32m INFO[0m [2mtushare_sync[0m[2m:[0m window synced [3mcode[0m[2m=[0m"512690" [3mwindow[0m[2m=[0m2022-02-14..2022-03-15 [3mtotal[0m[2m=[0m167977
[2m2026-09-02T19:18:46.329019Z[0m [32m INFO[0m [2mtushare_sync[0m[2m:[0m window synced [3mcode[0m[2m=[0m"512690" [3mwindow[0m[2m=[0m2022-03-16..2022-04-14 [3mtotal[0m[2m=[0m172797
[2m2026-09-02T19:18:47.277607Z[0m [32m INFO[0m [2mtushare_sync[0m[2m:[0m window synced [3mcode[0m[2m=[0m"512690" [3mwindow[0m[2m=[0m2022-04-15..2022-05-14 [3mtotal[0m[2m=[0m177135
[2m2026-09-02T19:18:48.315752Z[0m [32m INFO[0m [2mtushare_sync[0m[2m:[0m window synced [3mcode[0m[2m=[0m"512690" [3mwindow[0m[2m=[0m2022-05-15..2022-06-13 [3mtotal[0m[2m=[0m181955
[2m2026-09-02T19:18:49.313246Z[0m [32m INFO[0m [2mtushare_sync[0m[2m:[0m window synced [3mcode[0m[2m=[0m"512690" [3mwindow[0m[2m=[0m2022-06-14..2022-07-13 [3mtotal[0m[2m=[0m187257
[2m2026-09-02T19:18:50.339500Z[0m [32m INFO[0m [2mtushare_sync[0m[2m:[0m window synced [3mcode[0m[2m=[0m"512690" [3mwindow[0m[2m=[0m2022-07-14..2022-08-12 [3mtotal[0m[2m=[0m192559
[2m2026-09-02T19:18:51.338043Z[0m [32m INFO[0m [2mtushare_sync[0m[2m:[0m window synced [3mcode[0m[2m=[0m"512690" [3mwindow[0m[2m=[0m2022-08-13..2022-09-11 [3mtotal[0m[2m=[0m197379
[2m2026-09-02T19:18:52.269500Z[0m [32m INFO[0m [2mtushare_sync[0m[2m:[0m window synced [3mcode[0m[2m=[0m"512690" [3mwindow[0m[2m=[0m2022-09-12..2022-10-11 [3mtotal[0m[2m=[0m201235
[2m2026-09-02T19:18:53.316864Z[0m [32m INFO[0m [2mtushare_sync[0m[2m:[0m window synced [3mcode[0m[2m=[0m"512690" [3mwindow[0m[2m=[0m2022-10-12..2022-11-10 [3mtotal[0m[2m=[0m206537
[2m2026-09-02T19:18:54.315347Z[0m [32m INFO[0m [2mtushare_sync[0m[2m:[0m window synced [3mcode[0m[2m=[0m"512690" [3mwindow[0m[2m=[0m2022-11-11..2022-12-10 [3mtotal[0m[2m=[0m211598
[2m2026-09-02T19:18:55.329618Z[0m [32m INFO[0m [2mtushare_sync[0m[2m:[0m window synced [3mcode[0m[2m=[0m"512690" [3mwindow[0m[2m=[0m2022-12-11..2023-01-09 [3mtotal[0m[2m=[0m216418
[2m2026-09-02T19:18:56.312886Z[0m [32m INFO[0m [2mtushare_sync[0m[2m:[0m window synced [3mcode[0m[2m=[0m"512690" [3mwindow[0m[2m=[0m2023-01-10..2023-02-08 [3mtotal[0m[2m=[0m220515
[2m2026-09-02T19:18:57.479437Z[0m [32m INFO[0m [2mtushare_sync[0m[2m:[0m window synced [3mcode[0m[2m=[0m"512690" [3mwindow[0m[2m=[0m2023-02-09..2023-03-10 [3mtotal[0m[2m=[0m225817
[2m2026-09-02T19:18:58.321520Z[0m [32m INFO[0m [2mtushare_sync[0m[2m:[0m window synced [3mcode[0m[2m=[0m"512690" [3mwindow[0m[2m=[0m2023-03-11..2023-04-09 [3mtotal[0m[2m=[0m230396
[2m2026-09-02T19:18:59.491918Z[0m [32m INFO[0m [2mtushare_sync[0m[2m:[0m window synced [3mcode[0m[2m=[0m"512690" [3mwindow[0m[2m=[0m2023-04-10..2023-05-09 [3mtotal[0m[2m=[0m234975
[2m2026-09-02T19:19:00.409177Z[0m [32m INFO[0m [2mtushare_sync[0m[2m:[0m window synced [3mcode[0m[2m=[0m"512690" [3mwindow[0m[2m=[0m2023-05-10..2023-06-08 [3mtotal[0m[2m=[0m240277
[2m2026-09-02T19:19:01.333529Z[0m [32m INFO[0m [2mtushare_sync[0m[2m:[0m window synced [3mcode[0m[2m=[0m"512690" [3mwindow[0m[2m=[0m2023-06-09..2023-07-08 [3mtotal[0m[2m=[0m244856
[2m2026-09-02T19:19:02.356510Z[0m [32m INFO[0m [2mtushare_sync[0m[2m:[0m window synced [3mcode[0m[2m=[0m"512690" [3mwindow[0m[2m=[0m2023-07-09..2023-08-07 [3mtotal[0m[2m=[0m249917
[2m2026-09-02T19:19:03.370310Z[0m [32m INFO[0m [2mtushare_sync[0m[2m:[0m window synced [3mcode[0m[2m=[0m"512690" [3mwindow[0m[2m=[0m2023-08-08..2023-09-06 [3mtotal[0m[2m=[0m255219
[2m2026-09-02T19:19:04.307959Z[0m [32m INFO[0m [2mtushare_sync[0m[2m:[0m window synced [3mcode[0m[2m=[0m"512690" [3mwindow[0m[2m=[0m2023-09-07..2023-10-06 [3mtotal[0m[2m=[0m259075
[2m2026-09-02T19:19:05.338686Z[0m [32m INFO[0m [2mtushare_sync[0m[2m:[0m window synced [3mcode[0m[2m=[0m"512690" [3mwindow[0m[2m=[0m2023-10-07..2023-11-05 [3mtotal[0m[2m=[0m263895
[2m2026-09-02T19:19:06.383227Z[0m [32m INFO[0m [2mtushare_sync[0m[2m:[0m window synced [3mcode[0m[2m=[0m"512690" [3mwindow[0m[2m=[0m2023-11-06..2023-12-05 [3mtotal[0m[2m=[0m269197
[2m2026-09-02T19:19:07.402660Z[0m [32m INFO[0m [2mtushare_sync[0m[2m:[0m window synced [3mcode[0m[2m=[0m"512690" [3mwindow[0m[2m=[0m2023-12-06..2024-01-04 [3mtotal[0m[2m=[0m274258
[2m2026-09-02T19:19:08.385883Z[0m [32m INFO[0m [2mtushare_sync[0m[2m:[0m window synced [3mcode[0m[2m=[0m"512690" [3mwindow[0m[2m=[0m2024-01-05..2024-02-03 [3mtotal[0m[2m=[0m279319
[2m2026-09-02T19:19:09.313833Z[0m [32m INFO[0m [2mtushare_sync[0m[2m:[0m window synced [3mcode[0m[2m=[0m"512690" [3mwindow[0m[2m=[0m2024-02-04..2024-03-04 [3mtotal[0m[2m=[0m282934
[2m2026-09-02T19:19:10.382460Z[0m [32m INFO[0m [2mtushare_sync[0m[2m:[0m window synced [3mcode[0m[2m=[0m"512690" [3mwindow[0m[2m=[0m2024-03-05..2024-04-03 [3mtotal[0m[2m=[0m288236
[2m2026-09-02T19:19:11.502913Z[0m [32m INFO[0m [2mtushare_sync[0m[2m:[0m window synced [3mcode[0m[2m=[0m"512690" [3mwindow[0m[2m=[0m2024-04-04..2024-05-03 [3mtotal[0m[2m=[0m292333
[2m2026-09-02T19:19:12.336491Z[0m [32m INFO[0m [2mtushare_sync[0m[2m:[0m window synced [3mcode[0m[2m=[0m"512690" [3mwindow[0m[2m=[0m2024-05-04..2024-06-02 [3mtotal[0m[2m=[0m297153
[2m2026-09-02T19:19:13.431147Z[0m [32m INFO[0m [2mtushare_sync[0m[2m:[0m window synced [3mcode[0m[2m=[0m"512690" [3mwindow[0m[2m=[0m2024-06-03..2024-07-02 [3mtotal[0m[2m=[0m302214
[2m2026-09-02T19:19:14.386042Z[0m [32m INFO[0m [2mtushare_sync[0m[2m:[0m window synced [3mcode[0m[2m=[0m"512690" [3mwindow[0m[2m=[0m2024-07-03..2024-08-01 [3mtotal[0m[2m=[0m307516
[2m2026-09-02T19:19:15.374769Z[0m [32m INFO[0m [2mtushare_sync[0m[2m:[0m window synced [3mcode[0m[2m=[0m"512690" [3mwindow[0m[2m=[0m2024-08-02..2024-08-31 [3mtotal[0m[2m=[0m312577
[2m2026-09-02T19:19:16.396980Z[0m [32m INFO[0m [2mtushare_sync[0m[2m:[0m window synced [3mcode[0m[2m=[0m"512690" [3mwindow[0m[2m=[0m2024-09-01..2024-09-30 [3mtotal[0m[2m=[0m317156
[2m2026-09-02T19:19:17.392045Z[0m [32m INFO[0m [2mtushare_sync[0m[2m:[0m window synced [3mcode[0m[2m=[0m"512690" [3mwindow[0m[2m=[0m2024-10-01..2024-10-30 [3mtotal[0m[2m=[0m321253
[2m2026-09-02T19:19:18.382995Z[0m [32m INFO[0m [2mtushare_sync[0m[2m:[0m window synced [3mcode[0m[2m=[0m"512690" [3mwindow[0m[2m=[0m2024-10-31..2024-11-29 [3mtotal[0m[2m=[0m326555
[2m2026-09-02T19:19:19.852217Z[0m [32m INFO[0m [2mtushare_sync[0m[2m:[0m window synced [3mcode[0m[2m=[0m"512690" [3mwindow[0m[2m=[0m2024-11-30..2024-12-29 [3mtotal[0m[2m=[0m331375
[2m2026-09-02T19:19:20.363225Z[0m [32m INFO[0m [2mtushare_sync[0m[2m:[0m window synced [3mcode[0m[2m=[0m"512690" [3mwindow[0m[2m=[0m2024-12-30..2025-01-28 [3mtotal[0m[2m=[0m336195
[2m2026-09-02T19:19:21.308786Z[0m [32m INFO[0m [2mtushare_sync[0m[2m:[0m window synced [3mcode[0m[2m=[0m"512690" [3mwindow[0m[2m=[0m2025-01-29..2025-02-27 [3mtotal[0m[2m=[0m340292
[2m2026-09-02T19:19:22.365201Z[0m [32m INFO[0m [2mtushare_sync[0m[2m:[0m window synced [3mcode[0m[2m=[0m"512690" [3mwindow[0m[2m=[0m2025-02-28..2025-03-29 [3mtotal[0m[2m=[0m345353
[2m2026-09-02T19:19:23.331137Z[0m [32m INFO[0m [2mtushare_sync[0m[2m:[0m window synced [3mcode[0m[2m=[0m"512690" [3mwindow[0m[2m=[0m2025-03-30..2025-04-28 [3mtotal[0m[2m=[0m350173
[2m2026-09-02T19:19:24.327685Z[0m [32m INFO[0m [2mtushare_sync[0m[2m:[0m window synced [3mcode[0m[2m=[0m"512690" [3mwindow[0m[2m=[0m2025-04-29..2025-05-28 [3mtotal[0m[2m=[0m354752
[2m2026-09-02T19:19:25.356402Z[0m [32m INFO[0m [2mtushare_sync[0m[2m:[0m window synced [3mcode[0m[2m=[0m"512690" [3mwindow[0m[2m=[0m2025-05-29..2025-06-27 [3mtotal[0m[2m=[0m359813
[2m2026-09-02T19:19:26.356649Z[0m [32m INFO[0m [2mtushare_sync[0m[2m:[0m window synced [3mcode[0m[2m=[0m"512690" [3mwindow[0m[2m=[0m2025-06-28..2025-07-27 [3mtotal[0m[2m=[0m364633
[2m2026-09-02T19:19:27.363080Z[0m [32m INFO[0m [2mtushare_sync[0m[2m:[0m window synced [3mcode[0m[2m=[0m"512690" [3mwindow[0m[2m=[0m2025-07-28..2025-08-26 [3mtotal[0m[2m=[0m369935
[2m2026-09-02T19:19:28.362091Z[0m [32m INFO[0m [2mtushare_sync[0m[2m:[0m window synced [3mcode[0m[2m=[0m"512690" [3mwindow[0m[2m=[0m2025-08-27..2025-09-25 [3mtotal[0m[2m=[0m375237
[2m2026-09-02T19:19:29.548705Z[0m [32m INFO[0m [2mtushare_sync[0m[2m:[0m window synced [3mcode[0m[2m=[0m"512690" [3mwindow[0m[2m=[0m2025-09-26..2025-10-25 [3mtotal[0m[2m=[0m378852
[2m2026-09-02T19:19:30.360010Z[0m [32m INFO[0m [2mtushare_sync[0m[2m:[0m window synced [3mcode[0m[2m=[0m"512690" [3mwindow[0m[2m=[0m2025-10-26..2025-11-24 [3mtotal[0m[2m=[0m383913
[2m2026-09-02T19:19:31.358706Z[0m [32m INFO[0m [2mtushare_sync[0m[2m:[0m window synced [3mcode[0m[2m=[0m"512690" [3mwindow[0m[2m=[0m2025-11-25..2025-12-24 [3mtotal[0m[2m=[0m389215
[2m2026-09-02T19:19:32.456663Z[0m [32m INFO[0m [2mtushare_sync[0m[2m:[0m window synced [3mcode[0m[2m=[0m"512690" [3mwindow[0m[2m=[0m2025-12-25..2026-01-23 [3mtotal[0m[2m=[0m394035
[2m2026-09-02T19:19:33.580321Z[0m [32m INFO[0m [2mtushare_sync[0m[2m:[0m window synced [3mcode[0m[2m=[0m"512690" [3mwindow[0m[2m=[0m2026-01-24..2026-02-22 [3mtotal[0m[2m=[0m397650
[2m2026-09-02T19:19:34.333034Z[0m [32m INFO[0m [2mtushare_sync[0m[2m:[0m window synced [3mcode[0m[2m=[0m"512690" [3mwindow[0m[2m=[0m2026-02-23..2026-03-24 [3mtotal[0m[2m=[0m402711
[2m2026-09-02T19:19:35.367883Z[0m [32m INFO[0m [2mtushare_sync[0m[2m:[0m window synced [3mcode[0m[2m=[0m"512690" [3mwindow[0m[2m=[0m2026-03-25..2026-04-23 [3mtotal[0m[2m=[0m407772
[2m2026-09-02T19:19:36.320654Z[0m [32m INFO[0m [2mtushare_sync[0m[2m:[0m window synced [3mcode[0m[2m=[0m"512690" [3mwindow[0m[2m=[0m2026-04-24..2026-05-23 [3mtotal[0m[2m=[0m412110
[2m2026-09-02T19:19:37.338435Z[0m [32m INFO[0m [2mtushare_sync[0m[2m:[0m window synced [3mcode[0m[2m=[0m"512690" [3mwindow[0m[2m=[0m2026-05-24..2026-06-22 [3mtotal[0m[2m=[0m416930
[2m2026-09-02T19:19:38.344767Z[0m [32m INFO[0m [2mtushare_sync[0m[2m:[0m window synced [3mcode[0m[2m=[0m"512690" [3mwindow[0m[2m=[0m2026-06-23..2026-07-22 [3mtotal[0m[2m=[0m422232
[2m2026-09-02T19:19:39.353434Z[0m [32m INFO[0m [2mtushare_sync[0m[2m:[0m window synced [3mcode[0m[2m=[0m"512690" [3mwindow[0m[2m=[0m2026-07-23..2026-08-21 [3mtotal[0m[2m=[0m427534
[2m2026-09-02T19:19:40.265793Z[0m [32m INFO[0m [2mtushare_sync[0m[2m:[0m window synced [3mcode[0m[2m=[0m"512690" [3mwindow[0m[2m=[0m2026-08-22..2026-09-03 [3mtotal[0m[2m=[0m429462
[2m2026-09-02T19:19:40.265828Z[0m [32m INFO[0m [2mtushare_sync[0m[2m:[0m === sync done === [3mcode[0m[2m=[0m"512690" [3mbars[0m[2m=[0m429462
[2m2026-09-02T19:19:40.265835Z[0m [32m INFO[0m [2mtushare_sync[0m[2m:[0m === sync start === [3mcode[0m[2m=[0m"512800"
[2m2026-09-02T19:19:46.351144Z[0m [32m INFO[0m [2mtushare_sync[0m[2m:[0m first data year found [3mcode[0m[2m=[0m"512800" [3mfirst_year[0m[2m=[0m2017
[2m2026-09-02T19:19:47.199802Z[0m [32m INFO[0m [2mtushare_sync[0m[2m:[0m window synced [3mcode[0m[2m=[0m"512800" [3mwindow[0m[2m=[0m2017-01-01..2017-01-30 [3mtotal[0m[2m=[0m0
[2m2026-09-02T19:19:48.220834Z[0m [32m INFO[0m [2mtushare_sync[0m[2m:[0m window synced [3mcode[0m[2m=[0m"512800" [3mwindow[0m[2m=[0m2017-01-31..2017-03-01 [3mtotal[0m[2m=[0m0
[2m2026-09-02T19:19:49.222509Z[0m [32m INFO[0m [2mtushare_sync[0m[2m:[0m window synced [3mcode[0m[2m=[0m"512800" [3mwindow[0m[2m=[0m2017-03-02..2017-03-31 [3mtotal[0m[2m=[0m0
[2m2026-09-02T19:19:50.208697Z[0m [32m INFO[0m [2mtushare_sync[0m[2m:[0m window synced [3mcode[0m[2m=[0m"512800" [3mwindow[0m[2m=[0m2017-04-01..2017-04-30 [3mtotal[0m[2m=[0m0
[2m2026-09-02T19:19:51.376995Z[0m [32m INFO[0m [2mtushare_sync[0m[2m:[0m window synced [3mcode[0m[2m=[0m"512800" [3mwindow[0m[2m=[0m2017-05-01..2017-05-30 [3mtotal[0m[2m=[0m0
[2m2026-09-02T19:19:52.220409Z[0m [32m INFO[0m [2mtushare_sync[0m[2m:[0m window synced [3mcode[0m[2m=[0m"512800" [3mwindow[0m[2m=[0m2017-05-31..2017-06-29 [3mtotal[0m[2m=[0m0
[2m2026-09-02T19:19:54.017906Z[0m [32m INFO[0m [2mtushare_sync[0m[2m:[0m window synced [3mcode[0m[2m=[0m"512800" [3mwindow[0m[2m=[0m2017-06-30..2017-07-29 [3mtotal[0m[2m=[0m0
[2m2026-09-02T19:19:55.084166Z[0m [32m INFO[0m [2mtushare_sync[0m[2m:[0m window synced [3mcode[0m[2m=[0m"512800" [3mwindow[0m[2m=[0m2017-07-30..2017-08-28 [3mtotal[0m[2m=[0m4338
[2m2026-09-02T19:19:55.417475Z[0m [32m INFO[0m [2mtushare_sync[0m[2m:[0m window synced [3mcode[0m[2m=[0m"512800" [3mwindow[0m[2m=[0m2017-08-29..2017-09-27 [3mtotal[0m[2m=[0m9640
[2m2026-09-02T19:19:56.448086Z[0m [32m INFO[0m [2mtushare_sync[0m[2m:[0m window synced [3mcode[0m[2m=[0m"512800" [3mwindow[0m[2m=[0m2017-09-28..2017-10-27 [3mtotal[0m[2m=[0m13737
[2m2026-09-02T19:19:57.379765Z[0m [32m INFO[0m [2mtushare_sync[0m[2m:[0m window synced [3mcode[0m[2m=[0m"512800" [3mwindow[0m[2m=[0m2017-10-28..2017-11-26 [3mtotal[0m[2m=[0m18557
[2m2026-09-02T19:19:58.375504Z[0m [32m INFO[0m [2mtushare_sync[0m[2m:[0m window synced [3mcode[0m[2m=[0m"512800" [3mwindow[0m[2m=[0m2017-11-27..2017-12-26 [3mtotal[0m[2m=[0m23859
[2m2026-09-02T19:19:59.388190Z[0m [32m INFO[0m [2mtushare_sync[0m[2m:[0m window synced [3mcode[0m[2m=[0m"512800" [3mwindow[0m[2m=[0m2017-12-27..2018-01-25 [3mtotal[0m[2m=[0m28920
[2m2026-09-02T19:20:00.377157Z[0m [32m INFO[0m [2mtushare_sync[0m[2m:[0m window synced [3mcode[0m[2m=[0m"512800" [3mwindow[0m[2m=[0m2018-01-26..2018-02-24 [3mtotal[0m[2m=[0m32776
[2m2026-09-02T19:20:01.425134Z[0m [32m INFO[0m [2mtushare_sync[0m[2m:[0m window synced [3mcode[0m[2m=[0m"512800" [3mwindow[0m[2m=[0m2018-02-25..2018-03-26 [3mtotal[0m[2m=[0m37837
[2m2026-09-02T19:20:02.375655Z[0m [32m INFO[0m [2mtushare_sync[0m[2m:[0m window synced [3mcode[0m[2m=[0m"512800" [3mwindow[0m[2m=[0m2018-03-27..2018-04-25 [3mtotal[0m[2m=[0m42657
[2m2026-09-02T19:20:03.362166Z[0m [32m INFO[0m [2mtushare_sync[0m[2m:[0m window synced [3mcode[0m[2m=[0m"512800" [3mwindow[0m[2m=[0m2018-04-26..2018-05-25 [3mtotal[0m[2m=[0m47477
[2m2026-09-02T19:20:04.370834Z[0m [32m INFO[0m [2mtushare_sync[0m[2m:[0m window synced [3mcode[0m[2m=[0m"512800" [3mwindow[0m[2m=[0m2018-05-26..2018-06-24 [3mtotal[0m[2m=[0m52056
[2m2026-09-02T19:20:05.376313Z[0m [32m INFO[0m [2mtushare_sync[0m[2m:[0m window synced [3mcode[0m[2m=[0m"512800" [3mwindow[0m[2m=[0m2018-06-25..2018-07-24 [3mtotal[0m[2m=[0m57358
[2m2026-09-02T19:20:06.406825Z[0m [32m INFO[0m [2mtushare_sync[0m[2m:[0m window synced [3mcode[0m[2m=[0m"512800" [3mwindow[0m[2m=[0m2018-07-25..2018-08-23 [3mtotal[0m[2m=[0m62660
[2m2026-09-02T19:20:07.397447Z[0m [32m INFO[0m [2mtushare_sync[0m[2m:[0m window synced [3mcode[0m[2m=[0m"512800" [3mwindow[0m[2m=[0m2018-08-24..2018-09-22 [3mtotal[0m[2m=[0m67721
[2m2026-09-02T19:20:08.402232Z[0m [32m INFO[0m [2mtushare_sync[0m[2m:[0m window synced [3mcode[0m[2m=[0m"512800" [3mwindow[0m[2m=[0m2018-09-23..2018-10-22 [3mtotal[0m[2m=[0m71336
[2m2026-09-02T19:20:09.384026Z[0m [32m INFO[0m [2mtushare_sync[0m[2m:[0m window synced [3mcode[0m[2m=[0m"512800" [3mwindow[0m[2m=[0m2018-10-23..2018-11-21 [3mtotal[0m[2m=[0m76638
[2m2026-09-02T19:20:11.377695Z[0m [32m INFO[0m [2mtushare_sync[0m[2m:[0m window synced [3mcode[0m[2m=[0m"512800" [3mwindow[0m[2m=[0m2018-11-22..2018-12-21 [3mtotal[0m[2m=[0m81940
[2m2026-09-02T19:20:11.589110Z[0m [32m INFO[0m [2mtushare_sync[0m[2m:[0m window synced [3mcode[0m[2m=[0m"512800" [3mwindow[0m[2m=[0m2018-12-22..2019-01-20 [3mtotal[0m[2m=[0m86278
[2m2026-09-02T19:20:12.701590Z[0m [32m INFO[0m [2mtushare_sync[0m[2m:[0m window synced [3mcode[0m[2m=[0m"512800" [3mwindow[0m[2m=[0m2019-01-21..2019-02-19 [3mtotal[0m[2m=[0m90375
[2m2026-09-02T19:20:13.637510Z[0m [32m INFO[0m [2mtushare_sync[0m[2m:[0m window synced [3mcode[0m[2m=[0m"512800" [3mwindow[0m[2m=[0m2019-02-20..2019-03-21 [3mtotal[0m[2m=[0m95677
[2m2026-09-02T19:20:14.601583Z[0m [32m INFO[0m [2mtushare_sync[0m[2m:[0m window synced [3mcode[0m[2m=[0m"512800" [3mwindow[0m[2m=[0m2019-03-22..2019-04-20 [3mtotal[0m[2m=[0m100497
[2m2026-09-02T19:20:15.600528Z[0m [32m INFO[0m [2mtushare_sync[0m[2m:[0m window synced [3mcode[0m[2m=[0m"512800" [3mwindow[0m[2m=[0m2019-04-21..2019-05-20 [3mtotal[0m[2m=[0m104835
[2m2026-09-02T19:20:16.617604Z[0m [32m INFO[0m [2mtushare_sync[0m[2m:[0m window synced [3mcode[0m[2m=[0m"512800" [3mwindow[0m[2m=[0m2019-05-21..2019-06-19 [3mtotal[0m[2m=[0m109896
[2m2026-09-02T19:20:17.613608Z[0m [32m INFO[0m [2mtushare_sync[0m[2m:[0m window synced [3mcode[0m[2m=[0m"512800" [3mwindow[0m[2m=[0m2019-06-20..2019-07-19 [3mtotal[0m[2m=[0m115198
[2m2026-09-02T19:20:18.602723Z[0m [32m INFO[0m [2mtushare_sync[0m[2m:[0m window synced [3mcode[0m[2m=[0m"512800" [3mwindow[0m[2m=[0m2019-07-20..2019-08-18 [3mtotal[0m[2m=[0m120018
[2m2026-09-02T19:20:19.614300Z[0m [32m INFO[0m [2mtushare_sync[0m[2m:[0m window synced [3mcode[0m[2m=[0m"512800" [3mwindow[0m[2m=[0m2019-08-19..2019-09-17 [3mtotal[0m[2m=[0m125079
[2m2026-09-02T19:20:20.594116Z[0m [32m INFO[0m [2mtushare_sync[0m[2m:[0m window synced [3mcode[0m[2m=[0m"512800" [3mwindow[0m[2m=[0m2019-09-18..2019-10-17 [3mtotal[0m[2m=[0m129176
[2m2026-09-02T19:20:21.648073Z[0m [32m INFO[0m [2mtushare_sync[0m[2m:[0m window synced [3mcode[0m[2m=[0m"512800" [3mwindow[0m[2m=[0m2019-10-18..2019-11-16 [3mtotal[0m[2m=[0m134237
[2m2026-09-02T19:20:22.642560Z[0m [32m INFO[0m [2mtushare_sync[0m[2m:[0m window synced [3mcode[0m[2m=[0m"512800" [3mwindow[0m[2m=[0m2019-11-17..2019-12-16 [3mtotal[0m[2m=[0m139298
[2m2026-09-02T19:20:23.618850Z[0m [32m INFO[0m [2mtushare_sync[0m[2m:[0m window synced [3mcode[0m[2m=[0m"512800" [3mwindow[0m[2m=[0m2019-12-17..2020-01-15 [3mtotal[0m[2m=[0m144359
[2m2026-09-02T19:20:24.606849Z[0m [32m INFO[0m [2mtushare_sync[0m[2m:[0m window synced [3mcode[0m[2m=[0m"512800" [3mwindow[0m[2m=[0m2020-01-16..2020-02-14 [3mtotal[0m[2m=[0m148215
[2m2026-09-02T19:20:25.596620Z[0m [32m INFO[0m [2mtushare_sync[0m[2m:[0m window synced [3mcode[0m[2m=[0m"512800" [3mwindow[0m[2m=[0m2020-02-15..2020-03-15 [3mtotal[0m[2m=[0m153035
[2m2026-09-02T19:20:26.615408Z[0m [32m INFO[0m [2mtushare_sync[0m[2m:[0m window synced [3mcode[0m[2m=[0m"512800" [3mwindow[0m[2m=[0m2020-03-16..2020-04-14 [3mtotal[0m[2m=[0m158096
[2m2026-09-02T19:20:27.606080Z[0m [32m INFO[0m [2mtushare_sync[0m[2m:[0m window synced [3mcode[0m[2m=[0m"512800" [3mwindow[0m[2m=[0m2020-04-15..2020-05-14 [3mtotal[0m[2m=[0m162675
[2m2026-09-02T19:20:28.636464Z[0m [32m INFO[0m [2mtushare_sync[0m[2m:[0m window synced [3mcode[0m[2m=[0m"512800" [3mwindow[0m[2m=[0m2020-05-15..2020-06-13 [3mtotal[0m[2m=[0m167736
[2m2026-09-02T19:20:29.972624Z[0m [32m INFO[0m [2mtushare_sync[0m[2m:[0m window synced [3mcode[0m[2m=[0m"512800" [3mwindow[0m[2m=[0m2020-06-14..2020-07-13 [3mtotal[0m[2m=[0m172315
[2m2026-09-02T19:20:30.695891Z[0m [32m INFO[0m [2mtushare_sync[0m[2m:[0m window synced [3mcode[0m[2m=[0m"512800" [3mwindow[0m[2m=[0m2020-07-14..2020-08-12 [3mtotal[0m[2m=[0m177617
[2m2026-09-02T19:20:31.954999Z[0m [32m INFO[0m [2mtushare_sync[0m[2m:[0m window synced [3mcode[0m[2m=[0m"512800" [3mwindow[0m[2m=[0m2020-08-13..2020-09-11 [3mtotal[0m[2m=[0m182919
[2m2026-09-02T19:20:32.612543Z[0m [32m INFO[0m [2mtushare_sync[0m[2m:[0m window synced [3mcode[0m[2m=[0m"512800" [3mwindow[0m[2m=[0m2020-09-12..2020-10-11 [3mtotal[0m[2m=[0m186293
[2m2026-09-02T19:20:33.660986Z[0m [32m INFO[0m [2mtushare_sync[0m[2m:[0m window synced [3mcode[0m[2m=[0m"512800" [3mwindow[0m[2m=[0m2020-10-12..2020-11-10 [3mtotal[0m[2m=[0m191595
[2m2026-09-02T19:20:36.029361Z[0m [32m INFO[0m [2mtushare_sync[0m[2m:[0m window synced [3mcode[0m[2m=[0m"512800" [3mwindow[0m[2m=[0m2020-11-11..2020-12-10 [3mtotal[0m[2m=[0m196897
[2m2026-09-02T19:20:36.408809Z[0m [32m INFO[0m [2mtushare_sync[0m[2m:[0m window synced [3mcode[0m[2m=[0m"512800" [3mwindow[0m[2m=[0m2020-12-11..2021-01-09 [3mtotal[0m[2m=[0m201717
[2m2026-09-02T19:20:37.282017Z[0m [32m INFO[0m [2mtushare_sync[0m[2m:[0m window synced [3mcode[0m[2m=[0m"512800" [3mwindow[0m[2m=[0m2021-01-10..2021-02-08 [3mtotal[0m[2m=[0m206778
[2m2026-09-02T19:20:38.324886Z[0m [32m INFO[0m [2mtushare_sync[0m[2m:[0m window synced [3mcode[0m[2m=[0m"512800" [3mwindow[0m[2m=[0m2021-02-09..2021-03-10 [3mtotal[0m[2m=[0m210875
[2m2026-09-02T19:20:39.276751Z[0m [32m INFO[0m [2mtushare_sync[0m[2m:[0m window synced [3mcode[0m[2m=[0m"512800" [3mwindow[0m[2m=[0m2021-03-11..2021-04-09 [3mtotal[0m[2m=[0m215936
[2m2026-09-02T19:20:40.234004Z[0m [32m INFO[0m [2mtushare_sync[0m[2m:[0m window synced [3mcode[0m[2m=[0m"512800" [3mwindow[0m[2m=[0m2021-04-10..2021-05-09 [3mtotal[0m[2m=[0m220033
[2m2026-09-02T19:20:41.287709Z[0m [32m INFO[0m [2mtushare_sync[0m[2m:[0m window synced [3mcode[0m[2m=[0m"512800" [3mwindow[0m[2m=[0m2021-05-10..2021-06-08 [3mtotal[0m[2m=[0m225335
[2m2026-09-02T19:20:42.247311Z[0m [32m INFO[0m [2mtushare_sync[0m[2m:[0m window synced [3mcode[0m[2m=[0m"512800" [3mwindow[0m[2m=[0m2021-06-09..2021-07-08 [3mtotal[0m[2m=[0m230396
[2m2026-09-02T19:20:43.256901Z[0m [32m INFO[0m [2mtushare_sync[0m[2m:[0m window synced [3mcode[0m[2m=[0m"512800" [3mwindow[0m[2m=[0m2021-07-09..2021-08-07 [3mtotal[0m[2m=[0m235457
[2m2026-09-02T19:20:44.252487Z[0m [32m INFO[0m [2mtushare_sync[0m[2m:[0m window synced [3mcode[0m[2m=[0m"512800" [3mwindow[0m[2m=[0m2021-08-08..2021-09-06 [3mtotal[0m[2m=[0m240518
[2m2026-09-02T19:20:45.226939Z[0m [32m INFO[0m [2mtushare_sync[0m[2m:[0m window synced [3mcode[0m[2m=[0m"512800" [3mwindow[0m[2m=[0m2021-09-07..2021-10-06 [3mtotal[0m[2m=[0m244374
[2m2026-09-02T19:20:46.263901Z[0m [32m INFO[0m [2mtushare_sync[0m[2m:[0m window synced [3mcode[0m[2m=[0m"512800" [3mwindow[0m[2m=[0m2021-10-07..2021-11-05 [3mtotal[0m[2m=[0m249435
[2m2026-09-02T19:20:47.246739Z[0m [32m INFO[0m [2mtushare_sync[0m[2m:[0m window synced [3mcode[0m[2m=[0m"512800" [3mwindow[0m[2m=[0m2021-11-06..2021-12-05 [3mtotal[0m[2m=[0m254255
[2m2026-09-02T19:20:48.266413Z[0m [32m INFO[0m [2mtushare_sync[0m[2m:[0m window synced [3mcode[0m[2m=[0m"512800" [3mwindow[0m[2m=[0m2021-12-06..2022-01-04 [3mtotal[0m[2m=[0m259316
[2m2026-09-02T19:20:49.243545Z[0m [32m INFO[0m [2mtushare_sync[0m[2m:[0m window synced [3mcode[0m[2m=[0m"512800" [3mwindow[0m[2m=[0m2022-01-05..2022-02-03 [3mtotal[0m[2m=[0m263654
[2m2026-09-02T19:20:50.255904Z[0m [32m INFO[0m [2mtushare_sync[0m[2m:[0m window synced [3mcode[0m[2m=[0m"512800" [3mwindow[0m[2m=[0m2022-02-04..2022-03-05 [3mtotal[0m[2m=[0m268474
[2m2026-09-02T19:20:51.250537Z[0m [32m INFO[0m [2mtushare_sync[0m[2m:[0m window synced [3mcode[0m[2m=[0m"512800" [3mwindow[0m[2m=[0m2022-03-06..2022-04-04 [3mtotal[0m[2m=[0m273294
[2m2026-09-02T19:20:52.241499Z[0m [32m INFO[0m [2mtushare_sync[0m[2m:[0m window synced [3mcode[0m[2m=[0m"512800" [3mwindow[0m[2m=[0m2022-04-05..2022-05-04 [3mtotal[0m[2m=[0m277632
[2m2026-09-02T19:20:53.288689Z[0m [32m INFO[0m [2mtushare_sync[0m[2m:[0m window synced [3mcode[0m[2m=[0m"512800" [3mwindow[0m[2m=[0m2022-05-05..2022-06-03 [3mtotal[0m[2m=[0m282693
[2m2026-09-02T19:20:54.271570Z[0m [32m INFO[0m [2mtushare_sync[0m[2m:[0m window synced [3mcode[0m[2m=[0m"512800" [3mwindow[0m[2m=[0m2022-06-04..2022-07-03 [3mtotal[0m[2m=[0m287513
[2m2026-09-02T19:20:55.294361Z[0m [32m INFO[0m [2mtushare_sync[0m[2m:[0m window synced [3mcode[0m[2m=[0m"512800" [3mwindow[0m[2m=[0m2022-07-04..2022-08-02 [3mtotal[0m[2m=[0m292815
[2m2026-09-02T19:20:56.296969Z[0m [32m INFO[0m [2mtushare_sync[0m[2m:[0m window synced [3mcode[0m[2m=[0m"512800" [3mwindow[0m[2m=[0m2022-08-03..2022-09-01 [3mtotal[0m[2m=[0m298117
[2m2026-09-02T19:20:57.292652Z[0m [32m INFO[0m [2mtushare_sync[0m[2m:[0m window synced [3mcode[0m[2m=[0m"512800" [3mwindow[0m[2m=[0m2022-09-02..2022-10-01 [3mtotal[0m[2m=[0m302937
[2m2026-09-02T19:20:58.240492Z[0m [32m INFO[0m [2mtushare_sync[0m[2m:[0m window synced [3mcode[0m[2m=[0m"512800" [3mwindow[0m[2m=[0m2022-10-02..2022-10-31 [3mtotal[0m[2m=[0m306793
[2m2026-09-02T19:21:00.039005Z[0m [32m INFO[0m [2mtushare_sync[0m[2m:[0m window synced [3mcode[0m[2m=[0m"512800" [3mwindow[0m[2m=[0m2022-11-01..2022-11-30 [3mtotal[0m[2m=[0m312095
[2m2026-09-02T19:21:01.091033Z[0m [32m INFO[0m [2mtushare_sync[0m[2m:[0m window synced [3mcode[0m[2m=[0m"512800" [3mwindow[0m[2m=[0m2022-12-01..2022-12-30 [3mtotal[0m[2m=[0m317397
[2m2026-09-02T19:21:01.329567Z[0m [32m INFO[0m [2mtushare_sync[0m[2m:[0m window synced [3mcode[0m[2m=[0m"512800" [3mwindow[0m[2m=[0m2022-12-31..2023-01-29 [3mtotal[0m[2m=[0m320771
[2m2026-09-02T19:21:02.335981Z[0m [32m INFO[0m [2mtushare_sync[0m[2m:[0m window synced [3mcode[0m[2m=[0m"512800" [3mwindow[0m[2m=[0m2023-01-30..2023-02-28 [3mtotal[0m[2m=[0m326073
[2m2026-09-02T19:21:03.330552Z[0m [32m INFO[0m [2mtushare_sync[0m[2m:[0m window synced [3mcode[0m[2m=[0m"512800" [3mwindow[0m[2m=[0m2023-03-01..2023-03-30 [3mtotal[0m[2m=[0m331375
[2m2026-09-02T19:21:04.386506Z[0m [32m INFO[0m [2mtushare_sync[0m[2m:[0m window synced [3mcode[0m[2m=[0m"512800" [3mwindow[0m[2m=[0m2023-03-31..2023-04-29 [3mtotal[0m[2m=[0m336195
[2m2026-09-02T19:21:05.363753Z[0m [32m INFO[0m [2mtushare_sync[0m[2m:[0m window synced [3mcode[0m[2m=[0m"512800" [3mwindow[0m[2m=[0m2023-04-30..2023-05-29 [3mtotal[0m[2m=[0m340533
[2m2026-09-02T19:21:06.330086Z[0m [32m INFO[0m [2mtushare_sync[0m[2m:[0m window synced [3mcode[0m[2m=[0m"512800" [3mwindow[0m[2m=[0m2023-05-30..2023-06-28 [3mtotal[0m[2m=[0m345353
[2m2026-09-02T19:21:07.470156Z[0m [32m INFO[0m [2mtushare_sync[0m[2m:[0m window synced [3mcode[0m[2m=[0m"512800" [3mwindow[0m[2m=[0m2023-06-29..2023-07-28 [3mtotal[0m[2m=[0m350655
[2m2026-09-02T19:21:08.330626Z[0m [32m INFO[0m [2mtushare_sync[0m[2m:[0m window synced [3mcode[0m[2m=[0m"512800" [3mwindow[0m[2m=[0m2023-07-29..2023-08-27 [3mtotal[0m[2m=[0m355475
[2m2026-09-02T19:21:09.535870Z[0m [32m INFO[0m [2mtushare_sync[0m[2m:[0m window synced [3mcode[0m[2m=[0m"512800" [3mwindow[0m[2m=[0m2023-08-28..2023-09-26 [3mtotal[0m[2m=[0m360777
[2m2026-09-02T19:21:10.390531Z[0m [32m INFO[0m [2mtushare_sync[0m[2m:[0m window synced [3mcode[0m[2m=[0m"512800" [3mwindow[0m[2m=[0m2023-09-27..2023-10-26 [3mtotal[0m[2m=[0m364633
[2m2026-09-02T19:21:13.190210Z[0m [32m INFO[0m [2mtushare_sync[0m[2m:[0m window synced [3mcode[0m[2m=[0m"512800" [3mwindow[0m[2m=[0m2023-10-27..2023-11-25 [3mtotal[0m[2m=[0m369694
[2m2026-09-02T19:21:14.120397Z[0m [32m INFO[0m [2mtushare_sync[0m[2m:[0m window synced [3mcode[0m[2m=[0m"512800" [3mwindow[0m[2m=[0m2023-11-26..2023-12-25 [3mtotal[0m[2m=[0m374755
[2m2026-09-02T19:21:15.522357Z[0m [32m INFO[0m [2mtushare_sync[0m[2m:[0m window synced [3mcode[0m[2m=[0m"512800" [3mwindow[0m[2m=[0m2023-12-26..2024-01-24 [3mtotal[0m[2m=[0m379816
[2m2026-09-02T19:21:15.735633Z[0m [32m INFO[0m [2mtushare_sync[0m[2m:[0m window synced [3mcode[0m[2m=[0m"512800" [3mwindow[0m[2m=[0m2024-01-25..2024-02-23 [3mtotal[0m[2m=[0m383672
[2m2026-09-02T19:21:16.896407Z[0m [32m INFO[0m [2mtushare_sync[0m[2m:[0m window synced [3mcode[0m[2m=[0m"512800" [3mwindow[0m[2m=[0m2024-02-24..2024-03-24 [3mtotal[0m[2m=[0m388492
[2m2026-09-02T19:21:17.757038Z[0m [32m INFO[0m [2mtushare_sync[0m[2m:[0m window synced [3mcode[0m[2m=[0m"512800" [3mwindow[0m[2m=[0m2024-03-25..2024-04-23 [3mtotal[0m[2m=[0m393312
[2m2026-09-02T19:21:18.745976Z[0m [32m INFO[0m [2mtushare_sync[0m[2m:[0m window synced [3mcode[0m[2m=[0m"512800" [3mwindow[0m[2m=[0m2024-04-24..2024-05-23 [3mtotal[0m[2m=[0m397891
[2m2026-09-02T19:21:19.759151Z[0m [32m INFO[0m [2mtushare_sync[0m[2m:[0m window synced [3mcode[0m[2m=[0m"512800" [3mwindow[0m[2m=[0m2024-05-24..2024-06-22 [3mtotal[0m[2m=[0m402711
[2m2026-09-02T19:21:20.797800Z[0m [32m INFO[0m [2mtushare_sync[0m[2m:[0m window synced [3mcode[0m[2m=[0m"512800" [3mwindow[0m[2m=[0m2024-06-23..2024-07-22 [3mtotal[0m[2m=[0m407772
[2m2026-09-02T19:21:21.761710Z[0m [32m INFO[0m [2mtushare_sync[0m[2m:[0m window synced [3mcode[0m[2m=[0m"512800" [3mwindow[0m[2m=[0m2024-07-23..2024-08-21 [3mtotal[0m[2m=[0m413074
[2m2026-09-02T19:21:22.761098Z[0m [32m INFO[0m [2mtushare_sync[0m[2m:[0m window synced [3mcode[0m[2m=[0m"512800" [3mwindow[0m[2m=[0m2024-08-22..2024-09-20 [3mtotal[0m[2m=[0m417894
[2m2026-09-02T19:21:24.087804Z[0m [32m INFO[0m [2mtushare_sync[0m[2m:[0m window synced [3mcode[0m[2m=[0m"512800" [3mwindow[0m[2m=[0m2024-09-21..2024-10-20 [3mtotal[0m[2m=[0m421509
[2m2026-09-02T19:21:24.918770Z[0m [32m INFO[0m [2mtushare_sync[0m[2m:[0m window synced [3mcode[0m[2m=[0m"512800" [3mwindow[0m[2m=[0m2024-10-21..2024-11-19 [3mtotal[0m[2m=[0m426811
[2m2026-09-02T19:21:25.767064Z[0m [32m INFO[0m [2mtushare_sync[0m[2m:[0m window synced [3mcode[0m[2m=[0m"512800" [3mwindow[0m[2m=[0m2024-11-20..2024-12-19 [3mtotal[0m[2m=[0m432113
[2m2026-09-02T19:21:26.895009Z[0m [32m INFO[0m [2mtushare_sync[0m[2m:[0m window synced [3mcode[0m[2m=[0m"512800" [3mwindow[0m[2m=[0m2024-12-20..2025-01-18 [3mtotal[0m[2m=[0m436933
[2m2026-09-02T19:21:27.727849Z[0m [32m INFO[0m [2mtushare_sync[0m[2m:[0m window synced [3mcode[0m[2m=[0m"512800" [3mwindow[0m[2m=[0m2025-01-19..2025-02-17 [3mtotal[0m[2m=[0m440548
[2m2026-09-02T19:21:28.757750Z[0m [32m INFO[0m [2mtushare_sync[0m[2m:[0m window synced [3mcode[0m[2m=[0m"512800" [3mwindow[0m[2m=[0m2025-02-18..2025-03-19 [3mtotal[0m[2m=[0m445850
[2m2026-09-02T19:21:29.747707Z[0m [32m INFO[0m [2mtushare_sync[0m[2m:[0m window synced [3mcode[0m[2m=[0m"512800" [3mwindow[0m[2m=[0m2025-03-20..2025-04-18 [3mtotal[0m[2m=[0m450911
[2m2026-09-02T19:21:30.770717Z[0m [32m INFO[0m [2mtushare_sync[0m[2m:[0m window synced [3mcode[0m[2m=[0m"512800" [3mwindow[0m[2m=[0m2025-04-19..2025-05-18 [3mtotal[0m[2m=[0m455008
[2m2026-09-02T19:21:31.760063Z[0m [32m INFO[0m [2mtushare_sync[0m[2m:[0m window synced [3mcode[0m[2m=[0m"512800" [3mwindow[0m[2m=[0m2025-05-19..2025-06-17 [3mtotal[0m[2m=[0m460069
[2m2026-09-02T19:21:32.759667Z[0m [32m INFO[0m [2mtushare_sync[0m[2m:[0m window synced [3mcode[0m[2m=[0m"512800" [3mwindow[0m[2m=[0m2025-06-18..2025-07-17 [3mtotal[0m[2m=[0m465371
[2m2026-09-02T19:21:34.050083Z[0m [32m INFO[0m [2mtushare_sync[0m[2m:[0m window synced [3mcode[0m[2m=[0m"512800" [3mwindow[0m[2m=[0m2025-07-18..2025-08-16 [3mtotal[0m[2m=[0m470432
[2m2026-09-02T19:21:34.793717Z[0m [32m INFO[0m [2mtushare_sync[0m[2m:[0m window synced [3mcode[0m[2m=[0m"512800" [3mwindow[0m[2m=[0m2025-08-17..2025-09-15 [3mtotal[0m[2m=[0m475493
[2m2026-09-02T19:21:36.313767Z[0m [32m INFO[0m [2mtushare_sync[0m[2m:[0m window synced [3mcode[0m[2m=[0m"512800" [3mwindow[0m[2m=[0m2025-09-16..2025-10-15 [3mtotal[0m[2m=[0m479349
[2m2026-09-02T19:21:36.811024Z[0m [32m INFO[0m [2mtushare_sync[0m[2m:[0m window synced [3mcode[0m[2m=[0m"512800" [3mwindow[0m[2m=[0m2025-10-16..2025-11-14 [3mtotal[0m[2m=[0m484651
[2m2026-09-02T19:21:37.772576Z[0m [32m INFO[0m [2mtushare_sync[0m[2m:[0m window synced [3mcode[0m[2m=[0m"512800" [3mwindow[0m[2m=[0m2025-11-15..2025-12-14 [3mtotal[0m[2m=[0m489471
[2m2026-09-02T19:21:38.756435Z[0m [32m INFO[0m [2mtushare_sync[0m[2m:[0m window synced [3mcode[0m[2m=[0m"512800" [3mwindow[0m[2m=[0m2025-12-15..2026-01-13 [3mtotal[0m[2m=[0m494291
[2m2026-09-02T19:21:39.842365Z[0m [32m INFO[0m [2mtushare_sync[0m[2m:[0m window synced [3mcode[0m[2m=[0m"512800" [3mwindow[0m[2m=[0m2026-01-14..2026-02-12 [3mtotal[0m[2m=[0m499593
[2m2026-09-02T19:21:40.708138Z[0m [32m INFO[0m [2mtushare_sync[0m[2m:[0m window synced [3mcode[0m[2m=[0m"512800" [3mwindow[0m[2m=[0m2026-02-13..2026-03-14 [3mtotal[0m[2m=[0m503208
[2m2026-09-02T19:21:41.776682Z[0m [32m INFO[0m [2mtushare_sync[0m[2m:[0m window synced [3mcode[0m[2m=[0m"512800" [3mwindow[0m[2m=[0m2026-03-15..2026-04-13 [3mtotal[0m[2m=[0m508028
[2m2026-09-02T19:21:42.737992Z[0m [32m INFO[0m [2mtushare_sync[0m[2m:[0m window synced [3mcode[0m[2m=[0m"512800" [3mwindow[0m[2m=[0m2026-04-14..2026-05-13 [3mtotal[0m[2m=[0m512607
[2m2026-09-02T19:21:43.757123Z[0m [32m INFO[0m [2mtushare_sync[0m[2m:[0m window synced [3mcode[0m[2m=[0m"512800" [3mwindow[0m[2m=[0m2026-05-14..2026-06-12 [3mtotal[0m[2m=[0m517909
[2m2026-09-02T19:21:44.737285Z[0m [32m INFO[0m [2mtushare_sync[0m[2m:[0m window synced [3mcode[0m[2m=[0m"512800" [3mwindow[0m[2m=[0m2026-06-13..2026-07-12 [3mtotal[0m[2m=[0m522488
[2m2026-09-02T19:21:45.762553Z[0m [32m INFO[0m [2mtushare_sync[0m[2m:[0m window synced [3mcode[0m[2m=[0m"512800" [3mwindow[0m[2m=[0m2026-07-13..2026-08-11 [3mtotal[0m[2m=[0m527790
[2m2026-09-02T19:21:46.781354Z[0m [32m INFO[0m [2mtushare_sync[0m[2m:[0m window synced [3mcode[0m[2m=[0m"512800" [3mwindow[0m[2m=[0m2026-08-12..2026-09-03 [3mtotal[0m[2m=[0m531646
[2m2026-09-02T19:21:46.781390Z[0m [32m INFO[0m [2mtushare_sync[0m[2m:[0m === sync done === [3mcode[0m[2m=[0m"512800" [3mbars[0m[2m=[0m531646
[2m2026-09-02T19:21:46.781399Z[0m [32m INFO[0m [2mtushare_sync[0m[2m:[0m === sync start === [3mcode[0m[2m=[0m"513050"
[2m2026-09-02T19:21:52.786479Z[0m [32m INFO[0m [2mtushare_sync[0m[2m:[0m first data year found [3mcode[0m[2m=[0m"513050" [3mfirst_year[0m[2m=[0m2017
[2m2026-09-02T19:21:53.694873Z[0m [32m INFO[0m [2mtushare_sync[0m[2m:[0m window synced [3mcode[0m[2m=[0m"513050" [3mwindow[0m[2m=[0m2017-01-01..2017-01-30 [3mtotal[0m[2m=[0m1687
[2m2026-09-02T19:21:54.764374Z[0m [32m INFO[0m [2mtushare_sync[0m[2m:[0m window synced [3mcode[0m[2m=[0m"513050" [3mwindow[0m[2m=[0m2017-01-31..2017-03-01 [3mtotal[0m[2m=[0m6266
[2m2026-09-02T19:21:55.781511Z[0m [32m INFO[0m [2mtushare_sync[0m[2m:[0m window synced [3mcode[0m[2m=[0m"513050" [3mwindow[0m[2m=[0m2017-03-02..2017-03-31 [3mtotal[0m[2m=[0m11568
[2m2026-09-02T19:21:56.750260Z[0m [32m INFO[0m [2mtushare_sync[0m[2m:[0m window synced [3mcode[0m[2m=[0m"513050" [3mwindow[0m[2m=[0m2017-04-01..2017-04-30 [3mtotal[0m[2m=[0m15906
[2m2026-09-02T19:21:57.759350Z[0m [32m INFO[0m [2mtushare_sync[0m[2m:[0m window synced [3mcode[0m[2m=[0m"513050" [3mwindow[0m[2m=[0m2017-05-01..2017-05-30 [3mtotal[0m[2m=[0m20485
[2m2026-09-02T19:21:58.816673Z[0m [32m INFO[0m [2mtushare_sync[0m[2m:[0m window synced [3mcode[0m[2m=[0m"513050" [3mwindow[0m[2m=[0m2017-05-31..2017-06-29 [3mtotal[0m[2m=[0m25787
[2m2026-09-02T19:21:59.811184Z[0m [32m INFO[0m [2mtushare_sync[0m[2m:[0m window synced [3mcode[0m[2m=[0m"513050" [3mwindow[0m[2m=[0m2017-06-30..2017-07-29 [3mtotal[0m[2m=[0m30848
[2m2026-09-02T19:22:00.794526Z[0m [32m INFO[0m [2mtushare_sync[0m[2m:[0m window synced [3mcode[0m[2m=[0m"513050" [3mwindow[0m[2m=[0m2017-07-30..2017-08-28 [3mtotal[0m[2m=[0m35909
[2m2026-09-02T19:22:01.814660Z[0m [32m INFO[0m [2mtushare_sync[0m[2m:[0m window synced [3mcode[0m[2m=[0m"513050" [3mwindow[0m[2m=[0m2017-08-29..2017-09-27 [3mtotal[0m[2m=[0m41211
[2m2026-09-02T19:22:02.753652Z[0m [32m INFO[0m [2mtushare_sync[0m[2m:[0m window synced [3mcode[0m[2m=[0m"513050" [3mwindow[0m[2m=[0m2017-09-28..2017-10-27 [3mtotal[0m[2m=[0m45308
[2m2026-09-02T19:22:03.769021Z[0m [32m INFO[0m [2mtushare_sync[0m[2m:[0m window synced [3mcode[0m[2m=[0m"513050" [3mwindow[0m[2m=[0m2017-10-28..2017-11-26 [3mtotal[0m[2m=[0m50128
[2m2026-09-02T19:22:04.830376Z[0m [32m INFO[0m [2mtushare_sync[0m[2m:[0m window synced [3mcode[0m[2m=[0m"513050" [3mwindow[0m[2m=[0m2017-11-27..2017-12-26 [3mtotal[0m[2m=[0m55430
[2m2026-09-02T19:22:05.797317Z[0m [32m INFO[0m [2mtushare_sync[0m[2m:[0m window synced [3mcode[0m[2m=[0m"513050" [3mwindow[0m[2m=[0m2017-12-27..2018-01-25 [3mtotal[0m[2m=[0m60491
[2m2026-09-02T19:22:06.764257Z[0m [32m INFO[0m [2mtushare_sync[0m[2m:[0m window synced [3mcode[0m[2m=[0m"513050" [3mwindow[0m[2m=[0m2018-01-26..2018-02-24 [3mtotal[0m[2m=[0m64347
[2m2026-09-02T19:22:07.796387Z[0m [32m INFO[0m [2mtushare_sync[0m[2m:[0m window synced [3mcode[0m[2m=[0m"513050" [3mwindow[0m[2m=[0m2018-02-25..2018-03-26 [3mtotal[0m[2m=[0m69408
[2m2026-09-02T19:22:08.798424Z[0m [32m INFO[0m [2mtushare_sync[0m[2m:[0m window synced [3mcode[0m[2m=[0m"513050" [3mwindow[0m[2m=[0m2018-03-27..2018-04-25 [3mtotal[0m[2m=[0m74228
[2m2026-09-02T19:22:09.839605Z[0m [32m INFO[0m [2mtushare_sync[0m[2m:[0m window synced [3mcode[0m[2m=[0m"513050" [3mwindow[0m[2m=[0m2018-04-26..2018-05-25 [3mtotal[0m[2m=[0m79048
[2m2026-09-02T19:22:10.789745Z[0m [32m INFO[0m [2mtushare_sync[0m[2m:[0m window synced [3mcode[0m[2m=[0m"513050" [3mwindow[0m[2m=[0m2018-05-26..2018-06-24 [3mtotal[0m[2m=[0m83627
[2m2026-09-02T19:22:11.844299Z[0m [32m INFO[0m [2mtushare_sync[0m[2m:[0m window synced [3mcode[0m[2m=[0m"513050" [3mwindow[0m[2m=[0m2018-06-25..2018-07-24 [3mtotal[0m[2m=[0m88929
[2m2026-09-02T19:22:12.808385Z[0m [32m INFO[0m [2mtushare_sync[0m[2m:[0m window synced [3mcode[0m[2m=[0m"513050" [3mwindow[0m[2m=[0m2018-07-25..2018-08-23 [3mtotal[0m[2m=[0m94231
[2m2026-09-02T19:22:14.089286Z[0m [32m INFO[0m [2mtushare_sync[0m[2m:[0m window synced [3mcode[0m[2m=[0m"513050" [3mwindow[0m[2m=[0m2018-08-24..2018-09-22 [3mtotal[0m[2m=[0m99292
[2m2026-09-02T19:22:14.746924Z[0m [32m INFO[0m [2mtushare_sync[0m[2m:[0m window synced [3mcode[0m[2m=[0m"513050" [3mwindow[0m[2m=[0m2018-09-23..2018-10-22 [3mtotal[0m[2m=[0m102907
[2m2026-09-02T19:22:15.800246Z[0m [32m INFO[0m [2mtushare_sync[0m[2m:[0m window synced [3mcode[0m[2m=[0m"513050" [3mwindow[0m[2m=[0m2018-10-23..2018-11-21 [3mtotal[0m[2m=[0m108209
[2m2026-09-02T19:22:16.951565Z[0m [32m INFO[0m [2mtushare_sync[0m[2m:[0m window synced [3mcode[0m[2m=[0m"513050" [3mwindow[0m[2m=[0m2018-11-22..2018-12-21 [3mtotal[0m[2m=[0m113511
[2m2026-09-02T19:22:17.786802Z[0m [32m INFO[0m [2mtushare_sync[0m[2m:[0m window synced [3mcode[0m[2m=[0m"513050" [3mwindow[0m[2m=[0m2018-12-22..2019-01-20 [3mtotal[0m[2m=[0m117849
[2m2026-09-02T19:22:18.772978Z[0m [32m INFO[0m [2mtushare_sync[0m[2m:[0m window synced [3mcode[0m[2m=[0m"513050" [3mwindow[0m[2m=[0m2019-01-21..2019-02-19 [3mtotal[0m[2m=[0m121946
[2m2026-09-02T19:22:19.826764Z[0m [32m INFO[0m [2mtushare_sync[0m[2m:[0m window synced [3mcode[0m[2m=[0m"513050" [3mwindow[0m[2m=[0m2019-02-20..2019-03-21 [3mtotal[0m[2m=[0m127248
[2m2026-09-02T19:22:20.803784Z[0m [32m INFO[0m [2mtushare_sync[0m[2m:[0m window synced [3mcode[0m[2m=[0m"513050" [3mwindow[0m[2m=[0m2019-03-22..2019-04-20 [3mtotal[0m[2m=[0m132068
[2m2026-09-02T19:22:21.788992Z[0m [32m INFO[0m [2mtushare_sync[0m[2m:[0m window synced [3mcode[0m[2m=[0m"513050" [3mwindow[0m[2m=[0m2019-04-21..2019-05-20 [3mtotal[0m[2m=[0m136406
[2m2026-09-02T19:22:22.800096Z[0m [32m INFO[0m [2mtushare_sync[0m[2m:[0m window synced [3mcode[0m[2m=[0m"513050" [3mwindow[0m[2m=[0m2019-05-21..2019-06-19 [3mtotal[0m[2m=[0m141467
[2m2026-09-02T19:22:23.805490Z[0m [32m INFO[0m [2mtushare_sync[0m[2m:[0m window synced [3mcode[0m[2m=[0m"513050" [3mwindow[0m[2m=[0m2019-06-20..2019-07-19 [3mtotal[0m[2m=[0m146769
[2m2026-09-02T19:22:24.797816Z[0m [32m INFO[0m [2mtushare_sync[0m[2m:[0m window synced [3mcode[0m[2m=[0m"513050" [3mwindow[0m[2m=[0m2019-07-20..2019-08-18 [3mtotal[0m[2m=[0m151589
[2m2026-09-02T19:22:25.842033Z[0m [32m INFO[0m [2mtushare_sync[0m[2m:[0m window synced [3mcode[0m[2m=[0m"513050" [3mwindow[0m[2m=[0m2019-08-19..2019-09-17 [3mtotal[0m[2m=[0m156650
[2m2026-09-02T19:22:26.851273Z[0m [32m INFO[0m [2mtushare_sync[0m[2m:[0m window synced [3mcode[0m[2m=[0m"513050" [3mwindow[0m[2m=[0m2019-09-18..2019-10-17 [3mtotal[0m[2m=[0m160747
[2m2026-09-02T19:22:27.817111Z[0m [32m INFO[0m [2mtushare_sync[0m[2m:[0m window synced [3mcode[0m[2m=[0m"513050" [3mwindow[0m[2m=[0m2019-10-18..2019-11-16 [3mtotal[0m[2m=[0m165808
[2m2026-09-02T19:22:28.822609Z[0m [32m INFO[0m [2mtushare_sync[0m[2m:[0m window synced [3mcode[0m[2m=[0m"513050" [3mwindow[0m[2m=[0m2019-11-17..2019-12-16 [3mtotal[0m[2m=[0m170869
[2m2026-09-02T19:22:29.823623Z[0m [32m INFO[0m [2mtushare_sync[0m[2m:[0m window synced [3mcode[0m[2m=[0m"513050" [3mwindow[0m[2m=[0m2019-12-17..2020-01-15 [3mtotal[0m[2m=[0m175930
[2m2026-09-02T19:22:30.780333Z[0m [32m INFO[0m [2mtushare_sync[0m[2m:[0m window synced [3mcode[0m[2m=[0m"513050" [3mwindow[0m[2m=[0m2020-01-16..2020-02-14 [3mtotal[0m[2m=[0m179786
[2m2026-09-02T19:22:31.806611Z[0m [32m INFO[0m [2mtushare_sync[0m[2m:[0m window synced [3mcode[0m[2m=[0m"513050" [3mwindow[0m[2m=[0m2020-02-15..2020-03-15 [3mtotal[0m[2m=[0m184606
[2m2026-09-02T19:22:32.809068Z[0m [32m INFO[0m [2mtushare_sync[0m[2m:[0m window synced [3mcode[0m[2m=[0m"513050" [3mwindow[0m[2m=[0m2020-03-16..2020-04-14 [3mtotal[0m[2m=[0m189667
[2m2026-09-02T19:22:33.819799Z[0m [32m INFO[0m [2mtushare_sync[0m[2m:[0m window synced [3mcode[0m[2m=[0m"513050" [3mwindow[0m[2m=[0m2020-04-15..2020-05-14 [3mtotal[0m[2m=[0m194246
[2m2026-09-02T19:22:34.797135Z[0m [32m INFO[0m [2mtushare_sync[0m[2m:[0m window synced [3mcode[0m[2m=[0m"513050" [3mwindow[0m[2m=[0m2020-05-15..2020-06-13 [3mtotal[0m[2m=[0m199307
[2m2026-09-02T19:22:35.813530Z[0m [32m INFO[0m [2mtushare_sync[0m[2m:[0m window synced [3mcode[0m[2m=[0m"513050" [3mwindow[0m[2m=[0m2020-06-14..2020-07-13 [3mtotal[0m[2m=[0m203886
[2m2026-09-02T19:22:36.840823Z[0m [32m INFO[0m [2mtushare_sync[0m[2m:[0m window synced [3mcode[0m[2m=[0m"513050" [3mwindow[0m[2m=[0m2020-07-14..2020-08-12 [3mtotal[0m[2m=[0m209188
[2m2026-09-02T19:22:37.833865Z[0m [32m INFO[0m [2mtushare_sync[0m[2m:[0m window synced [3mcode[0m[2m=[0m"513050" [3mwindow[0m[2m=[0m2020-08-13..2020-09-11 [3mtotal[0m[2m=[0m214490
[2m2026-09-02T19:22:38.784986Z[0m [32m INFO[0m [2mtushare_sync[0m[2m:[0m window synced [3mcode[0m[2m=[0m"513050" [3mwindow[0m[2m=[0m2020-09-12..2020-10-11 [3mtotal[0m[2m=[0m217864
[2m2026-09-02T19:22:39.831941Z[0m [32m INFO[0m [2mtushare_sync[0m[2m:[0m window synced [3mcode[0m[2m=[0m"513050" [3mwindow[0m[2m=[0m2020-10-12..2020-11-10 [3mtotal[0m[2m=[0m223166
[2m2026-09-02T19:22:40.843688Z[0m [32m INFO[0m [2mtushare_sync[0m[2m:[0m window synced [3mcode[0m[2m=[0m"513050" [3mwindow[0m[2m=[0m2020-11-11..2020-12-10 [3mtotal[0m[2m=[0m228468
[2m2026-09-02T19:22:41.906981Z[0m [32m INFO[0m [2mtushare_sync[0m[2m:[0m window synced [3mcode[0m[2m=[0m"513050" [3mwindow[0m[2m=[0m2020-12-11..2021-01-09 [3mtotal[0m[2m=[0m233288
[2m2026-09-02T19:22:42.871550Z[0m [32m INFO[0m [2mtushare_sync[0m[2m:[0m window synced [3mcode[0m[2m=[0m"513050" [3mwindow[0m[2m=[0m2021-01-10..2021-02-08 [3mtotal[0m[2m=[0m238349
[2m2026-09-02T19:22:44.217440Z[0m [32m INFO[0m [2mtushare_sync[0m[2m:[0m window synced [3mcode[0m[2m=[0m"513050" [3mwindow[0m[2m=[0m2021-02-09..2021-03-10 [3mtotal[0m[2m=[0m242446
[2m2026-09-02T19:22:44.852710Z[0m [32m INFO[0m [2mtushare_sync[0m[2m:[0m window synced [3mcode[0m[2m=[0m"513050" [3mwindow[0m[2m=[0m2021-03-11..2021-04-09 [3mtotal[0m[2m=[0m247507
[2m2026-09-02T19:22:45.821259Z[0m [32m INFO[0m [2mtushare_sync[0m[2m:[0m window synced [3mcode[0m[2m=[0m"513050" [3mwindow[0m[2m=[0m2021-04-10..2021-05-09 [3mtotal[0m[2m=[0m251604
[2m2026-09-02T19:22:46.857387Z[0m [32m INFO[0m [2mtushare_sync[0m[2m:[0m window synced [3mcode[0m[2m=[0m"513050" [3mwindow[0m[2m=[0m2021-05-10..2021-06-08 [3mtotal[0m[2m=[0m256906
[2m2026-09-02T19:22:47.867445Z[0m [32m INFO[0m [2mtushare_sync[0m[2m:[0m window synced [3mcode[0m[2m=[0m"513050" [3mwindow[0m[2m=[0m2021-06-09..2021-07-08 [3mtotal[0m[2m=[0m261967
[2m2026-09-02T19:22:48.856318Z[0m [32m INFO[0m [2mtushare_sync[0m[2m:[0m window synced [3mcode[0m[2m=[0m"513050" [3mwindow[0m[2m=[0m2021-07-09..2021-08-07 [3mtotal[0m[2m=[0m267028
[2m2026-09-02T19:22:49.833535Z[0m [32m INFO[0m [2mtushare_sync[0m[2m:[0m window synced [3mcode[0m[2m=[0m"513050" [3mwindow[0m[2m=[0m2021-08-08..2021-09-06 [3mtotal[0m[2m=[0m272089
[2m2026-09-02T19:22:50.814565Z[0m [32m INFO[0m [2mtushare_sync[0m[2m:[0m window synced [3mcode[0m[2m=[0m"513050" [3mwindow[0m[2m=[0m2021-09-07..2021-10-06 [3mtotal[0m[2m=[0m275945
[2m2026-09-02T19:22:51.850177Z[0m [32m INFO[0m [2mtushare_sync[0m[2m:[0m window synced [3mcode[0m[2m=[0m"513050" [3mwindow[0m[2m=[0m2021-10-07..2021-11-05 [3mtotal[0m[2m=[0m281006
[2m2026-09-02T19:22:52.837503Z[0m [32m INFO[0m [2mtushare_sync[0m[2m:[0m window synced [3mcode[0m[2m=[0m"513050" [3mwindow[0m[2m=[0m2021-11-06..2021-12-05 [3mtotal[0m[2m=[0m285826
[2m2026-09-02T19:22:53.861144Z[0m [32m INFO[0m [2mtushare_sync[0m[2m:[0m window synced [3mcode[0m[2m=[0m"513050" [3mwindow[0m[2m=[0m2021-12-06..2022-01-04 [3mtotal[0m[2m=[0m290887
[2m2026-09-02T19:22:54.863198Z[0m [32m INFO[0m [2mtushare_sync[0m[2m:[0m window synced [3mcode[0m[2m=[0m"513050" [3mwindow[0m[2m=[0m2022-01-05..2022-02-03 [3mtotal[0m[2m=[0m295225
[2m2026-09-02T19:22:55.856842Z[0m [32m INFO[0m [2mtushare_sync[0m[2m:[0m window synced [3mcode[0m[2m=[0m"513050" [3mwindow[0m[2m=[0m2022-02-04..2022-03-05 [3mtotal[0m[2m=[0m300045
[2m2026-09-02T19:22:56.844584Z[0m [32m INFO[0m [2mtushare_sync[0m[2m:[0m window synced [3mcode[0m[2m=[0m"513050" [3mwindow[0m[2m=[0m2022-03-06..2022-04-04 [3mtotal[0m[2m=[0m304865
[2m2026-09-02T19:22:57.841027Z[0m [32m INFO[0m [2mtushare_sync[0m[2m:[0m window synced [3mcode[0m[2m=[0m"513050" [3mwindow[0m[2m=[0m2022-04-05..2022-05-04 [3mtotal[0m[2m=[0m309203
[2m2026-09-02T19:22:58.864498Z[0m [32m INFO[0m [2mtushare_sync[0m[2m:[0m window synced [3mcode[0m[2m=[0m"513050" [3mwindow[0m[2m=[0m2022-05-05..2022-06-03 [3mtotal[0m[2m=[0m314264
[2m2026-09-02T19:23:00.058591Z[0m [32m INFO[0m [2mtushare_sync[0m[2m:[0m window synced [3mcode[0m[2m=[0m"513050" [3mwindow[0m[2m=[0m2022-06-04..2022-07-03 [3mtotal[0m[2m=[0m319084
[2m2026-09-02T19:23:00.864410Z[0m [32m INFO[0m [2mtushare_sync[0m[2m:[0m window synced [3mcode[0m[2m=[0m"513050" [3mwindow[0m[2m=[0m2022-07-04..2022-08-02 [3mtotal[0m[2m=[0m324386
[2m2026-09-02T19:23:02.171899Z[0m [32m INFO[0m [2mtushare_sync[0m[2m:[0m window synced [3mcode[0m[2m=[0m"513050" [3mwindow[0m[2m=[0m2022-08-03..2022-09-01 [3mtotal[0m[2m=[0m329688
[2m2026-09-02T19:23:02.856052Z[0m [32m INFO[0m [2mtushare_sync[0m[2m:[0m window synced [3mcode[0m[2m=[0m"513050" [3mwindow[0m[2m=[0m2022-09-02..2022-10-01 [3mtotal[0m[2m=[0m334508
[2m2026-09-02T19:23:03.827304Z[0m [32m INFO[0m [2mtushare_sync[0m[2m:[0m window synced [3mcode[0m[2m=[0m"513050" [3mwindow[0m[2m=[0m2022-10-02..2022-10-31 [3mtotal[0m[2m=[0m338364
[2m2026-09-02T19:23:04.873307Z[0m [32m INFO[0m [2mtushare_sync[0m[2m:[0m window synced [3mcode[0m[2m=[0m"513050" [3mwindow[0m[2m=[0m2022-11-01..2022-11-30 [3mtotal[0m[2m=[0m343666
[2m2026-09-02T19:23:05.861644Z[0m [32m INFO[0m [2mtushare_sync[0m[2m:[0m window synced [3mcode[0m[2m=[0m"513050" [3mwindow[0m[2m=[0m2022-12-01..2022-12-30 [3mtotal[0m[2m=[0m348968
[2m2026-09-02T19:23:06.865488Z[0m [32m INFO[0m [2mtushare_sync[0m[2m:[0m window synced [3mcode[0m[2m=[0m"513050" [3mwindow[0m[2m=[0m2022-12-31..2023-01-29 [3mtotal[0m[2m=[0m352342
[2m2026-09-02T19:23:08.011333Z[0m [32m INFO[0m [2mtushare_sync[0m[2m:[0m window synced [3mcode[0m[2m=[0m"513050" [3mwindow[0m[2m=[0m2023-01-30..2023-02-28 [3mtotal[0m[2m=[0m357644
[2m2026-09-02T19:23:09.142767Z[0m [32m INFO[0m [2mtushare_sync[0m[2m:[0m window synced [3mcode[0m[2m=[0m"513050" [3mwindow[0m[2m=[0m2023-03-01..2023-03-30 [3mtotal[0m[2m=[0m362946
[2m2026-09-02T19:23:09.902115Z[0m [32m INFO[0m [2mtushare_sync[0m[2m:[0m window synced [3mcode[0m[2m=[0m"513050" [3mwindow[0m[2m=[0m2023-03-31..2023-04-29 [3mtotal[0m[2m=[0m367766
[2m2026-09-02T19:23:10.896650Z[0m [32m INFO[0m [2mtushare_sync[0m[2m:[0m window synced [3mcode[0m[2m=[0m"513050" [3mwindow[0m[2m=[0m2023-04-30..2023-05-29 [3mtotal[0m[2m=[0m372104
[2m2026-09-02T19:23:11.961366Z[0m [32m INFO[0m [2mtushare_sync[0m[2m:[0m window synced [3mcode[0m[2m=[0m"513050" [3mwindow[0m[2m=[0m2023-05-30..2023-06-28 [3mtotal[0m[2m=[0m376924
[2m2026-09-02T19:23:12.950364Z[0m [32m INFO[0m [2mtushare_sync[0m[2m:[0m window synced [3mcode[0m[2m=[0m"513050" [3mwindow[0m[2m=[0m2023-06-29..2023-07-28 [3mtotal[0m[2m=[0m382226
[2m2026-09-02T19:23:14.233264Z[0m [32m INFO[0m [2mtushare_sync[0m[2m:[0m window synced [3mcode[0m[2m=[0m"513050" [3mwindow[0m[2m=[0m2023-07-29..2023-08-27 [3mtotal[0m[2m=[0m387046
[2m2026-09-02T19:23:14.936913Z[0m [32m INFO[0m [2mtushare_sync[0m[2m:[0m window synced [3mcode[0m[2m=[0m"513050" [3mwindow[0m[2m=[0m2023-08-28..2023-09-26 [3mtotal[0m[2m=[0m392348
[2m2026-09-02T19:23:16.065198Z[0m [32m INFO[0m [2mtushare_sync[0m[2m:[0m window synced [3mcode[0m[2m=[0m"513050" [3mwindow[0m[2m=[0m2023-09-27..2023-10-26 [3mtotal[0m[2m=[0m396204
[2m2026-09-02T19:23:16.950265Z[0m [32m INFO[0m [2mtushare_sync[0m[2m:[0m window synced [3mcode[0m[2m=[0m"513050" [3mwindow[0m[2m=[0m2023-10-27..2023-11-25 [3mtotal[0m[2m=[0m401265
[2m2026-09-02T19:23:17.909956Z[0m [32m INFO[0m [2mtushare_sync[0m[2m:[0m window synced [3mcode[0m[2m=[0m"513050" [3mwindow[0m[2m=[0m2023-11-26..2023-12-25 [3mtotal[0m[2m=[0m406326
[2m2026-09-02T19:23:18.903266Z[0m [32m INFO[0m [2mtushare_sync[0m[2m:[0m window synced [3mcode[0m[2m=[0m"513050" [3mwindow[0m[2m=[0m2023-12-26..2024-01-24 [3mtotal[0m[2m=[0m411387
[2m2026-09-02T19:23:19.860758Z[0m [32m INFO[0m [2mtushare_sync[0m[2m:[0m window synced [3mcode[0m[2m=[0m"513050" [3mwindow[0m[2m=[0m2024-01-25..2024-02-23 [3mtotal[0m[2m=[0m415243
[2m2026-09-02T19:23:20.893795Z[0m [32m INFO[0m [2mtushare_sync[0m[2m:[0m window synced [3mcode[0m[2m=[0m"513050" [3mwindow[0m[2m=[0m2024-02-24..2024-03-24 [3mtotal[0m[2m=[0m420063
[2m2026-09-02T19:23:21.910484Z[0m [32m INFO[0m [2mtushare_sync[0m[2m:[0m window synced [3mcode[0m[2m=[0m"513050" [3mwindow[0m[2m=[0m2024-03-25..2024-04-23 [3mtotal[0m[2m=[0m424883
[2m2026-09-02T19:23:22.909149Z[0m [32m INFO[0m [2mtushare_sync[0m[2m:[0m window synced [3mcode[0m[2m=[0m"513050" [3mwindow[0m[2m=[0m2024-04-24..2024-05-23 [3mtotal[0m[2m=[0m429462
[2m2026-09-02T19:23:23.906123Z[0m [32m INFO[0m [2mtushare_sync[0m[2m:[0m window synced [3mcode[0m[2m=[0m"513050" [3mwindow[0m[2m=[0m2024-05-24..2024-06-22 [3mtotal[0m[2m=[0m434282
[2m2026-09-02T19:23:24.916754Z[0m [32m INFO[0m [2mtushare_sync[0m[2m:[0m window synced [3mcode[0m[2m=[0m"513050" [3mwindow[0m[2m=[0m2024-06-23..2024-07-22 [3mtotal[0m[2m=[0m439343
[2m2026-09-02T19:23:25.929348Z[0m [32m INFO[0m [2mtushare_sync[0m[2m:[0m window synced [3mcode[0m[2m=[0m"513050" [3mwindow[0m[2m=[0m2024-07-23..2024-08-21 [3mtotal[0m[2m=[0m444645
[2m2026-09-02T19:23:26.895595Z[0m [32m INFO[0m [2mtushare_sync[0m[2m:[0m window synced [3mcode[0m[2m=[0m"513050" [3mwindow[0m[2m=[0m2024-08-22..2024-09-20 [3mtotal[0m[2m=[0m449465
[2m2026-09-02T19:23:27.886693Z[0m [32m INFO[0m [2mtushare_sync[0m[2m:[0m window synced [3mcode[0m[2m=[0m"513050" [3mwindow[0m[2m=[0m2024-09-21..2024-10-20 [3mtotal[0m[2m=[0m453080
[2m2026-09-02T19:23:28.907628Z[0m [32m INFO[0m [2mtushare_sync[0m[2m:[0m window synced [3mcode[0m[2m=[0m"513050" [3mwindow[0m[2m=[0m2024-10-21..2024-11-19 [3mtotal[0m[2m=[0m458382
[2m2026-09-02T19:23:29.961723Z[0m [32m INFO[0m [2mtushare_sync[0m[2m:[0m window synced [3mcode[0m[2m=[0m"513050" [3mwindow[0m[2m=[0m2024-11-20..2024-12-19 [3mtotal[0m[2m=[0m463684
[2m2026-09-02T19:23:30.907849Z[0m [32m INFO[0m [2mtushare_sync[0m[2m:[0m window synced [3mcode[0m[2m=[0m"513050" [3mwindow[0m[2m=[0m2024-12-20..2025-01-18 [3mtotal[0m[2m=[0m468504
[2m2026-09-02T19:23:31.863293Z[0m [32m INFO[0m [2mtushare_sync[0m[2m:[0m window synced [3mcode[0m[2m=[0m"513050" [3mwindow[0m[2m=[0m2025-01-19..2025-02-17 [3mtotal[0m[2m=[0m472119
[2m2026-09-02T19:23:32.907379Z[0m [32m INFO[0m [2mtushare_sync[0m[2m:[0m window synced [3mcode[0m[2m=[0m"513050" [3mwindow[0m[2m=[0m2025-02-18..2025-03-19 [3mtotal[0m[2m=[0m477421
[2m2026-09-02T19:23:33.920650Z[0m [32m INFO[0m [2mtushare_sync[0m[2m:[0m window synced [3mcode[0m[2m=[0m"513050" [3mwindow[0m[2m=[0m2025-03-20..2025-04-18 [3mtotal[0m[2m=[0m482482
[2m2026-09-02T19:23:34.880858Z[0m [32m INFO[0m [2mtushare_sync[0m[2m:[0m window synced [3mcode[0m[2m=[0m"513050" [3mwindow[0m[2m=[0m2025-04-19..2025-05-18 [3mtotal[0m[2m=[0m486579
[2m2026-09-02T19:23:36.044360Z[0m [32m INFO[0m [2mtushare_sync[0m[2m:[0m window synced [3mcode[0m[2m=[0m"513050" [3mwindow[0m[2m=[0m2025-05-19..2025-06-17 [3mtotal[0m[2m=[0m491640
[2m2026-09-02T19:23:36.920117Z[0m [32m INFO[0m [2mtushare_sync[0m[2m:[0m window synced [3mcode[0m[2m=[0m"513050" [3mwindow[0m[2m=[0m2025-06-18..2025-07-17 [3mtotal[0m[2m=[0m496942
[2m2026-09-02T19:23:37.902291Z[0m [32m INFO[0m [2mtushare_sync[0m[2m:[0m window synced [3mcode[0m[2m=[0m"513050" [3mwindow[0m[2m=[0m2025-07-18..2025-08-16 [3mtotal[0m[2m=[0m502003
[2m2026-09-02T19:23:39.141037Z[0m [32m INFO[0m [2mtushare_sync[0m[2m:[0m window synced [3mcode[0m[2m=[0m"513050" [3mwindow[0m[2m=[0m2025-08-17..2025-09-15 [3mtotal[0m[2m=[0m507064
[2m2026-09-02T19:23:39.863276Z[0m [32m INFO[0m [2mtushare_sync[0m[2m:[0m window synced [3mcode[0m[2m=[0m"513050" [3mwindow[0m[2m=[0m2025-09-16..2025-10-15 [3mtotal[0m[2m=[0m510920
[2m2026-09-02T19:23:40.906256Z[0m [32m INFO[0m [2mtushare_sync[0m[2m:[0m window synced [3mcode[0m[2m=[0m"513050" [3mwindow[0m[2m=[0m2025-10-16..2025-11-14 [3mtotal[0m[2m=[0m516222
[2m2026-09-02T19:23:41.892503Z[0m [32m INFO[0m [2mtushare_sync[0m[2m:[0m window synced [3mcode[0m[2m=[0m"513050" [3mwindow[0m[2m=[0m2025-11-15..2025-12-14 [3mtotal[0m[2m=[0m521042
[2m2026-09-02T19:23:42.911291Z[0m [32m INFO[0m [2mtushare_sync[0m[2m:[0m window synced [3mcode[0m[2m=[0m"513050" [3mwindow[0m[2m=[0m2025-12-15..2026-01-13 [3mtotal[0m[2m=[0m525862
[2m2026-09-02T19:23:43.923702Z[0m [32m INFO[0m [2mtushare_sync[0m[2m:[0m window synced [3mcode[0m[2m=[0m"513050" [3mwindow[0m[2m=[0m2026-01-14..2026-02-12 [3mtotal[0m[2m=[0m531164
[2m2026-09-02T19:23:44.850609Z[0m [32m INFO[0m [2mtushare_sync[0m[2m:[0m window synced [3mcode[0m[2m=[0m"513050" [3mwindow[0m[2m=[0m2026-02-13..2026-03-14 [3mtotal[0m[2m=[0m534779
[2m2026-09-02T19:23:45.899980Z[0m [32m INFO[0m [2mtushare_sync[0m[2m:[0m window synced [3mcode[0m[2m=[0m"513050" [3mwindow[0m[2m=[0m2026-03-15..2026-04-13 [3mtotal[0m[2m=[0m539599
[2m2026-09-02T19:23:46.900436Z[0m [32m INFO[0m [2mtushare_sync[0m[2m:[0m window synced [3mcode[0m[2m=[0m"513050" [3mwindow[0m[2m=[0m2026-04-14..2026-05-13 [3mtotal[0m[2m=[0m544178
[2m2026-09-02T19:23:47.922942Z[0m [32m INFO[0m [2mtushare_sync[0m[2m:[0m window synced [3mcode[0m[2m=[0m"513050" [3mwindow[0m[2m=[0m2026-05-14..2026-06-12 [3mtotal[0m[2m=[0m549480
[2m2026-09-02T19:23:48.910087Z[0m [32m INFO[0m [2mtushare_sync[0m[2m:[0m window synced [3mcode[0m[2m=[0m"513050" [3mwindow[0m[2m=[0m2026-06-13..2026-07-12 [3mtotal[0m[2m=[0m554059
[2m2026-09-02T19:23:49.909341Z[0m [32m INFO[0m [2mtushare_sync[0m[2m:[0m window synced [3mcode[0m[2m=[0m"513050" [3mwindow[0m[2m=[0m2026-07-13..2026-08-11 [3mtotal[0m[2m=[0m559361
[2m2026-09-02T19:23:50.871485Z[0m [32m INFO[0m [2mtushare_sync[0m[2m:[0m window synced [3mcode[0m[2m=[0m"513050" [3mwindow[0m[2m=[0m2026-08-12..2026-09-03 [3mtotal[0m[2m=[0m563217
[2m2026-09-02T19:23:50.871519Z[0m [32m INFO[0m [2mtushare_sync[0m[2m:[0m === sync done === [3mcode[0m[2m=[0m"513050" [3mbars[0m[2m=[0m563217
[2m2026-09-02T19:23:50.871526Z[0m [32m INFO[0m [2mtushare_sync[0m[2m:[0m === sync start === [3mcode[0m[2m=[0m"513690"
[2m2026-09-02T19:24:00.965630Z[0m [32m INFO[0m [2mtushare_sync[0m[2m:[0m first data year found [3mcode[0m[2m=[0m"513690" [3mfirst_year[0m[2m=[0m2021
[2m2026-09-02T19:24:01.767647Z[0m [32m INFO[0m [2mtushare_sync[0m[2m:[0m window synced [3mcode[0m[2m=[0m"513690" [3mwindow[0m[2m=[0m2021-01-01..2021-01-30 [3mtotal[0m[2m=[0m0
[2m2026-09-02T19:24:02.772006Z[0m [32m INFO[0m [2mtushare_sync[0m[2m:[0m window synced [3mcode[0m[2m=[0m"513690" [3mwindow[0m[2m=[0m2021-01-31..2021-03-01 [3mtotal[0m[2m=[0m0
[2m2026-09-02T19:24:03.773005Z[0m [32m INFO[0m [2mtushare_sync[0m[2m:[0m window synced [3mcode[0m[2m=[0m"513690" [3mwindow[0m[2m=[0m2021-03-02..2021-03-31 [3mtotal[0m[2m=[0m0
[2m2026-09-02T19:24:04.773289Z[0m [32m INFO[0m [2mtushare_sync[0m[2m:[0m window synced [3mcode[0m[2m=[0m"513690" [3mwindow[0m[2m=[0m2021-04-01..2021-04-30 [3mtotal[0m[2m=[0m0
[2m2026-09-02T19:24:05.875782Z[0m [32m INFO[0m [2mtushare_sync[0m[2m:[0m window synced [3mcode[0m[2m=[0m"513690" [3mwindow[0m[2m=[0m2021-05-01..2021-05-30 [3mtotal[0m[2m=[0m1687
[2m2026-09-02T19:24:06.960208Z[0m [32m INFO[0m [2mtushare_sync[0m[2m:[0m window synced [3mcode[0m[2m=[0m"513690" [3mwindow[0m[2m=[0m2021-05-31..2021-06-29 [3mtotal[0m[2m=[0m6748
[2m2026-09-02T19:24:07.950922Z[0m [32m INFO[0m [2mtushare_sync[0m[2m:[0m window synced [3mcode[0m[2m=[0m"513690" [3mwindow[0m[2m=[0m2021-06-30..2021-07-29 [3mtotal[0m[2m=[0m12050
[2m2026-09-02T19:24:08.942508Z[0m [32m INFO[0m [2mtushare_sync[0m[2m:[0m window synced [3mcode[0m[2m=[0m"513690" [3mwindow[0m[2m=[0m2021-07-30..2021-08-28 [3mtotal[0m[2m=[0m17111
[2m2026-09-02T19:24:09.920356Z[0m [32m INFO[0m [2mtushare_sync[0m[2m:[0m window synced [3mcode[0m[2m=[0m"513690" [3mwindow[0m[2m=[0m2021-08-29..2021-09-27 [3mtotal[0m[2m=[0m21690
[2m2026-09-02T19:24:10.950698Z[0m [32m INFO[0m [2mtushare_sync[0m[2m:[0m window synced [3mcode[0m[2m=[0m"513690" [3mwindow[0m[2m=[0m2021-09-28..2021-10-27 [3mtotal[0m[2m=[0m25787
[2m2026-09-02T19:24:12.170418Z[0m [32m INFO[0m [2mtushare_sync[0m[2m:[0m window synced [3mcode[0m[2m=[0m"513690" [3mwindow[0m[2m=[0m2021-10-28..2021-11-26 [3mtotal[0m[2m=[0m31089
[2m2026-09-02T19:24:12.997735Z[0m [32m INFO[0m [2mtushare_sync[0m[2m:[0m window synced [3mcode[0m[2m=[0m"513690" [3mwindow[0m[2m=[0m2021-11-27..2021-12-26 [3mtotal[0m[2m=[0m35909
[2m2026-09-02T19:24:14.025893Z[0m [32m INFO[0m [2mtushare_sync[0m[2m:[0m window synced [3mcode[0m[2m=[0m"513690" [3mwindow[0m[2m=[0m2021-12-27..2022-01-25 [3mtotal[0m[2m=[0m40970
[2m2026-09-02T19:24:14.925475Z[0m [32m INFO[0m [2mtushare_sync[0m[2m:[0m window synced [3mcode[0m[2m=[0m"513690" [3mwindow[0m[2m=[0m2022-01-26..2022-02-24 [3mtotal[0m[2m=[0m45067
[2m2026-09-02T19:24:15.936257Z[0m [32m INFO[0m [2mtushare_sync[0m[2m:[0m window synced [3mcode[0m[2m=[0m"513690" [3mwindow[0m[2m=[0m2022-02-25..2022-03-26 [3mtotal[0m[2m=[0m50128
[2m2026-09-02T19:24:16.923904Z[0m [32m INFO[0m [2mtushare_sync[0m[2m:[0m window synced [3mcode[0m[2m=[0m"513690" [3mwindow[0m[2m=[0m2022-03-27..2022-04-25 [3mtotal[0m[2m=[0m54707
[2m2026-09-02T19:24:17.963454Z[0m [32m INFO[0m [2mtushare_sync[0m[2m:[0m window synced [3mcode[0m[2m=[0m"513690" [3mwindow[0m[2m=[0m2022-04-26..2022-05-25 [3mtotal[0m[2m=[0m59286
[2m2026-09-02T19:24:18.949832Z[0m [32m INFO[0m [2mtushare_sync[0m[2m:[0m window synced [3mcode[0m[2m=[0m"513690" [3mwindow[0m[2m=[0m2022-05-26..2022-06-24 [3mtotal[0m[2m=[0m64347
[2m2026-09-02T19:24:19.933556Z[0m [32m INFO[0m [2mtushare_sync[0m[2m:[0m window synced [3mcode[0m[2m=[0m"513690" [3mwindow[0m[2m=[0m2022-06-25..2022-07-24 [3mtotal[0m[2m=[0m69167
[2m2026-09-02T19:24:20.952872Z[0m [32m INFO[0m [2mtushare_sync[0m[2m:[0m window synced [3mcode[0m[2m=[0m"513690" [3mwindow[0m[2m=[0m2022-07-25..2022-08-23 [3mtotal[0m[2m=[0m74469
[2m2026-09-02T19:24:21.952837Z[0m [32m INFO[0m [2mtushare_sync[0m[2m:[0m window synced [3mcode[0m[2m=[0m"513690" [3mwindow[0m[2m=[0m2022-08-24..2022-09-22 [3mtotal[0m[2m=[0m79530
[2m2026-09-02T19:24:22.917251Z[0m [32m INFO[0m [2mtushare_sync[0m[2m:[0m window synced [3mcode[0m[2m=[0m"513690" [3mwindow[0m[2m=[0m2022-09-23..2022-10-22 [3mtotal[0m[2m=[0m83386
[2m2026-09-02T19:24:23.961730Z[0m [32m INFO[0m [2mtushare_sync[0m[2m:[0m window synced [3mcode[0m[2m=[0m"513690" [3mwindow[0m[2m=[0m2022-10-23..2022-11-21 [3mtotal[0m[2m=[0m88447
[2m2026-09-02T19:24:24.949210Z[0m [32m INFO[0m [2mtushare_sync[0m[2m:[0m window synced [3mcode[0m[2m=[0m"513690" [3mwindow[0m[2m=[0m2022-11-22..2022-12-21 [3mtotal[0m[2m=[0m93749
[2m2026-09-02T19:24:25.987567Z[0m [32m INFO[0m [2mtushare_sync[0m[2m:[0m window synced [3mcode[0m[2m=[0m"513690" [3mwindow[0m[2m=[0m2022-12-22..2023-01-20 [3mtotal[0m[2m=[0m98810
[2m2026-09-02T19:24:27.091470Z[0m [32m INFO[0m [2mtushare_sync[0m[2m:[0m window synced [3mcode[0m[2m=[0m"513690" [3mwindow[0m[2m=[0m2023-01-21..2023-02-19 [3mtotal[0m[2m=[0m102425
[2m2026-09-02T19:24:28.001987Z[0m [32m INFO[0m [2mtushare_sync[0m[2m:[0m window synced [3mcode[0m[2m=[0m"513690" [3mwindow[0m[2m=[0m2023-02-20..2023-03-21 [3mtotal[0m[2m=[0m107727
[2m2026-09-02T19:24:28.960046Z[0m [32m INFO[0m [2mtushare_sync[0m[2m:[0m window synced [3mcode[0m[2m=[0m"513690" [3mwindow[0m[2m=[0m2023-03-22..2023-04-20 [3mtotal[0m[2m=[0m112788
[2m2026-09-02T19:24:29.948315Z[0m [32m INFO[0m [2mtushare_sync[0m[2m:[0m window synced [3mcode[0m[2m=[0m"513690" [3mwindow[0m[2m=[0m2023-04-21..2023-05-20 [3mtotal[0m[2m=[0m117126
[2m2026-09-02T19:24:30.972539Z[0m [32m INFO[0m [2mtushare_sync[0m[2m:[0m window synced [3mcode[0m[2m=[0m"513690" [3mwindow[0m[2m=[0m2023-05-21..2023-06-19 [3mtotal[0m[2m=[0m122187
[2m2026-09-02T19:24:31.965466Z[0m [32m INFO[0m [2mtushare_sync[0m[2m:[0m window synced [3mcode[0m[2m=[0m"513690" [3mwindow[0m[2m=[0m2023-06-20..2023-07-19 [3mtotal[0m[2m=[0m127007
[2m2026-09-02T19:24:32.993675Z[0m [32m INFO[0m [2mtushare_sync[0m[2m:[0m window synced [3mcode[0m[2m=[0m"513690" [3mwindow[0m[2m=[0m2023-07-20..2023-08-18 [3mtotal[0m[2m=[0m132309
[2m2026-09-02T19:24:33.962390Z[0m [32m INFO[0m [2mtushare_sync[0m[2m:[0m window synced [3mcode[0m[2m=[0m"513690" [3mwindow[0m[2m=[0m2023-08-19..2023-09-17 [3mtotal[0m[2m=[0m137129
[2m2026-09-02T19:24:34.958426Z[0m [32m INFO[0m [2mtushare_sync[0m[2m:[0m window synced [3mcode[0m[2m=[0m"513690" [3mwindow[0m[2m=[0m2023-09-18..2023-10-17 [3mtotal[0m[2m=[0m140985
[2m2026-09-02T19:24:36.005902Z[0m [32m INFO[0m [2mtushare_sync[0m[2m:[0m window synced [3mcode[0m[2m=[0m"513690" [3mwindow[0m[2m=[0m2023-10-18..2023-11-16 [3mtotal[0m[2m=[0m146287
[2m2026-09-02T19:24:36.982022Z[0m [32m INFO[0m [2mtushare_sync[0m[2m:[0m window synced [3mcode[0m[2m=[0m"513690" [3mwindow[0m[2m=[0m2023-11-17..2023-12-16 [3mtotal[0m[2m=[0m151348
[2m2026-09-02T19:24:38.000770Z[0m [32m INFO[0m [2mtushare_sync[0m[2m:[0m window synced [3mcode[0m[2m=[0m"513690" [3mwindow[0m[2m=[0m2023-12-17..2024-01-15 [3mtotal[0m[2m=[0m156168
[2m2026-09-02T19:24:38.985241Z[0m [32m INFO[0m [2mtushare_sync[0m[2m:[0m window synced [3mcode[0m[2m=[0m"513690" [3mwindow[0m[2m=[0m2024-01-16..2024-02-14 [3mtotal[0m[2m=[0m160506
[2m2026-09-02T19:24:39.983824Z[0m [32m INFO[0m [2mtushare_sync[0m[2m:[0m window synced [3mcode[0m[2m=[0m"513690" [3mwindow[0m[2m=[0m2024-02-15..2024-03-15 [3mtotal[0m[2m=[0m165326
[2m2026-09-02T19:24:40.994629Z[0m [32m INFO[0m [2mtushare_sync[0m[2m:[0m window synced [3mcode[0m[2m=[0m"513690" [3mwindow[0m[2m=[0m2024-03-16..2024-04-14 [3mtotal[0m[2m=[0m169664
[2m2026-09-02T19:24:41.969574Z[0m [32m INFO[0m [2mtushare_sync[0m[2m:[0m window synced [3mcode[0m[2m=[0m"513690" [3mwindow[0m[2m=[0m2024-04-15..2024-05-14 [3mtotal[0m[2m=[0m174243
[2m2026-09-02T19:24:42.995778Z[0m [32m INFO[0m [2mtushare_sync[0m[2m:[0m window synced [3mcode[0m[2m=[0m"513690" [3mwindow[0m[2m=[0m2024-05-15..2024-06-13 [3mtotal[0m[2m=[0m179304
[2m2026-09-02T19:24:44.004314Z[0m [32m INFO[0m [2mtushare_sync[0m[2m:[0m window synced [3mcode[0m[2m=[0m"513690" [3mwindow[0m[2m=[0m2024-06-14..2024-07-13 [3mtotal[0m[2m=[0m184365
[2m2026-09-02T19:24:45.290641Z[0m [32m INFO[0m [2mtushare_sync[0m[2m:[0m window synced [3mcode[0m[2m=[0m"513690" [3mwindow[0m[2m=[0m2024-07-14..2024-08-12 [3mtotal[0m[2m=[0m189426
[2m2026-09-02T19:24:46.000606Z[0m [32m INFO[0m [2mtushare_sync[0m[2m:[0m window synced [3mcode[0m[2m=[0m"513690" [3mwindow[0m[2m=[0m2024-08-13..2024-09-11 [3mtotal[0m[2m=[0m194728
[2m2026-09-02T19:24:46.987522Z[0m [32m INFO[0m [2mtushare_sync[0m[2m:[0m window synced [3mcode[0m[2m=[0m"513690" [3mwindow[0m[2m=[0m2024-09-12..2024-10-11 [3mtotal[0m[2m=[0m198343
[2m2026-09-02T19:24:48.037193Z[0m [32m INFO[0m [2mtushare_sync[0m[2m:[0m window synced [3mcode[0m[2m=[0m"513690" [3mwindow[0m[2m=[0m2024-10-12..2024-11-10 [3mtotal[0m[2m=[0m203163
[2m2026-09-02T19:24:48.985204Z[0m [32m INFO[0m [2mtushare_sync[0m[2m:[0m window synced [3mcode[0m[2m=[0m"513690" [3mwindow[0m[2m=[0m2024-11-11..2024-12-10 [3mtotal[0m[2m=[0m208465
[2m2026-09-02T19:24:50.016105Z[0m [32m INFO[0m [2mtushare_sync[0m[2m:[0m window synced [3mcode[0m[2m=[0m"513690" [3mwindow[0m[2m=[0m2024-12-11..2025-01-09 [3mtotal[0m[2m=[0m213526
[2m2026-09-02T19:24:50.924158Z[0m [32m INFO[0m [2mtushare_sync[0m[2m:[0m window synced [3mcode[0m[2m=[0m"513690" [3mwindow[0m[2m=[0m2025-01-10..2025-02-08 [3mtotal[0m[2m=[0m217141
[2m2026-09-02T19:24:51.983394Z[0m [32m INFO[0m [2mtushare_sync[0m[2m:[0m window synced [3mcode[0m[2m=[0m"513690" [3mwindow[0m[2m=[0m2025-02-09..2025-03-10 [3mtotal[0m[2m=[0m222202
[2m2026-09-02T19:24:52.984994Z[0m [32m INFO[0m [2mtushare_sync[0m[2m:[0m window synced [3mcode[0m[2m=[0m"513690" [3mwindow[0m[2m=[0m2025-03-11..2025-04-09 [3mtotal[0m[2m=[0m227263
[2m2026-09-02T19:24:54.272308Z[0m [32m INFO[0m [2mtushare_sync[0m[2m:[0m window synced [3mcode[0m[2m=[0m"513690" [3mwindow[0m[2m=[0m2025-04-10..2025-05-09 [3mtotal[0m[2m=[0m231842
[2m2026-09-02T19:24:54.986661Z[0m [32m INFO[0m [2mtushare_sync[0m[2m:[0m window synced [3mcode[0m[2m=[0m"513690" [3mwindow[0m[2m=[0m2025-05-10..2025-06-08 [3mtotal[0m[2m=[0m236421
[2m2026-09-02T19:24:56.026401Z[0m [32m INFO[0m [2mtushare_sync[0m[2m:[0m window synced [3mcode[0m[2m=[0m"513690" [3mwindow[0m[2m=[0m2025-06-09..2025-07-08 [3mtotal[0m[2m=[0m241723
[2m2026-09-02T19:24:56.998895Z[0m [32m INFO[0m [2mtushare_sync[0m[2m:[0m window synced [3mcode[0m[2m=[0m"513690" [3mwindow[0m[2m=[0m2025-07-09..2025-08-07 [3mtotal[0m[2m=[0m247025
[2m2026-09-02T19:24:58.006648Z[0m [32m INFO[0m [2mtushare_sync[0m[2m:[0m window synced [3mcode[0m[2m=[0m"513690" [3mwindow[0m[2m=[0m2025-08-08..2025-09-06 [3mtotal[0m[2m=[0m252086
[2m2026-09-02T19:24:58.961931Z[0m [32m INFO[0m [2mtushare_sync[0m[2m:[0m window synced [3mcode[0m[2m=[0m"513690" [3mwindow[0m[2m=[0m2025-09-07..2025-10-06 [3mtotal[0m[2m=[0m256183
[2m2026-09-02T19:25:00.062717Z[0m [32m INFO[0m [2mtushare_sync[0m[2m:[0m window synced [3mcode[0m[2m=[0m"513690" [3mwindow[0m[2m=[0m2025-10-07..2025-11-05 [3mtotal[0m[2m=[0m261003
[2m2026-09-02T19:25:01.013817Z[0m [32m INFO[0m [2mtushare_sync[0m[2m:[0m window synced [3mcode[0m[2m=[0m"513690" [3mwindow[0m[2m=[0m2025-11-06..2025-12-05 [3mtotal[0m[2m=[0m266305
[2m2026-09-02T19:25:02.224337Z[0m [32m INFO[0m [2mtushare_sync[0m[2m:[0m window synced [3mcode[0m[2m=[0m"513690" [3mwindow[0m[2m=[0m2025-12-06..2026-01-04 [3mtotal[0m[2m=[0m270643
[2m2026-09-02T19:25:02.990685Z[0m [32m INFO[0m [2mtushare_sync[0m[2m:[0m window synced [3mcode[0m[2m=[0m"513690" [3mwindow[0m[2m=[0m2026-01-05..2026-02-03 [3mtotal[0m[2m=[0m275945
[2m2026-09-02T19:25:03.980131Z[0m [32m INFO[0m [2mtushare_sync[0m[2m:[0m window synced [3mcode[0m[2m=[0m"513690" [3mwindow[0m[2m=[0m2026-02-04..2026-03-05 [3mtotal[0m[2m=[0m279801
[2m2026-09-02T19:25:05.011472Z[0m [32m INFO[0m [2mtushare_sync[0m[2m:[0m window synced [3mcode[0m[2m=[0m"513690" [3mwindow[0m[2m=[0m2026-03-06..2026-04-04 [3mtotal[0m[2m=[0m284862
[2m2026-09-02T19:25:06.038586Z[0m [32m INFO[0m [2mtushare_sync[0m[2m:[0m window synced [3mcode[0m[2m=[0m"513690" [3mwindow[0m[2m=[0m2026-04-05..2026-05-04 [3mtotal[0m[2m=[0m289200
[2m2026-09-02T19:25:06.998830Z[0m [32m INFO[0m [2mtushare_sync[0m[2m:[0m window synced [3mcode[0m[2m=[0m"513690" [3mwindow[0m[2m=[0m2026-05-05..2026-06-03 [3mtotal[0m[2m=[0m294261
[2m2026-09-02T19:25:08.022214Z[0m [32m INFO[0m [2mtushare_sync[0m[2m:[0m window synced [3mcode[0m[2m=[0m"513690" [3mwindow[0m[2m=[0m2026-06-04..2026-07-03 [3mtotal[0m[2m=[0m299322
[2m2026-09-02T19:25:08.985308Z[0m [32m INFO[0m [2mtushare_sync[0m[2m:[0m window synced [3mcode[0m[2m=[0m"513690" [3mwindow[0m[2m=[0m2026-07-04..2026-08-02 [3mtotal[0m[2m=[0m304142
[2m2026-09-02T19:25:09.994313Z[0m [32m INFO[0m [2mtushare_sync[0m[2m:[0m window synced [3mcode[0m[2m=[0m"513690" [3mwindow[0m[2m=[0m2026-08-03..2026-09-01 [3mtotal[0m[2m=[0m309444
[2m2026-09-02T19:25:10.867794Z[0m [32m INFO[0m [2mtushare_sync[0m[2m:[0m window synced [3mcode[0m[2m=[0m"513690" [3mwindow[0m[2m=[0m2026-09-02..2026-09-03 [3mtotal[0m[2m=[0m309685
[2m2026-09-02T19:25:10.867828Z[0m [32m INFO[0m [2mtushare_sync[0m[2m:[0m === sync done === [3mcode[0m[2m=[0m"513690" [3mbars[0m[2m=[0m309685
[2m2026-09-02T19:25:10.867835Z[0m [32m INFO[0m [2mtushare_sync[0m[2m:[0m === sync start === [3mcode[0m[2m=[0m"513750"
[2m2026-09-02T19:25:23.017659Z[0m [32m INFO[0m [2mtushare_sync[0m[2m:[0m first data year found [3mcode[0m[2m=[0m"513750" [3mfirst_year[0m[2m=[0m2023
[2m2026-09-02T19:25:23.860734Z[0m [32m INFO[0m [2mtushare_sync[0m[2m:[0m window synced [3mcode[0m[2m=[0m"513750" [3mwindow[0m[2m=[0m2023-01-01..2023-01-30 [3mtotal[0m[2m=[0m0
[2m2026-09-02T19:25:24.851483Z[0m [32m INFO[0m [2mtushare_sync[0m[2m:[0m window synced [3mcode[0m[2m=[0m"513750" [3mwindow[0m[2m=[0m2023-01-31..2023-03-01 [3mtotal[0m[2m=[0m0
[2m2026-09-02T19:25:25.875163Z[0m [32m INFO[0m [2mtushare_sync[0m[2m:[0m window synced [3mcode[0m[2m=[0m"513750" [3mwindow[0m[2m=[0m2023-03-02..2023-03-31 [3mtotal[0m[2m=[0m0
[2m2026-09-02T19:25:26.880154Z[0m [32m INFO[0m [2mtushare_sync[0m[2m:[0m window synced [3mcode[0m[2m=[0m"513750" [3mwindow[0m[2m=[0m2023-04-01..2023-04-30 [3mtotal[0m[2m=[0m0
[2m2026-09-02T19:25:27.896920Z[0m [32m INFO[0m [2mtushare_sync[0m[2m:[0m window synced [3mcode[0m[2m=[0m"513750" [3mwindow[0m[2m=[0m2023-05-01..2023-05-30 [3mtotal[0m[2m=[0m0
[2m2026-09-02T19:25:28.909974Z[0m [32m INFO[0m [2mtushare_sync[0m[2m:[0m window synced [3mcode[0m[2m=[0m"513750" [3mwindow[0m[2m=[0m2023-05-31..2023-06-29 [3mtotal[0m[2m=[0m0
[2m2026-09-02T19:25:29.861386Z[0m [32m INFO[0m [2mtushare_sync[0m[2m:[0m window synced [3mcode[0m[2m=[0m"513750" [3mwindow[0m[2m=[0m2023-06-30..2023-07-29 [3mtotal[0m[2m=[0m0
[2m2026-09-02T19:25:30.868139Z[0m [32m INFO[0m [2mtushare_sync[0m[2m:[0m window synced [3mcode[0m[2m=[0m"513750" [3mwindow[0m[2m=[0m2023-07-30..2023-08-28 [3mtotal[0m[2m=[0m0
[2m2026-09-02T19:25:31.866440Z[0m [32m INFO[0m [2mtushare_sync[0m[2m:[0m window synced [3mcode[0m[2m=[0m"513750" [3mwindow[0m[2m=[0m2023-08-29..2023-09-27 [3mtotal[0m[2m=[0m0
[2m2026-09-02T19:25:32.870160Z[0m [32m INFO[0m [2mtushare_sync[0m[2m:[0m window synced [3mcode[0m[2m=[0m"513750" [3mwindow[0m[2m=[0m2023-09-28..2023-10-27 [3mtotal[0m[2m=[0m0
[2m2026-09-02T19:25:33.972944Z[0m [32m INFO[0m [2mtushare_sync[0m[2m:[0m window synced [3mcode[0m[2m=[0m"513750" [3mwindow[0m[2m=[0m2023-10-28..2023-11-26 [3mtotal[0m[2m=[0m0
[2m2026-09-02T19:25:35.052215Z[0m [32m INFO[0m [2mtushare_sync[0m[2m:[0m window synced [3mcode[0m[2m=[0m"513750" [3mwindow[0m[2m=[0m2023-11-27..2023-12-26 [3mtotal[0m[2m=[0m5302
[2m2026-09-02T19:25:36.071526Z[0m [32m INFO[0m [2mtushare_sync[0m[2m:[0m window synced [3mcode[0m[2m=[0m"513750" [3mwindow[0m[2m=[0m2023-12-27..2024-01-25 [3mtotal[0m[2m=[0m10363
[2m2026-09-02T19:25:37.016794Z[0m [32m INFO[0m [2mtushare_sync[0m[2m:[0m window synced [3mcode[0m[2m=[0m"513750" [3mwindow[0m[2m=[0m2024-01-26..2024-02-24 [3mtotal[0m[2m=[0m13978
[2m2026-09-02T19:25:38.154992Z[0m [32m INFO[0m [2mtushare_sync[0m[2m:[0m window synced [3mcode[0m[2m=[0m"513750" [3mwindow[0m[2m=[0m2024-02-25..2024-03-25 [3mtotal[0m[2m=[0m19039
[2m2026-09-02T19:25:39.055440Z[0m [32m INFO[0m [2mtushare_sync[0m[2m:[0m window synced [3mcode[0m[2m=[0m"513750" [3mwindow[0m[2m=[0m2024-03-26..2024-04-24 [3mtotal[0m[2m=[0m23859
[2m2026-09-02T19:25:40.035659Z[0m [32m INFO[0m [2mtushare_sync[0m[2m:[0m window synced [3mcode[0m[2m=[0m"513750" [3mwindow[0m[2m=[0m2024-04-25..2024-05-24 [3mtotal[0m[2m=[0m28438
[2m2026-09-02T19:25:41.065938Z[0m [32m INFO[0m [2mtushare_sync[0m[2m:[0m window synced [3mcode[0m[2m=[0m"513750" [3mwindow[0m[2m=[0m2024-05-25..2024-06-23 [3mtotal[0m[2m=[0m33017
[2m2026-09-02T19:25:42.070014Z[0m [32m INFO[0m [2mtushare_sync[0m[2m:[0m window synced [3mcode[0m[2m=[0m"513750" [3mwindow[0m[2m=[0m2024-06-24..2024-07-23 [3mtotal[0m[2m=[0m38319
[2m2026-09-02T19:25:43.095476Z[0m [32m INFO[0m [2mtushare_sync[0m[2m:[0m window synced [3mcode[0m[2m=[0m"513750" [3mwindow[0m[2m=[0m2024-07-24..2024-08-22 [3mtotal[0m[2m=[0m43621
[2m2026-09-02T19:25:44.061995Z[0m [32m INFO[0m [2mtushare_sync[0m[2m:[0m window synced [3mcode[0m[2m=[0m"513750" [3mwindow[0m[2m=[0m2024-08-23..2024-09-21 [3mtotal[0m[2m=[0m48200
[2m2026-09-02T19:25:45.028293Z[0m [32m INFO[0m [2mtushare_sync[0m[2m:[0m window synced [3mcode[0m[2m=[0m"513750" [3mwindow[0m[2m=[0m2024-09-22..2024-10-21 [3mtotal[0m[2m=[0m52056
[2m2026-09-02T19:25:46.083643Z[0m [32m INFO[0m [2mtushare_sync[0m[2m:[0m window synced [3mcode[0m[2m=[0m"513750" [3mwindow[0m[2m=[0m2024-10-22..2024-11-20 [3mtotal[0m[2m=[0m57358
[2m2026-09-02T19:25:47.073935Z[0m [32m INFO[0m [2mtushare_sync[0m[2m:[0m window synced [3mcode[0m[2m=[0m"513750" [3mwindow[0m[2m=[0m2024-11-21..2024-12-20 [3mtotal[0m[2m=[0m62660
[2m2026-09-02T19:25:48.052734Z[0m [32m INFO[0m [2mtushare_sync[0m[2m:[0m window synced [3mcode[0m[2m=[0m"513750" [3mwindow[0m[2m=[0m2024-12-21..2025-01-19 [3mtotal[0m[2m=[0m67239
[2m2026-09-02T19:25:49.022062Z[0m [32m INFO[0m [2mtushare_sync[0m[2m:[0m window synced [3mcode[0m[2m=[0m"513750" [3mwindow[0m[2m=[0m2025-01-20..2025-02-18 [3mtotal[0m[2m=[0m71095
[2m2026-09-02T19:25:50.042652Z[0m [32m INFO[0m [2mtushare_sync[0m[2m:[0m window synced [3mcode[0m[2m=[0m"513750" [3mwindow[0m[2m=[0m2025-02-19..2025-03-20 [3mtotal[0m[2m=[0m76397
[2m2026-09-02T19:25:51.015533Z[0m [32m INFO[0m [2mtushare_sync[0m[2m:[0m window synced [3mcode[0m[2m=[0m"513750" [3mwindow[0m[2m=[0m2025-03-21..2025-04-19 [3mtotal[0m[2m=[0m81217
[2m2026-09-02T19:25:52.055867Z[0m [32m INFO[0m [2mtushare_sync[0m[2m:[0m window synced [3mcode[0m[2m=[0m"513750" [3mwindow[0m[2m=[0m2025-04-20..2025-05-19 [3mtotal[0m[2m=[0m85555
[2m2026-09-02T19:25:53.049636Z[0m [32m INFO[0m [2mtushare_sync[0m[2m:[0m window synced [3mcode[0m[2m=[0m"513750" [3mwindow[0m[2m=[0m2025-05-20..2025-06-18 [3mtotal[0m[2m=[0m90616
[2m2026-09-02T19:25:54.083206Z[0m [32m INFO[0m [2mtushare_sync[0m[2m:[0m window synced [3mcode[0m[2m=[0m"513750" [3mwindow[0m[2m=[0m2025-06-19..2025-07-18 [3mtotal[0m[2m=[0m95918
[2m2026-09-02T19:25:55.027649Z[0m [32m INFO[0m [2mtushare_sync[0m[2m:[0m window synced [3mcode[0m[2m=[0m"513750" [3mwindow[0m[2m=[0m2025-07-19..2025-08-17 [3mtotal[0m[2m=[0m100738
[2m2026-09-02T19:25:56.070747Z[0m [32m INFO[0m [2mtushare_sync[0m[2m:[0m window synced [3mcode[0m[2m=[0m"513750" [3mwindow[0m[2m=[0m2025-08-18..2025-09-16 [3mtotal[0m[2m=[0m106040
[2m2026-09-02T19:25:57.011015Z[0m [32m INFO[0m [2mtushare_sync[0m[2m:[0m window synced [3mcode[0m[2m=[0m"513750" [3mwindow[0m[2m=[0m2025-09-17..2025-10-16 [3mtotal[0m[2m=[0m109896
[2m2026-09-02T19:25:58.075496Z[0m [32m INFO[0m [2mtushare_sync[0m[2m:[0m window synced [3mcode[0m[2m=[0m"513750" [3mwindow[0m[2m=[0m2025-10-17..2025-11-15 [3mtotal[0m[2m=[0m114957
[2m2026-09-02T19:25:59.054684Z[0m [32m INFO[0m [2mtushare_sync[0m[2m:[0m window synced [3mcode[0m[2m=[0m"513750" [3mwindow[0m[2m=[0m2025-11-16..2025-12-15 [3mtotal[0m[2m=[0m120018
[2m2026-09-02T19:26:00.090611Z[0m [32m INFO[0m [2mtushare_sync[0m[2m:[0m window synced [3mcode[0m[2m=[0m"513750" [3mwindow[0m[2m=[0m2025-12-16..2026-01-14 [3mtotal[0m[2m=[0m124838
[2m2026-09-02T19:26:01.073851Z[0m [32m INFO[0m [2mtushare_sync[0m[2m:[0m window synced [3mcode[0m[2m=[0m"513750" [3mwindow[0m[2m=[0m2026-01-15..2026-02-13 [3mtotal[0m[2m=[0m130140
[2m2026-09-02T19:26:01.997882Z[0m [32m INFO[0m [2mtushare_sync[0m[2m:[0m window synced [3mcode[0m[2m=[0m"513750" [3mwindow[0m[2m=[0m2026-02-14..2026-03-15 [3mtotal[0m[2m=[0m133514
[2m2026-09-02T19:26:03.053354Z[0m [32m INFO[0m [2mtushare_sync[0m[2m:[0m window synced [3mcode[0m[2m=[0m"513750" [3mwindow[0m[2m=[0m2026-03-16..2026-04-14 [3mtotal[0m[2m=[0m138575
[2m2026-09-02T19:26:04.062525Z[0m [32m INFO[0m [2mtushare_sync[0m[2m:[0m window synced [3mcode[0m[2m=[0m"513750" [3mwindow[0m[2m=[0m2026-04-15..2026-05-14 [3mtotal[0m[2m=[0m143154
[2m2026-09-02T19:26:05.045900Z[0m [32m INFO[0m [2mtushare_sync[0m[2m:[0m window synced [3mcode[0m[2m=[0m"513750" [3mwindow[0m[2m=[0m2026-05-15..2026-06-13 [3mtotal[0m[2m=[0m148215
[2m2026-09-02T19:26:06.067506Z[0m [32m INFO[0m [2mtushare_sync[0m[2m:[0m window synced [3mcode[0m[2m=[0m"513750" [3mwindow[0m[2m=[0m2026-06-14..2026-07-13 [3mtotal[0m[2m=[0m153035
[2m2026-09-02T19:26:07.072452Z[0m [32m INFO[0m [2mtushare_sync[0m[2m:[0m window synced [3mcode[0m[2m=[0m"513750" [3mwindow[0m[2m=[0m2026-07-14..2026-08-12 [3mtotal[0m[2m=[0m158337
[2m2026-09-02T19:26:08.033107Z[0m [32m INFO[0m [2mtushare_sync[0m[2m:[0m window synced [3mcode[0m[2m=[0m"513750" [3mwindow[0m[2m=[0m2026-08-13..2026-09-03 [3mtotal[0m[2m=[0m161952
[2m2026-09-02T19:26:08.033143Z[0m [32m INFO[0m [2mtushare_sync[0m[2m:[0m === sync done === [3mcode[0m[2m=[0m"513750" [3mbars[0m[2m=[0m161952
[2m2026-09-02T19:26:08.033149Z[0m [32m INFO[0m [2mtushare_sync[0m[2m:[0m === sync start === [3mcode[0m[2m=[0m"513920"
[2m2026-09-02T19:26:21.102192Z[0m [32m INFO[0m [2mtushare_sync[0m[2m:[0m first data year found [3mcode[0m[2m=[0m"513920" [3mfirst_year[0m[2m=[0m2024
[2m2026-09-02T19:26:22.141596Z[0m [32m INFO[0m [2mtushare_sync[0m[2m:[0m window synced [3mcode[0m[2m=[0m"513920" [3mwindow[0m[2m=[0m2024-01-01..2024-01-30 [3mtotal[0m[2m=[0m4338
[2m2026-09-02T19:26:23.066539Z[0m [32m INFO[0m [2mtushare_sync[0m[2m:[0m window synced [3mcode[0m[2m=[0m"513920" [3mwindow[0m[2m=[0m2024-01-31..2024-02-29 [3mtotal[0m[2m=[0m8194
[2m2026-09-02T19:26:24.102810Z[0m [32m INFO[0m [2mtushare_sync[0m[2m:[0m window synced [3mcode[0m[2m=[0m"513920" [3mwindow[0m[2m=[0m2024-03-01..2024-03-30 [3mtotal[0m[2m=[0m13255
[2m2026-09-02T19:26:25.077178Z[0m [32m INFO[0m [2mtushare_sync[0m[2m:[0m window synced [3mcode[0m[2m=[0m"513920" [3mwindow[0m[2m=[0m2024-03-31..2024-04-29 [3mtotal[0m[2m=[0m17834
[2m2026-09-02T19:26:26.084671Z[0m [32m INFO[0m [2mtushare_sync[0m[2m:[0m window synced [3mcode[0m[2m=[0m"513920" [3mwindow[0m[2m=[0m2024-04-30..2024-05-29 [3mtotal[0m[2m=[0m22413
[2m2026-09-02T19:26:27.097971Z[0m [32m INFO[0m [2mtushare_sync[0m[2m:[0m window synced [3mcode[0m[2m=[0m"513920" [3mwindow[0m[2m=[0m2024-05-30..2024-06-28 [3mtotal[0m[2m=[0m27474
[2m2026-09-02T19:26:28.109121Z[0m [32m INFO[0m [2mtushare_sync[0m[2m:[0m window synced [3mcode[0m[2m=[0m"513920" [3mwindow[0m[2m=[0m2024-06-29..2024-07-28 [3mtotal[0m[2m=[0m32294
[2m2026-09-02T19:26:29.112684Z[0m [32m INFO[0m [2mtushare_sync[0m[2m:[0m window synced [3mcode[0m[2m=[0m"513920" [3mwindow[0m[2m=[0m2024-07-29..2024-08-27 [3mtotal[0m[2m=[0m37596
[2m2026-09-02T19:26:30.097915Z[0m [32m INFO[0m [2mtushare_sync[0m[2m:[0m window synced [3mcode[0m[2m=[0m"513920" [3mwindow[0m[2m=[0m2024-08-28..2024-09-26 [3mtotal[0m[2m=[0m42416
[2m2026-09-02T19:26:31.087478Z[0m [32m INFO[0m [2mtushare_sync[0m[2m:[0m window synced [3mcode[0m[2m=[0m"513920" [3mwindow[0m[2m=[0m2024-09-27..2024-10-26 [3mtotal[0m[2m=[0m46272
[2m2026-09-02T19:26:32.111264Z[0m [32m INFO[0m [2mtushare_sync[0m[2m:[0m window synced [3mcode[0m[2m=[0m"513920" [3mwindow[0m[2m=[0m2024-10-27..2024-11-25 [3mtotal[0m[2m=[0m51333
[2m2026-09-02T19:26:33.129656Z[0m [32m INFO[0m [2mtushare_sync[0m[2m:[0m window synced [3mcode[0m[2m=[0m"513920" [3mwindow[0m[2m=[0m2024-11-26..2024-12-25 [3mtotal[0m[2m=[0m56635
[2m2026-09-02T19:26:34.412976Z[0m [32m INFO[0m [2mtushare_sync[0m[2m:[0m window synced [3mcode[0m[2m=[0m"513920" [3mwindow[0m[2m=[0m2024-12-26..2025-01-24 [3mtotal[0m[2m=[0m61696
[2m2026-09-02T19:26:35.049849Z[0m [32m INFO[0m [2mtushare_sync[0m[2m:[0m window synced [3mcode[0m[2m=[0m"513920" [3mwindow[0m[2m=[0m2025-01-25..2025-02-23 [3mtotal[0m[2m=[0m65070
[2m2026-09-02T19:26:36.123557Z[0m [32m INFO[0m [2mtushare_sync[0m[2m:[0m window synced [3mcode[0m[2m=[0m"513920" [3mwindow[0m[2m=[0m2025-02-24..2025-03-25 [3mtotal[0m[2m=[0m70372
[2m2026-09-02T19:26:37.100130Z[0m [32m INFO[0m [2mtushare_sync[0m[2m:[0m window synced [3mcode[0m[2m=[0m"513920" [3mwindow[0m[2m=[0m2025-03-26..2025-04-24 [3mtotal[0m[2m=[0m75433
[2m2026-09-02T19:26:38.077442Z[0m [32m INFO[0m [2mtushare_sync[0m[2m:[0m window synced [3mcode[0m[2m=[0m"513920" [3mwindow[0m[2m=[0m2025-04-25..2025-05-24 [3mtotal[0m[2m=[0m79771
[2m2026-09-02T19:26:39.085069Z[0m [32m INFO[0m [2mtushare_sync[0m[2m:[0m window synced [3mcode[0m[2m=[0m"513920" [3mwindow[0m[2m=[0m2025-05-25..2025-06-23 [3mtotal[0m[2m=[0m84591
[2m2026-09-02T19:26:40.128350Z[0m [32m INFO[0m [2mtushare_sync[0m[2m:[0m window synced [3mcode[0m[2m=[0m"513920" [3mwindow[0m[2m=[0m2025-06-24..2025-07-23 [3mtotal[0m[2m=[0m89893
[2m2026-09-02T19:26:41.087181Z[0m [32m INFO[0m [2mtushare_sync[0m[2m:[0m window synced [3mcode[0m[2m=[0m"513920" [3mwindow[0m[2m=[0m2025-07-24..2025-08-22 [3mtotal[0m[2m=[0m95195
[2m2026-09-02T19:26:42.073504Z[0m [32m INFO[0m [2mtushare_sync[0m[2m:[0m window synced [3mcode[0m[2m=[0m"513920" [3mwindow[0m[2m=[0m2025-08-23..2025-09-21 [3mtotal[0m[2m=[0m100015
[2m2026-09-02T19:26:43.058655Z[0m [32m INFO[0m [2mtushare_sync[0m[2m:[0m window synced [3mcode[0m[2m=[0m"513920" [3mwindow[0m[2m=[0m2025-09-22..2025-10-21 [3mtotal[0m[2m=[0m103871
[2m2026-09-02T19:26:44.113939Z[0m [32m INFO[0m [2mtushare_sync[0m[2m:[0m window synced [3mcode[0m[2m=[0m"513920" [3mwindow[0m[2m=[0m2025-10-22..2025-11-20 [3mtotal[0m[2m=[0m109173
[2m2026-09-02T19:26:45.083291Z[0m [32m INFO[0m [2mtushare_sync[0m[2m:[0m window synced [3mcode[0m[2m=[0m"513920" [3mwindow[0m[2m=[0m2025-11-21..2025-12-20 [3mtotal[0m[2m=[0m114234
[2m2026-09-02T19:26:46.135835Z[0m [32m INFO[0m [2mtushare_sync[0m[2m:[0m window synced [3mcode[0m[2m=[0m"513920" [3mwindow[0m[2m=[0m2025-12-21..2026-01-19 [3mtotal[0m[2m=[0m118813
[2m2026-09-02T19:26:47.074725Z[0m [32m INFO[0m [2mtushare_sync[0m[2m:[0m window synced [3mcode[0m[2m=[0m"513920" [3mwindow[0m[2m=[0m2026-01-20..2026-02-18 [3mtotal[0m[2m=[0m123392
[2m2026-09-02T19:26:48.063003Z[0m [32m INFO[0m [2mtushare_sync[0m[2m:[0m window synced [3mcode[0m[2m=[0m"513920" [3mwindow[0m[2m=[0m2026-02-19..2026-03-20 [3mtotal[0m[2m=[0m127971
[2m2026-09-02T19:26:49.066297Z[0m [32m INFO[0m [2mtushare_sync[0m[2m:[0m window synced [3mcode[0m[2m=[0m"513920" [3mwindow[0m[2m=[0m2026-03-21..2026-04-19 [3mtotal[0m[2m=[0m132550
[2m2026-09-02T19:26:50.081184Z[0m [32m INFO[0m [2mtushare_sync[0m[2m:[0m window synced [3mcode[0m[2m=[0m"513920" [3mwindow[0m[2m=[0m2026-04-20..2026-05-19 [3mtotal[0m[2m=[0m137129
[2m2026-09-02T19:26:51.087183Z[0m [32m INFO[0m [2mtushare_sync[0m[2m:[0m window synced [3mcode[0m[2m=[0m"513920" [3mwindow[0m[2m=[0m2026-05-20..2026-06-18 [3mtotal[0m[2m=[0m142431
[2m2026-09-02T19:26:52.086737Z[0m [32m INFO[0m [2mtushare_sync[0m[2m:[0m window synced [3mcode[0m[2m=[0m"513920" [3mwindow[0m[2m=[0m2026-06-19..2026-07-18 [3mtotal[0m[2m=[0m147251
[2m2026-09-02T19:26:53.103452Z[0m [32m INFO[0m [2mtushare_sync[0m[2m:[0m window synced [3mcode[0m[2m=[0m"513920" [3mwindow[0m[2m=[0m2026-07-19..2026-08-17 [3mtotal[0m[2m=[0m152312
[2m2026-09-02T19:26:54.036434Z[0m [32m INFO[0m [2mtushare_sync[0m[2m:[0m window synced [3mcode[0m[2m=[0m"513920" [3mwindow[0m[2m=[0m2026-08-18..2026-09-03 [3mtotal[0m[2m=[0m155204
[2m2026-09-02T19:26:54.036468Z[0m [32m INFO[0m [2mtushare_sync[0m[2m:[0m === sync done === [3mcode[0m[2m=[0m"513920" [3mbars[0m[2m=[0m155204
[2m2026-09-02T19:26:54.036479Z[0m [32m INFO[0m [2mtushare_sync[0m[2m:[0m === sync start === [3mcode[0m[2m=[0m"513970"
[2m2026-09-02T19:27:06.159513Z[0m [32m INFO[0m [2mtushare_sync[0m[2m:[0m first data year found [3mcode[0m[2m=[0m"513970" [3mfirst_year[0m[2m=[0m2023
[2m2026-09-02T19:27:06.961263Z[0m [32m INFO[0m [2mtushare_sync[0m[2m:[0m window synced [3mcode[0m[2m=[0m"513970" [3mwindow[0m[2m=[0m2023-01-01..2023-01-30 [3mtotal[0m[2m=[0m0
[2m2026-09-02T19:27:07.972215Z[0m [32m INFO[0m [2mtushare_sync[0m[2m:[0m window synced [3mcode[0m[2m=[0m"513970" [3mwindow[0m[2m=[0m2023-01-31..2023-03-01 [3mtotal[0m[2m=[0m0
[2m2026-09-02T19:27:08.962299Z[0m [32m INFO[0m [2mtushare_sync[0m[2m:[0m window synced [3mcode[0m[2m=[0m"513970" [3mwindow[0m[2m=[0m2023-03-02..2023-03-31 [3mtotal[0m[2m=[0m0
[2m2026-09-02T19:27:10.278798Z[0m [32m INFO[0m [2mtushare_sync[0m[2m:[0m window synced [3mcode[0m[2m=[0m"513970" [3mwindow[0m[2m=[0m2023-04-01..2023-04-30 [3mtotal[0m[2m=[0m1446
[2m2026-09-02T19:27:11.159079Z[0m [32m INFO[0m [2mtushare_sync[0m[2m:[0m window synced [3mcode[0m[2m=[0m"513970" [3mwindow[0m[2m=[0m2023-05-01..2023-05-30 [3mtotal[0m[2m=[0m6025
[2m2026-09-02T19:27:12.133930Z[0m [32m INFO[0m [2mtushare_sync[0m[2m:[0m window synced [3mcode[0m[2m=[0m"513970" [3mwindow[0m[2m=[0m2023-05-31..2023-06-29 [3mtotal[0m[2m=[0m10845
[2m2026-09-02T19:27:13.157255Z[0m [32m INFO[0m [2mtushare_sync[0m[2m:[0m window synced [3mcode[0m[2m=[0m"513970" [3mwindow[0m[2m=[0m2023-06-30..2023-07-29 [3mtotal[0m[2m=[0m15906
[2m2026-09-02T19:27:14.153345Z[0m [32m INFO[0m [2mtushare_sync[0m[2m:[0m window synced [3mcode[0m[2m=[0m"513970" [3mwindow[0m[2m=[0m2023-07-30..2023-08-28 [3mtotal[0m[2m=[0m20967
[2m2026-09-02T19:27:15.153389Z[0m [32m INFO[0m [2mtushare_sync[0m[2m:[0m window synced [3mcode[0m[2m=[0m"513970" [3mwindow[0m[2m=[0m2023-08-29..2023-09-27 [3mtotal[0m[2m=[0m26269
[2m2026-09-02T19:27:16.094885Z[0m [32m INFO[0m [2mtushare_sync[0m[2m:[0m window synced [3mcode[0m[2m=[0m"513970" [3mwindow[0m[2m=[0m2023-09-28..2023-10-27 [3mtotal[0m[2m=[0m30125
[2m2026-09-02T19:27:17.143187Z[0m [32m INFO[0m [2mtushare_sync[0m[2m:[0m window synced [3mcode[0m[2m=[0m"513970" [3mwindow[0m[2m=[0m2023-10-28..2023-11-26 [3mtotal[0m[2m=[0m34945
[2m2026-09-02T19:27:18.161217Z[0m [32m INFO[0m [2mtushare_sync[0m[2m:[0m window synced [3mcode[0m[2m=[0m"513970" [3mwindow[0m[2m=[0m2023-11-27..2023-12-26 [3mtotal[0m[2m=[0m40247
[2m2026-09-02T19:27:19.169503Z[0m [32m INFO[0m [2mtushare_sync[0m[2m:[0m window synced [3mcode[0m[2m=[0m"513970" [3mwindow[0m[2m=[0m2023-12-27..2024-01-25 [3mtotal[0m[2m=[0m45308
[2m2026-09-02T19:27:20.109217Z[0m [32m INFO[0m [2mtushare_sync[0m[2m:[0m window synced [3mcode[0m[2m=[0m"513970" [3mwindow[0m[2m=[0m2024-01-26..2024-02-24 [3mtotal[0m[2m=[0m48923
[2m2026-09-02T19:27:21.137747Z[0m [32m INFO[0m [2mtushare_sync[0m[2m:[0m window synced [3mcode[0m[2m=[0m"513970" [3mwindow[0m[2m=[0m2024-02-25..2024-03-25 [3mtotal[0m[2m=[0m53984
[2m2026-09-02T19:27:22.155802Z[0m [32m INFO[0m [2mtushare_sync[0m[2m:[0m window synced [3mcode[0m[2m=[0m"513970" [3mwindow[0m[2m=[0m2024-03-26..2024-04-24 [3mtotal[0m[2m=[0m58804
[2m2026-09-02T19:27:23.271750Z[0m [32m INFO[0m [2mtushare_sync[0m[2m:[0m window synced [3mcode[0m[2m=[0m"513970" [3mwindow[0m[2m=[0m2024-04-25..2024-05-24 [3mtotal[0m[2m=[0m63383
[2m2026-09-02T19:27:24.166504Z[0m [32m INFO[0m [2mtushare_sync[0m[2m:[0m window synced [3mcode[0m[2m=[0m"513970" [3mwindow[0m[2m=[0m2024-05-25..2024-06-23 [3mtotal[0m[2m=[0m67962
[2m2026-09-02T19:27:25.374851Z[0m [32m INFO[0m [2mtushare_sync[0m[2m:[0m window synced [3mcode[0m[2m=[0m"513970" [3mwindow[0m[2m=[0m2024-06-24..2024-07-23 [3mtotal[0m[2m=[0m73264
[2m2026-09-02T19:27:26.174792Z[0m [32m INFO[0m [2mtushare_sync[0m[2m:[0m window synced [3mcode[0m[2m=[0m"513970" [3mwindow[0m[2m=[0m2024-07-24..2024-08-22 [3mtotal[0m[2m=[0m78566
[2m2026-09-02T19:27:27.133341Z[0m [32m INFO[0m [2mtushare_sync[0m[2m:[0m window synced [3mcode[0m[2m=[0m"513970" [3mwindow[0m[2m=[0m2024-08-23..2024-09-21 [3mtotal[0m[2m=[0m83145
[2m2026-09-02T19:27:28.156291Z[0m [32m INFO[0m [2mtushare_sync[0m[2m:[0m window synced [3mcode[0m[2m=[0m"513970" [3mwindow[0m[2m=[0m2024-09-22..2024-10-21 [3mtotal[0m[2m=[0m87001
[2m2026-09-02T19:27:29.199834Z[0m [32m INFO[0m [2mtushare_sync[0m[2m:[0m window synced [3mcode[0m[2m=[0m"513970" [3mwindow[0m[2m=[0m2024-10-22..2024-11-20 [3mtotal[0m[2m=[0m92303
[2m2026-09-02T19:27:30.164862Z[0m [32m INFO[0m [2mtushare_sync[0m[2m:[0m window synced [3mcode[0m[2m=[0m"513970" [3mwindow[0m[2m=[0m2024-11-21..2024-12-20 [3mtotal[0m[2m=[0m97605
[2m2026-09-02T19:27:31.153488Z[0m [32m INFO[0m [2mtushare_sync[0m[2m:[0m window synced [3mcode[0m[2m=[0m"513970" [3mwindow[0m[2m=[0m2024-12-21..2025-01-19 [3mtotal[0m[2m=[0m102184
[2m2026-09-02T19:27:32.126672Z[0m [32m INFO[0m [2mtushare_sync[0m[2m:[0m window synced [3mcode[0m[2m=[0m"513970" [3mwindow[0m[2m=[0m2025-01-20..2025-02-18 [3mtotal[0m[2m=[0m106040
[2m2026-09-02T19:27:33.133693Z[0m [32m INFO[0m [2mtushare_sync[0m[2m:[0m window synced [3mcode[0m[2m=[0m"513970" [3mwindow[0m[2m=[0m2025-02-19..2025-03-20 [3mtotal[0m[2m=[0m111342
[2m2026-09-02T19:27:34.132213Z[0m [32m INFO[0m [2mtushare_sync[0m[2m:[0m window synced [3mcode[0m[2m=[0m"513970" [3mwindow[0m[2m=[0m2025-03-21..2025-04-19 [3mtotal[0m[2m=[0m116162
[2m2026-09-02T19:27:35.157491Z[0m [32m INFO[0m [2mtushare_sync[0m[2m:[0m window synced [3mcode[0m[2m=[0m"513970" [3mwindow[0m[2m=[0m2025-04-20..2025-05-19 [3mtotal[0m[2m=[0m120500
[2m2026-09-02T19:27:36.231616Z[0m [32m INFO[0m [2mtushare_sync[0m[2m:[0m window synced [3mcode[0m[2m=[0m"513970" [3mwindow[0m[2m=[0m2025-05-20..2025-06-18 [3mtotal[0m[2m=[0m125561
[2m2026-09-02T19:27:37.169393Z[0m [32m INFO[0m [2mtushare_sync[0m[2m:[0m window synced [3mcode[0m[2m=[0m"513970" [3mwindow[0m[2m=[0m2025-06-19..2025-07-18 [3mtotal[0m[2m=[0m130863
[2m2026-09-02T19:27:38.836927Z[0m [32m INFO[0m [2mtushare_sync[0m[2m:[0m window synced [3mcode[0m[2m=[0m"513970" [3mwindow[0m[2m=[0m2025-07-19..2025-08-17 [3mtotal[0m[2m=[0m135683
[2m2026-09-02T19:27:39.190759Z[0m [32m INFO[0m [2mtushare_sync[0m[2m:[0m window synced [3mcode[0m[2m=[0m"513970" [3mwindow[0m[2m=[0m2025-08-18..2025-09-16 [3mtotal[0m[2m=[0m140985
[2m2026-09-02T19:27:40.139211Z[0m [32m INFO[0m [2mtushare_sync[0m[2m:[0m window synced [3mcode[0m[2m=[0m"513970" [3mwindow[0m[2m=[0m2025-09-17..2025-10-16 [3mtotal[0m[2m=[0m144841
[2m2026-09-02T19:27:41.211067Z[0m [32m INFO[0m [2mtushare_sync[0m[2m:[0m window synced [3mcode[0m[2m=[0m"513970" [3mwindow[0m[2m=[0m2025-10-17..2025-11-15 [3mtotal[0m[2m=[0m149902
[2m2026-09-02T19:27:42.204105Z[0m [32m INFO[0m [2mtushare_sync[0m[2m:[0m window synced [3mcode[0m[2m=[0m"513970" [3mwindow[0m[2m=[0m2025-11-16..2025-12-15 [3mtotal[0m[2m=[0m154963
[2m2026-09-02T19:27:43.149734Z[0m [32m INFO[0m [2mtushare_sync[0m[2m:[0m window synced [3mcode[0m[2m=[0m"513970" [3mwindow[0m[2m=[0m2025-12-16..2026-01-14 [3mtotal[0m[2m=[0m159783
[2m2026-09-02T19:27:44.185557Z[0m [32m INFO[0m [2mtushare_sync[0m[2m:[0m window synced [3mcode[0m[2m=[0m"513970" [3mwindow[0m[2m=[0m2026-01-15..2026-02-13 [3mtotal[0m[2m=[0m165085
[2m2026-09-02T19:27:45.103244Z[0m [32m INFO[0m [2mtushare_sync[0m[2m:[0m window synced [3mcode[0m[2m=[0m"513970" [3mwindow[0m[2m=[0m2026-02-14..2026-03-15 [3mtotal[0m[2m=[0m168459
[2m2026-09-02T19:27:46.201431Z[0m [32m INFO[0m [2mtushare_sync[0m[2m:[0m window synced [3mcode[0m[2m=[0m"513970" [3mwindow[0m[2m=[0m2026-03-16..2026-04-14 [3mtotal[0m[2m=[0m173520
[2m2026-09-02T19:27:47.163749Z[0m [32m INFO[0m [2mtushare_sync[0m[2m:[0m window synced [3mcode[0m[2m=[0m"513970" [3mwindow[0m[2m=[0m2026-04-15..2026-05-14 [3mtotal[0m[2m=[0m178099
[2m2026-09-02T19:27:48.160480Z[0m [32m INFO[0m [2mtushare_sync[0m[2m:[0m window synced [3mcode[0m[2m=[0m"513970" [3mwindow[0m[2m=[0m2026-05-15..2026-06-13 [3mtotal[0m[2m=[0m183160
[2m2026-09-02T19:27:49.172910Z[0m [32m INFO[0m [2mtushare_sync[0m[2m:[0m window synced [3mcode[0m[2m=[0m"513970" [3mwindow[0m[2m=[0m2026-06-14..2026-07-13 [3mtotal[0m[2m=[0m187980
[2m2026-09-02T19:27:50.171432Z[0m [32m INFO[0m [2mtushare_sync[0m[2m:[0m window synced [3mcode[0m[2m=[0m"513970" [3mwindow[0m[2m=[0m2026-07-14..2026-08-12 [3mtotal[0m[2m=[0m193282
[2m2026-09-02T19:27:51.137645Z[0m [32m INFO[0m [2mtushare_sync[0m[2m:[0m window synced [3mcode[0m[2m=[0m"513970" [3mwindow[0m[2m=[0m2026-08-13..2026-09-03 [3mtotal[0m[2m=[0m196897
[2m2026-09-02T19:27:51.137683Z[0m [32m INFO[0m [2mtushare_sync[0m[2m:[0m === sync done === [3mcode[0m[2m=[0m"513970" [3mbars[0m[2m=[0m196897
[2m2026-09-02T19:27:51.137690Z[0m [32m INFO[0m [2mtushare_sync[0m[2m:[0m === sync start === [3mcode[0m[2m=[0m"515070"
[2m2026-09-02T19:27:59.121276Z[0m [32m INFO[0m [2mtushare_sync[0m[2m:[0m first data year found [3mcode[0m[2m=[0m"515070" [3mfirst_year[0m[2m=[0m2019
[2m2026-09-02T19:28:00.030697Z[0m [32m INFO[0m [2mtushare_sync[0m[2m:[0m window synced [3mcode[0m[2m=[0m"515070" [3mwindow[0m[2m=[0m2019-01-01..2019-01-30 [3mtotal[0m[2m=[0m0
[2m2026-09-02T19:28:01.018077Z[0m [32m INFO[0m [2mtushare_sync[0m[2m:[0m window synced [3mcode[0m[2m=[0m"515070" [3mwindow[0m[2m=[0m2019-01-31..2019-03-01 [3mtotal[0m[2m=[0m0
[2m2026-09-02T19:28:02.036637Z[0m [32m INFO[0m [2mtushare_sync[0m[2m:[0m window synced [3mcode[0m[2m=[0m"515070" [3mwindow[0m[2m=[0m2019-03-02..2019-03-31 [3mtotal[0m[2m=[0m0
[2m2026-09-02T19:28:03.026566Z[0m [32m INFO[0m [2mtushare_sync[0m[2m:[0m window synced [3mcode[0m[2m=[0m"515070" [3mwindow[0m[2m=[0m2019-04-01..2019-04-30 [3mtotal[0m[2m=[0m0
[2m2026-09-02T19:28:04.027611Z[0m [32m INFO[0m [2mtushare_sync[0m[2m:[0m window synced [3mcode[0m[2m=[0m"515070" [3mwindow[0m[2m=[0m2019-05-01..2019-05-30 [3mtotal[0m[2m=[0m0
[2m2026-09-02T19:28:05.031844Z[0m [32m INFO[0m [2mtushare_sync[0m[2m:[0m window synced [3mcode[0m[2m=[0m"515070" [3mwindow[0m[2m=[0m2019-05-31..2019-06-29 [3mtotal[0m[2m=[0m0
[2m2026-09-02T19:28:06.076526Z[0m [32m INFO[0m [2mtushare_sync[0m[2m:[0m window synced [3mcode[0m[2m=[0m"515070" [3mwindow[0m[2m=[0m2019-06-30..2019-07-29 [3mtotal[0m[2m=[0m0
[2m2026-09-02T19:28:07.082608Z[0m [32m INFO[0m [2mtushare_sync[0m[2m:[0m window synced [3mcode[0m[2m=[0m"515070" [3mwindow[0m[2m=[0m2019-07-30..2019-08-28 [3mtotal[0m[2m=[0m0
[2m2026-09-02T19:28:08.050212Z[0m [32m INFO[0m [2mtushare_sync[0m[2m:[0m window synced [3mcode[0m[2m=[0m"515070" [3mwindow[0m[2m=[0m2019-08-29..2019-09-27 [3mtotal[0m[2m=[0m0
[2m2026-09-02T19:28:09.057340Z[0m [32m INFO[0m [2mtushare_sync[0m[2m:[0m window synced [3mcode[0m[2m=[0m"515070" [3mwindow[0m[2m=[0m2019-09-28..2019-10-27 [3mtotal[0m[2m=[0m0
[2m2026-09-02T19:28:10.041791Z[0m [32m INFO[0m [2mtushare_sync[0m[2m:[0m window synced [3mcode[0m[2m=[0m"515070" [3mwindow[0m[2m=[0m2019-10-28..2019-11-26 [3mtotal[0m[2m=[0m0
[2m2026-09-02T19:28:11.114920Z[0m [32m INFO[0m [2mtushare_sync[0m[2m:[0m window synced [3mcode[0m[2m=[0m"515070" [3mwindow[0m[2m=[0m2019-11-27..2019-12-26 [3mtotal[0m[2m=[0m723
[2m2026-09-02T19:28:12.214478Z[0m [32m INFO[0m [2mtushare_sync[0m[2m:[0m window synced [3mcode[0m[2m=[0m"515070" [3mwindow[0m[2m=[0m2019-12-27..2020-01-25 [3mtotal[0m[2m=[0m5302
[2m2026-09-02T19:28:13.169317Z[0m [32m INFO[0m [2mtushare_sync[0m[2m:[0m window synced [3mcode[0m[2m=[0m"515070" [3mwindow[0m[2m=[0m2020-01-26..2020-02-24 [3mtotal[0m[2m=[0m9158
[2m2026-09-02T19:28:14.541405Z[0m [32m INFO[0m [2mtushare_sync[0m[2m:[0m window synced [3mcode[0m[2m=[0m"515070" [3mwindow[0m[2m=[0m2020-02-25..2020-03-25 [3mtotal[0m[2m=[0m14460
[2m2026-09-02T19:28:15.237561Z[0m [32m INFO[0m [2mtushare_sync[0m[2m:[0m window synced [3mcode[0m[2m=[0m"515070" [3mwindow[0m[2m=[0m2020-03-26..2020-04-24 [3mtotal[0m[2m=[0m19521
[2m2026-09-02T19:28:16.199702Z[0m [32m INFO[0m [2mtushare_sync[0m[2m:[0m window synced [3mcode[0m[2m=[0m"515070" [3mwindow[0m[2m=[0m2020-04-25..2020-05-24 [3mtotal[0m[2m=[0m23618
[2m2026-09-02T19:28:17.220650Z[0m [32m INFO[0m [2mtushare_sync[0m[2m:[0m window synced [3mcode[0m[2m=[0m"515070" [3mwindow[0m[2m=[0m2020-05-25..2020-06-23 [3mtotal[0m[2m=[0m28920
[2m2026-09-02T19:28:18.199413Z[0m [32m INFO[0m [2mtushare_sync[0m[2m:[0m window synced [3mcode[0m[2m=[0m"515070" [3mwindow[0m[2m=[0m2020-06-24..2020-07-23 [3mtotal[0m[2m=[0m33740
[2m2026-09-02T19:28:19.214006Z[0m [32m INFO[0m [2mtushare_sync[0m[2m:[0m window synced [3mcode[0m[2m=[0m"515070" [3mwindow[0m[2m=[0m2020-07-24..2020-08-22 [3mtotal[0m[2m=[0m38801
[2m2026-09-02T19:28:20.196762Z[0m [32m INFO[0m [2mtushare_sync[0m[2m:[0m window synced [3mcode[0m[2m=[0m"515070" [3mwindow[0m[2m=[0m2020-08-23..2020-09-21 [3mtotal[0m[2m=[0m43862
[2m2026-09-02T19:28:21.164796Z[0m [32m INFO[0m [2mtushare_sync[0m[2m:[0m window synced [3mcode[0m[2m=[0m"515070" [3mwindow[0m[2m=[0m2020-09-22..2020-10-21 [3mtotal[0m[2m=[0m47718
[2m2026-09-02T19:28:22.256042Z[0m [32m INFO[0m [2mtushare_sync[0m[2m:[0m window synced [3mcode[0m[2m=[0m"515070" [3mwindow[0m[2m=[0m2020-10-22..2020-11-20 [3mtotal[0m[2m=[0m53020
[2m2026-09-02T19:28:23.217298Z[0m [32m INFO[0m [2mtushare_sync[0m[2m:[0m window synced [3mcode[0m[2m=[0m"515070" [3mwindow[0m[2m=[0m2020-11-21..2020-12-20 [3mtotal[0m[2m=[0m57840
[2m2026-09-02T19:28:24.222205Z[0m [32m INFO[0m [2mtushare_sync[0m[2m:[0m window synced [3mcode[0m[2m=[0m"515070" [3mwindow[0m[2m=[0m2020-12-21..2021-01-19 [3mtotal[0m[2m=[0m62901
[2m2026-09-02T19:28:25.197812Z[0m [32m INFO[0m [2mtushare_sync[0m[2m:[0m window synced [3mcode[0m[2m=[0m"515070" [3mwindow[0m[2m=[0m2021-01-20..2021-02-18 [3mtotal[0m[2m=[0m66998
[2m2026-09-02T19:28:26.220587Z[0m [32m INFO[0m [2mtushare_sync[0m[2m:[0m window synced [3mcode[0m[2m=[0m"515070" [3mwindow[0m[2m=[0m2021-02-19..2021-03-20 [3mtotal[0m[2m=[0m72059
[2m2026-09-02T19:28:27.206134Z[0m [32m INFO[0m [2mtushare_sync[0m[2m:[0m window synced [3mcode[0m[2m=[0m"515070" [3mwindow[0m[2m=[0m2021-03-21..2021-04-19 [3mtotal[0m[2m=[0m76879
[2m2026-09-02T19:28:28.220589Z[0m [32m INFO[0m [2mtushare_sync[0m[2m:[0m window synced [3mcode[0m[2m=[0m"515070" [3mwindow[0m[2m=[0m2021-04-20..2021-05-19 [3mtotal[0m[2m=[0m81458
[2m2026-09-02T19:28:29.226746Z[0m [32m INFO[0m [2mtushare_sync[0m[2m:[0m window synced [3mcode[0m[2m=[0m"515070" [3mwindow[0m[2m=[0m2021-05-20..2021-06-18 [3mtotal[0m[2m=[0m86519
[2m2026-09-02T19:28:30.272345Z[0m [32m INFO[0m [2mtushare_sync[0m[2m:[0m window synced [3mcode[0m[2m=[0m"515070" [3mwindow[0m[2m=[0m2021-06-19..2021-07-18 [3mtotal[0m[2m=[0m91339
[2m2026-09-02T19:28:31.232382Z[0m [32m INFO[0m [2mtushare_sync[0m[2m:[0m window synced [3mcode[0m[2m=[0m"515070" [3mwindow[0m[2m=[0m2021-07-19..2021-08-17 [3mtotal[0m[2m=[0m96641
[2m2026-09-02T19:28:32.239551Z[0m [32m INFO[0m [2mtushare_sync[0m[2m:[0m window synced [3mcode[0m[2m=[0m"515070" [3mwindow[0m[2m=[0m2021-08-18..2021-09-16 [3mtotal[0m[2m=[0m101943
[2m2026-09-02T19:28:33.178324Z[0m [32m INFO[0m [2mtushare_sync[0m[2m:[0m window synced [3mcode[0m[2m=[0m"515070" [3mwindow[0m[2m=[0m2021-09-17..2021-10-16 [3mtotal[0m[2m=[0m105317
[2m2026-09-02T19:28:34.246949Z[0m [32m INFO[0m [2mtushare_sync[0m[2m:[0m window synced [3mcode[0m[2m=[0m"515070" [3mwindow[0m[2m=[0m2021-10-17..2021-11-15 [3mtotal[0m[2m=[0m110378
[2m2026-09-02T19:28:35.288714Z[0m [32m INFO[0m [2mtushare_sync[0m[2m:[0m window synced [3mcode[0m[2m=[0m"515070" [3mwindow[0m[2m=[0m2021-11-16..2021-12-15 [3mtotal[0m[2m=[0m115680
[2m2026-09-02T19:28:36.262524Z[0m [32m INFO[0m [2mtushare_sync[0m[2m:[0m window synced [3mcode[0m[2m=[0m"515070" [3mwindow[0m[2m=[0m2021-12-16..2022-01-14 [3mtotal[0m[2m=[0m120741
[2m2026-09-02T19:28:37.219464Z[0m [32m INFO[0m [2mtushare_sync[0m[2m:[0m window synced [3mcode[0m[2m=[0m"515070" [3mwindow[0m[2m=[0m2022-01-15..2022-02-13 [3mtotal[0m[2m=[0m124356
[2m2026-09-02T19:28:38.343422Z[0m [32m INFO[0m [2mtushare_sync[0m[2m:[0m window synced [3mcode[0m[2m=[0m"515070" [3mwindow[0m[2m=[0m2022-02-14..2022-03-15 [3mtotal[0m[2m=[0m129658
[2m2026-09-02T19:28:39.298203Z[0m [32m INFO[0m [2mtushare_sync[0m[2m:[0m window synced [3mcode[0m[2m=[0m"515070" [3mwindow[0m[2m=[0m2022-03-16..2022-04-14 [3mtotal[0m[2m=[0m134478
[2m2026-09-02T19:28:40.298823Z[0m [32m INFO[0m [2mtushare_sync[0m[2m:[0m window synced [3mcode[0m[2m=[0m"515070" [3mwindow[0m[2m=[0m2022-04-15..2022-05-14 [3mtotal[0m[2m=[0m138816
[2m2026-09-02T19:28:41.313598Z[0m [32m INFO[0m [2mtushare_sync[0m[2m:[0m window synced [3mcode[0m[2m=[0m"515070" [3mwindow[0m[2m=[0m2022-05-15..2022-06-13 [3mtotal[0m[2m=[0m143636
[2m2026-09-02T19:28:42.327820Z[0m [32m INFO[0m [2mtushare_sync[0m[2m:[0m window synced [3mcode[0m[2m=[0m"515070" [3mwindow[0m[2m=[0m2022-06-14..2022-07-13 [3mtotal[0m[2m=[0m148938
[2m2026-09-02T19:28:43.235574Z[0m [32m INFO[0m [2mtushare_sync[0m[2m:[0m window synced [3mcode[0m[2m=[0m"515070" [3mwindow[0m[2m=[0m2022-07-14..2022-08-12 [3mtotal[0m[2m=[0m154240
[2m2026-09-02T19:28:44.235395Z[0m [32m INFO[0m [2mtushare_sync[0m[2m:[0m window synced [3mcode[0m[2m=[0m"515070" [3mwindow[0m[2m=[0m2022-08-13..2022-09-11 [3mtotal[0m[2m=[0m159060
[2m2026-09-02T19:28:45.228902Z[0m [32m INFO[0m [2mtushare_sync[0m[2m:[0m window synced [3mcode[0m[2m=[0m"515070" [3mwindow[0m[2m=[0m2022-09-12..2022-10-11 [3mtotal[0m[2m=[0m162916
[2m2026-09-02T19:28:46.238503Z[0m [32m INFO[0m [2mtushare_sync[0m[2m:[0m window synced [3mcode[0m[2m=[0m"515070" [3mwindow[0m[2m=[0m2022-10-12..2022-11-10 [3mtotal[0m[2m=[0m168218
[2m2026-09-02T19:28:47.240137Z[0m [32m INFO[0m [2mtushare_sync[0m[2m:[0m window synced [3mcode[0m[2m=[0m"515070" [3mwindow[0m[2m=[0m2022-11-11..2022-12-10 [3mtotal[0m[2m=[0m173279
[2m2026-09-02T19:28:48.255882Z[0m [32m INFO[0m [2mtushare_sync[0m[2m:[0m window synced [3mcode[0m[2m=[0m"515070" [3mwindow[0m[2m=[0m2022-12-11..2023-01-09 [3mtotal[0m[2m=[0m178099
[2m2026-09-02T19:28:49.254888Z[0m [32m INFO[0m [2mtushare_sync[0m[2m:[0m window synced [3mcode[0m[2m=[0m"515070" [3mwindow[0m[2m=[0m2023-01-10..2023-02-08 [3mtotal[0m[2m=[0m182196
[2m2026-09-02T19:28:50.297080Z[0m [32m INFO[0m [2mtushare_sync[0m[2m:[0m window synced [3mcode[0m[2m=[0m"515070" [3mwindow[0m[2m=[0m2023-02-09..2023-03-10 [3mtotal[0m[2m=[0m187498
[2m2026-09-02T19:28:51.259064Z[0m [32m INFO[0m [2mtushare_sync[0m[2m:[0m window synced [3mcode[0m[2m=[0m"515070" [3mwindow[0m[2m=[0m2023-03-11..2023-04-09 [3mtotal[0m[2m=[0m192077
[2m2026-09-02T19:28:52.264332Z[0m [32m INFO[0m [2mtushare_sync[0m[2m:[0m window synced [3mcode[0m[2m=[0m"515070" [3mwindow[0m[2m=[0m2023-04-10..2023-05-09 [3mtotal[0m[2m=[0m196656
[2m2026-09-02T19:28:53.305984Z[0m [32m INFO[0m [2mtushare_sync[0m[2m:[0m window synced [3mcode[0m[2m=[0m"515070" [3mwindow[0m[2m=[0m2023-05-10..2023-06-08 [3mtotal[0m[2m=[0m201958
[2m2026-09-02T19:28:54.658958Z[0m [32m INFO[0m [2mtushare_sync[0m[2m:[0m window synced [3mcode[0m[2m=[0m"515070" [3mwindow[0m[2m=[0m2023-06-09..2023-07-08 [3mtotal[0m[2m=[0m206537
[2m2026-09-02T19:28:55.286530Z[0m [32m INFO[0m [2mtushare_sync[0m[2m:[0m window synced [3mcode[0m[2m=[0m"515070" [3mwindow[0m[2m=[0m2023-07-09..2023-08-07 [3mtotal[0m[2m=[0m211598
[2m2026-09-02T19:28:56.314436Z[0m [32m INFO[0m [2mtushare_sync[0m[2m:[0m window synced [3mcode[0m[2m=[0m"515070" [3mwindow[0m[2m=[0m2023-08-08..2023-09-06 [3mtotal[0m[2m=[0m216900
[2m2026-09-02T19:28:57.253056Z[0m [32m INFO[0m [2mtushare_sync[0m[2m:[0m window synced [3mcode[0m[2m=[0m"515070" [3mwindow[0m[2m=[0m2023-09-07..2023-10-06 [3mtotal[0m[2m=[0m220756
[2m2026-09-02T19:28:58.283466Z[0m [32m INFO[0m [2mtushare_sync[0m[2m:[0m window synced [3mcode[0m[2m=[0m"515070" [3mwindow[0m[2m=[0m2023-10-07..2023-11-05 [3mtotal[0m[2m=[0m225576
[2m2026-09-02T19:28:59.280800Z[0m [32m INFO[0m [2mtushare_sync[0m[2m:[0m window synced [3mcode[0m[2m=[0m"515070" [3mwindow[0m[2m=[0m2023-11-06..2023-12-05 [3mtotal[0m[2m=[0m230878
[2m2026-09-02T19:29:00.279129Z[0m [32m INFO[0m [2mtushare_sync[0m[2m:[0m window synced [3mcode[0m[2m=[0m"515070" [3mwindow[0m[2m=[0m2023-12-06..2024-01-04 [3mtotal[0m[2m=[0m235939
[2m2026-09-02T19:29:01.284122Z[0m [32m INFO[0m [2mtushare_sync[0m[2m:[0m window synced [3mcode[0m[2m=[0m"515070" [3mwindow[0m[2m=[0m2024-01-05..2024-02-03 [3mtotal[0m[2m=[0m241000
[2m2026-09-02T19:29:02.282173Z[0m [32m INFO[0m [2mtushare_sync[0m[2m:[0m window synced [3mcode[0m[2m=[0m"515070" [3mwindow[0m[2m=[0m2024-02-04..2024-03-04 [3mtotal[0m[2m=[0m244615
[2m2026-09-02T19:29:03.296082Z[0m [32m INFO[0m [2mtushare_sync[0m[2m:[0m window synced [3mcode[0m[2m=[0m"515070" [3mwindow[0m[2m=[0m2024-03-05..2024-04-03 [3mtotal[0m[2m=[0m249917
[2m2026-09-02T19:29:04.451509Z[0m [32m INFO[0m [2mtushare_sync[0m[2m:[0m window synced [3mcode[0m[2m=[0m"515070" [3mwindow[0m[2m=[0m2024-04-04..2024-05-03 [3mtotal[0m[2m=[0m254014
[2m2026-09-02T19:29:05.299449Z[0m [32m INFO[0m [2mtushare_sync[0m[2m:[0m window synced [3mcode[0m[2m=[0m"515070" [3mwindow[0m[2m=[0m2024-05-04..2024-06-02 [3mtotal[0m[2m=[0m258834
[2m2026-09-02T19:29:06.295109Z[0m [32m INFO[0m [2mtushare_sync[0m[2m:[0m window synced [3mcode[0m[2m=[0m"515070" [3mwindow[0m[2m=[0m2024-06-03..2024-07-02 [3mtotal[0m[2m=[0m263895
[2m2026-09-02T19:29:07.303035Z[0m [32m INFO[0m [2mtushare_sync[0m[2m:[0m window synced [3mcode[0m[2m=[0m"515070" [3mwindow[0m[2m=[0m2024-07-03..2024-08-01 [3mtotal[0m[2m=[0m269197
[2m2026-09-02T19:29:08.294080Z[0m [32m INFO[0m [2mtushare_sync[0m[2m:[0m window synced [3mcode[0m[2m=[0m"515070" [3mwindow[0m[2m=[0m2024-08-02..2024-08-31 [3mtotal[0m[2m=[0m274258
[2m2026-09-02T19:29:09.303128Z[0m [32m INFO[0m [2mtushare_sync[0m[2m:[0m window synced [3mcode[0m[2m=[0m"515070" [3mwindow[0m[2m=[0m2024-09-01..2024-09-30 [3mtotal[0m[2m=[0m278837
[2m2026-09-02T19:29:10.285994Z[0m [32m INFO[0m [2mtushare_sync[0m[2m:[0m window synced [3mcode[0m[2m=[0m"515070" [3mwindow[0m[2m=[0m2024-10-01..2024-10-30 [3mtotal[0m[2m=[0m282934
[2m2026-09-02T19:29:11.315023Z[0m [32m INFO[0m [2mtushare_sync[0m[2m:[0m window synced [3mcode[0m[2m=[0m"515070" [3mwindow[0m[2m=[0m2024-10-31..2024-11-29 [3mtotal[0m[2m=[0m288236
[2m2026-09-02T19:29:12.381313Z[0m [32m INFO[0m [2mtushare_sync[0m[2m:[0m window synced [3mcode[0m[2m=[0m"515070" [3mwindow[0m[2m=[0m2024-11-30..2024-12-29 [3mtotal[0m[2m=[0m293056
[2m2026-09-02T19:29:13.290118Z[0m [32m INFO[0m [2mtushare_sync[0m[2m:[0m window synced [3mcode[0m[2m=[0m"515070" [3mwindow[0m[2m=[0m2024-12-30..2025-01-28 [3mtotal[0m[2m=[0m297876
[2m2026-09-02T19:29:14.256641Z[0m [32m INFO[0m [2mtushare_sync[0m[2m:[0m window synced [3mcode[0m[2m=[0m"515070" [3mwindow[0m[2m=[0m2025-01-29..2025-02-27 [3mtotal[0m[2m=[0m301973
[2m2026-09-02T19:29:15.278852Z[0m [32m INFO[0m [2mtushare_sync[0m[2m:[0m window synced [3mcode[0m[2m=[0m"515070" [3mwindow[0m[2m=[0m2025-02-28..2025-03-29 [3mtotal[0m[2m=[0m307034
[2m2026-09-02T19:29:16.278600Z[0m [32m INFO[0m [2mtushare_sync[0m[2m:[0m window synced [3mcode[0m[2m=[0m"515070" [3mwindow[0m[2m=[0m2025-03-30..2025-04-28 [3mtotal[0m[2m=[0m311854
[2m2026-09-02T19:29:17.278104Z[0m [32m INFO[0m [2mtushare_sync[0m[2m:[0m window synced [3mcode[0m[2m=[0m"515070" [3mwindow[0m[2m=[0m2025-04-29..2025-05-28 [3mtotal[0m[2m=[0m316433
[2m2026-09-02T19:29:18.280728Z[0m [32m INFO[0m [2mtushare_sync[0m[2m:[0m window synced [3mcode[0m[2m=[0m"515070" [3mwindow[0m[2m=[0m2025-05-29..2025-06-27 [3mtotal[0m[2m=[0m321494
[2m2026-09-02T19:29:19.260972Z[0m [32m INFO[0m [2mtushare_sync[0m[2m:[0m window synced [3mcode[0m[2m=[0m"515070" [3mwindow[0m[2m=[0m2025-06-28..2025-07-27 [3mtotal[0m[2m=[0m326314
[2m2026-09-02T19:29:20.376089Z[0m [32m INFO[0m [2mtushare_sync[0m[2m:[0m window synced [3mcode[0m[2m=[0m"515070" [3mwindow[0m[2m=[0m2025-07-28..2025-08-26 [3mtotal[0m[2m=[0m331616
[2m2026-09-02T19:29:21.287423Z[0m [32m INFO[0m [2mtushare_sync[0m[2m:[0m window synced [3mcode[0m[2m=[0m"515070" [3mwindow[0m[2m=[0m2025-08-27..2025-09-25 [3mtotal[0m[2m=[0m336918
[2m2026-09-02T19:29:22.278853Z[0m [32m INFO[0m [2mtushare_sync[0m[2m:[0m window synced [3mcode[0m[2m=[0m"515070" [3mwindow[0m[2m=[0m2025-09-26..2025-10-25 [3mtotal[0m[2m=[0m340533
[2m2026-09-02T19:29:23.387721Z[0m [32m INFO[0m [2mtushare_sync[0m[2m:[0m window synced [3mcode[0m[2m=[0m"515070" [3mwindow[0m[2m=[0m2025-10-26..2025-11-24 [3mtotal[0m[2m=[0m345594
[2m2026-09-02T19:29:24.323885Z[0m [32m INFO[0m [2mtushare_sync[0m[2m:[0m window synced [3mcode[0m[2m=[0m"515070" [3mwindow[0m[2m=[0m2025-11-25..2025-12-24 [3mtotal[0m[2m=[0m350896
[2m2026-09-02T19:29:25.300316Z[0m [32m INFO[0m [2mtushare_sync[0m[2m:[0m window synced [3mcode[0m[2m=[0m"515070" [3mwindow[0m[2m=[0m2025-12-25..2026-01-23 [3mtotal[0m[2m=[0m355716
[2m2026-09-02T19:29:26.262506Z[0m [32m INFO[0m [2mtushare_sync[0m[2m:[0m window synced [3mcode[0m[2m=[0m"515070" [3mwindow[0m[2m=[0m2026-01-24..2026-02-22 [3mtotal[0m[2m=[0m359331
[2m2026-09-02T19:29:27.290921Z[0m [32m INFO[0m [2mtushare_sync[0m[2m:[0m window synced [3mcode[0m[2m=[0m"515070" [3mwindow[0m[2m=[0m2026-02-23..2026-03-24 [3mtotal[0m[2m=[0m364392
[2m2026-09-02T19:29:28.328961Z[0m [32m INFO[0m [2mtushare_sync[0m[2m:[0m window synced [3mcode[0m[2m=[0m"515070" [3mwindow[0m[2m=[0m2026-03-25..2026-04-23 [3mtotal[0m[2m=[0m369453
[2m2026-09-02T19:29:29.264846Z[0m [32m INFO[0m [2mtushare_sync[0m[2m:[0m window synced [3mcode[0m[2m=[0m"515070" [3mwindow[0m[2m=[0m2026-04-24..2026-05-23 [3mtotal[0m[2m=[0m373791
[2m2026-09-02T19:29:30.269966Z[0m [32m INFO[0m [2mtushare_sync[0m[2m:[0m window synced [3mcode[0m[2m=[0m"515070" [3mwindow[0m[2m=[0m2026-05-24..2026-06-22 [3mtotal[0m[2m=[0m378611
[2m2026-09-02T19:29:31.289595Z[0m [32m INFO[0m [2mtushare_sync[0m[2m:[0m window synced [3mcode[0m[2m=[0m"515070" [3mwindow[0m[2m=[0m2026-06-23..2026-07-22 [3mtotal[0m[2m=[0m383913
[2m2026-09-02T19:29:32.288661Z[0m [32m INFO[0m [2mtushare_sync[0m[2m:[0m window synced [3mcode[0m[2m=[0m"515070" [3mwindow[0m[2m=[0m2026-07-23..2026-08-21 [3mtotal[0m[2m=[0m389215
[2m2026-09-02T19:29:33.228154Z[0m [32m INFO[0m [2mtushare_sync[0m[2m:[0m window synced [3mcode[0m[2m=[0m"515070" [3mwindow[0m[2m=[0m2026-08-22..2026-09-03 [3mtotal[0m[2m=[0m391143
[2m2026-09-02T19:29:33.228191Z[0m [32m INFO[0m [2mtushare_sync[0m[2m:[0m === sync done === [3mcode[0m[2m=[0m"515070" [3mbars[0m[2m=[0m391143
[2m2026-09-02T19:29:33.228198Z[0m [32m INFO[0m [2mtushare_sync[0m[2m:[0m === sync start === [3mcode[0m[2m=[0m"515710"
[2m2026-09-02T19:29:43.342723Z[0m [32m INFO[0m [2mtushare_sync[0m[2m:[0m first data year found [3mcode[0m[2m=[0m"515710" [3mfirst_year[0m[2m=[0m2021
[2m2026-09-02T19:29:44.286895Z[0m [32m INFO[0m [2mtushare_sync[0m[2m:[0m window synced [3mcode[0m[2m=[0m"515710" [3mwindow[0m[2m=[0m2021-01-01..2021-01-30 [3mtotal[0m[2m=[0m4097
[2m2026-09-02T19:29:45.266841Z[0m [32m INFO[0m [2mtushare_sync[0m[2m:[0m window synced [3mcode[0m[2m=[0m"515710" [3mwindow[0m[2m=[0m2021-01-31..2021-03-01 [3mtotal[0m[2m=[0m7953
[2m2026-09-02T19:29:46.331915Z[0m [32m INFO[0m [2mtushare_sync[0m[2m:[0m window synced [3mcode[0m[2m=[0m"515710" [3mwindow[0m[2m=[0m2021-03-02..2021-03-31 [3mtotal[0m[2m=[0m13255
[2m2026-09-02T19:29:47.317558Z[0m [32m INFO[0m [2mtushare_sync[0m[2m:[0m window synced [3mcode[0m[2m=[0m"515710" [3mwindow[0m[2m=[0m2021-04-01..2021-04-30 [3mtotal[0m[2m=[0m18316
[2m2026-09-02T19:29:48.291721Z[0m [32m INFO[0m [2mtushare_sync[0m[2m:[0m window synced [3mcode[0m[2m=[0m"515710" [3mwindow[0m[2m=[0m2021-05-01..2021-05-30 [3mtotal[0m[2m=[0m22413
[2m2026-09-02T19:29:49.328881Z[0m [32m INFO[0m [2mtushare_sync[0m[2m:[0m window synced [3mcode[0m[2m=[0m"515710" [3mwindow[0m[2m=[0m2021-05-31..2021-06-29 [3mtotal[0m[2m=[0m27474
[2m2026-09-02T19:29:50.320121Z[0m [32m INFO[0m [2mtushare_sync[0m[2m:[0m window synced [3mcode[0m[2m=[0m"515710" [3mwindow[0m[2m=[0m2021-06-30..2021-07-29 [3mtotal[0m[2m=[0m32776
[2m2026-09-02T19:29:51.346643Z[0m [32m INFO[0m [2mtushare_sync[0m[2m:[0m window synced [3mcode[0m[2m=[0m"515710" [3mwindow[0m[2m=[0m2021-07-30..2021-08-28 [3mtotal[0m[2m=[0m37837
[2m2026-09-02T19:29:52.309800Z[0m [32m INFO[0m [2mtushare_sync[0m[2m:[0m window synced [3mcode[0m[2m=[0m"515710" [3mwindow[0m[2m=[0m2021-08-29..2021-09-27 [3mtotal[0m[2m=[0m42416
[2m2026-09-02T19:29:53.301455Z[0m [32m INFO[0m [2mtushare_sync[0m[2m:[0m window synced [3mcode[0m[2m=[0m"515710" [3mwindow[0m[2m=[0m2021-09-28..2021-10-27 [3mtotal[0m[2m=[0m46513
[2m2026-09-02T19:29:54.573010Z[0m [32m INFO[0m [2mtushare_sync[0m[2m:[0m window synced [3mcode[0m[2m=[0m"515710" [3mwindow[0m[2m=[0m2021-10-28..2021-11-26 [3mtotal[0m[2m=[0m51815
[2m2026-09-02T19:29:55.350274Z[0m [32m INFO[0m [2mtushare_sync[0m[2m:[0m window synced [3mcode[0m[2m=[0m"515710" [3mwindow[0m[2m=[0m2021-11-27..2021-12-26 [3mtotal[0m[2m=[0m56635
[2m2026-09-02T19:29:56.310013Z[0m [32m INFO[0m [2mtushare_sync[0m[2m:[0m window synced [3mcode[0m[2m=[0m"515710" [3mwindow[0m[2m=[0m2021-12-27..2022-01-25 [3mtotal[0m[2m=[0m61696
[2m2026-09-02T19:29:57.298005Z[0m [32m INFO[0m [2mtushare_sync[0m[2m:[0m window synced [3mcode[0m[2m=[0m"515710" [3mwindow[0m[2m=[0m2022-01-26..2022-02-24 [3mtotal[0m[2m=[0m65793
[2m2026-09-02T19:29:58.311773Z[0m [32m INFO[0m [2mtushare_sync[0m[2m:[0m window synced [3mcode[0m[2m=[0m"515710" [3mwindow[0m[2m=[0m2022-02-25..2022-03-26 [3mtotal[0m[2m=[0m70854
[2m2026-09-02T19:29:59.311835Z[0m [32m INFO[0m [2mtushare_sync[0m[2m:[0m window synced [3mcode[0m[2m=[0m"515710" [3mwindow[0m[2m=[0m2022-03-27..2022-04-25 [3mtotal[0m[2m=[0m75433
[2m2026-09-02T19:30:00.309585Z[0m [32m INFO[0m [2mtushare_sync[0m[2m:[0m window synced [3mcode[0m[2m=[0m"515710" [3mwindow[0m[2m=[0m2022-04-26..2022-05-25 [3mtotal[0m[2m=[0m80012
[2m2026-09-02T19:30:01.571266Z[0m [32m INFO[0m [2mtushare_sync[0m[2m:[0m window synced [3mcode[0m[2m=[0m"515710" [3mwindow[0m[2m=[0m2022-05-26..2022-06-24 [3mtotal[0m[2m=[0m85073
[2m2026-09-02T19:30:02.337500Z[0m [32m INFO[0m [2mtushare_sync[0m[2m:[0m window synced [3mcode[0m[2m=[0m"515710" [3mwindow[0m[2m=[0m2022-06-25..2022-07-24 [3mtotal[0m[2m=[0m89893
[2m2026-09-02T19:30:03.338747Z[0m [32m INFO[0m [2mtushare_sync[0m[2m:[0m window synced [3mcode[0m[2m=[0m"515710" [3mwindow[0m[2m=[0m2022-07-25..2022-08-23 [3mtotal[0m[2m=[0m95195
[2m2026-09-02T19:30:04.317435Z[0m [32m INFO[0m [2mtushare_sync[0m[2m:[0m window synced [3mcode[0m[2m=[0m"515710" [3mwindow[0m[2m=[0m2022-08-24..2022-09-22 [3mtotal[0m[2m=[0m100256
[2m2026-09-02T19:30:05.313596Z[0m [32m INFO[0m [2mtushare_sync[0m[2m:[0m window synced [3mcode[0m[2m=[0m"515710" [3mwindow[0m[2m=[0m2022-09-23..2022-10-22 [3mtotal[0m[2m=[0m104112
[2m2026-09-02T19:30:06.359740Z[0m [32m INFO[0m [2mtushare_sync[0m[2m:[0m window synced [3mcode[0m[2m=[0m"515710" [3mwindow[0m[2m=[0m2022-10-23..2022-11-21 [3mtotal[0m[2m=[0m109173
[2m2026-09-02T19:30:07.364267Z[0m [32m INFO[0m [2mtushare_sync[0m[2m:[0m window synced [3mcode[0m[2m=[0m"515710" [3mwindow[0m[2m=[0m2022-11-22..2022-12-21 [3mtotal[0m[2m=[0m114475
[2m2026-09-02T19:30:09.062717Z[0m [32m INFO[0m [2mtushare_sync[0m[2m:[0m window synced [3mcode[0m[2m=[0m"515710" [3mwindow[0m[2m=[0m2022-12-22..2023-01-20 [3mtotal[0m[2m=[0m119536
[2m2026-09-02T19:30:09.308780Z[0m [32m INFO[0m [2mtushare_sync[0m[2m:[0m window synced [3mcode[0m[2m=[0m"515710" [3mwindow[0m[2m=[0m2023-01-21..2023-02-19 [3mtotal[0m[2m=[0m123151
[2m2026-09-02T19:30:10.462935Z[0m [32m INFO[0m [2mtushare_sync[0m[2m:[0m window synced [3mcode[0m[2m=[0m"515710" [3mwindow[0m[2m=[0m2023-02-20..2023-03-21 [3mtotal[0m[2m=[0m128453
[2m2026-09-02T19:30:11.374369Z[0m [32m INFO[0m [2mtushare_sync[0m[2m:[0m window synced [3mcode[0m[2m=[0m"515710" [3mwindow[0m[2m=[0m2023-03-22..2023-04-20 [3mtotal[0m[2m=[0m133514
[2m2026-09-02T19:30:12.347666Z[0m [32m INFO[0m [2mtushare_sync[0m[2m:[0m window synced [3mcode[0m[2m=[0m"515710" [3mwindow[0m[2m=[0m2023-04-21..2023-05-20 [3mtotal[0m[2m=[0m137852
[2m2026-09-02T19:30:13.367631Z[0m [32m INFO[0m [2mtushare_sync[0m[2m:[0m window synced [3mcode[0m[2m=[0m"515710" [3mwindow[0m[2m=[0m2023-05-21..2023-06-19 [3mtotal[0m[2m=[0m142913
[2m2026-09-02T19:30:14.344066Z[0m [32m INFO[0m [2mtushare_sync[0m[2m:[0m window synced [3mcode[0m[2m=[0m"515710" [3mwindow[0m[2m=[0m2023-06-20..2023-07-19 [3mtotal[0m[2m=[0m147733
[2m2026-09-02T19:30:15.366143Z[0m [32m INFO[0m [2mtushare_sync[0m[2m:[0m window synced [3mcode[0m[2m=[0m"515710" [3mwindow[0m[2m=[0m2023-07-20..2023-08-18 [3mtotal[0m[2m=[0m153035
[2m2026-09-02T19:30:16.347353Z[0m [32m INFO[0m [2mtushare_sync[0m[2m:[0m window synced [3mcode[0m[2m=[0m"515710" [3mwindow[0m[2m=[0m2023-08-19..2023-09-17 [3mtotal[0m[2m=[0m157855
[2m2026-09-02T19:30:17.338496Z[0m [32m INFO[0m [2mtushare_sync[0m[2m:[0m window synced [3mcode[0m[2m=[0m"515710" [3mwindow[0m[2m=[0m2023-09-18..2023-10-17 [3mtotal[0m[2m=[0m161711
[2m2026-09-02T19:30:18.370415Z[0m [32m INFO[0m [2mtushare_sync[0m[2m:[0m window synced [3mcode[0m[2m=[0m"515710" [3mwindow[0m[2m=[0m2023-10-18..2023-11-16 [3mtotal[0m[2m=[0m167013
[2m2026-09-02T19:30:19.372338Z[0m [32m INFO[0m [2mtushare_sync[0m[2m:[0m window synced [3mcode[0m[2m=[0m"515710" [3mwindow[0m[2m=[0m2023-11-17..2023-12-16 [3mtotal[0m[2m=[0m172074
[2m2026-09-02T19:30:20.360175Z[0m [32m INFO[0m [2mtushare_sync[0m[2m:[0m window synced [3mcode[0m[2m=[0m"515710" [3mwindow[0m[2m=[0m2023-12-17..2024-01-15 [3mtotal[0m[2m=[0m176894
[2m2026-09-02T19:30:21.339156Z[0m [32m INFO[0m [2mtushare_sync[0m[2m:[0m window synced [3mcode[0m[2m=[0m"515710" [3mwindow[0m[2m=[0m2024-01-16..2024-02-14 [3mtotal[0m[2m=[0m181232
[2m2026-09-02T19:30:22.358731Z[0m [32m INFO[0m [2mtushare_sync[0m[2m:[0m window synced [3mcode[0m[2m=[0m"515710" [3mwindow[0m[2m=[0m2024-02-15..2024-03-15 [3mtotal[0m[2m=[0m186052
[2m2026-09-02T19:30:23.351274Z[0m [32m INFO[0m [2mtushare_sync[0m[2m:[0m window synced [3mcode[0m[2m=[0m"515710" [3mwindow[0m[2m=[0m2024-03-16..2024-04-14 [3mtotal[0m[2m=[0m190390
[2m2026-09-02T19:30:24.365365Z[0m [32m INFO[0m [2mtushare_sync[0m[2m:[0m window synced [3mcode[0m[2m=[0m"515710" [3mwindow[0m[2m=[0m2024-04-15..2024-05-14 [3mtotal[0m[2m=[0m194969
[2m2026-09-02T19:30:25.363888Z[0m [32m INFO[0m [2mtushare_sync[0m[2m:[0m window synced [3mcode[0m[2m=[0m"515710" [3mwindow[0m[2m=[0m2024-05-15..2024-06-13 [3mtotal[0m[2m=[0m200030
[2m2026-09-02T19:30:26.507345Z[0m [32m INFO[0m [2mtushare_sync[0m[2m:[0m window synced [3mcode[0m[2m=[0m"515710" [3mwindow[0m[2m=[0m2024-06-14..2024-07-13 [3mtotal[0m[2m=[0m205091
[2m2026-09-02T19:30:27.377950Z[0m [32m INFO[0m [2mtushare_sync[0m[2m:[0m window synced [3mcode[0m[2m=[0m"515710" [3mwindow[0m[2m=[0m2024-07-14..2024-08-12 [3mtotal[0m[2m=[0m210152
[2m2026-09-02T19:30:28.377886Z[0m [32m INFO[0m [2mtushare_sync[0m[2m:[0m window synced [3mcode[0m[2m=[0m"515710" [3mwindow[0m[2m=[0m2024-08-13..2024-09-11 [3mtotal[0m[2m=[0m215454
[2m2026-09-02T19:30:29.447564Z[0m [32m INFO[0m [2mtushare_sync[0m[2m:[0m window synced [3mcode[0m[2m=[0m"515710" [3mwindow[0m[2m=[0m2024-09-12..2024-10-11 [3mtotal[0m[2m=[0m219069
[2m2026-09-02T19:30:30.373241Z[0m [32m INFO[0m [2mtushare_sync[0m[2m:[0m window synced [3mcode[0m[2m=[0m"515710" [3mwindow[0m[2m=[0m2024-10-12..2024-11-10 [3mtotal[0m[2m=[0m223889
[2m2026-09-02T19:30:31.377588Z[0m [32m INFO[0m [2mtushare_sync[0m[2m:[0m window synced [3mcode[0m[2m=[0m"515710" [3mwindow[0m[2m=[0m2024-11-11..2024-12-10 [3mtotal[0m[2m=[0m229191
[2m2026-09-02T19:30:32.504224Z[0m [32m INFO[0m [2mtushare_sync[0m[2m:[0m window synced [3mcode[0m[2m=[0m"515710" [3mwindow[0m[2m=[0m2024-12-11..2025-01-09 [3mtotal[0m[2m=[0m234252
[2m2026-09-02T19:30:33.308364Z[0m [32m INFO[0m [2mtushare_sync[0m[2m:[0m window synced [3mcode[0m[2m=[0m"515710" [3mwindow[0m[2m=[0m2025-01-10..2025-02-08 [3mtotal[0m[2m=[0m237867
[2m2026-09-02T19:30:34.391176Z[0m [32m INFO[0m [2mtushare_sync[0m[2m:[0m window synced [3mcode[0m[2m=[0m"515710" [3mwindow[0m[2m=[0m2025-02-09..2025-03-10 [3mtotal[0m[2m=[0m242928
[2m2026-09-02T19:30:35.385224Z[0m [32m INFO[0m [2mtushare_sync[0m[2m:[0m window synced [3mcode[0m[2m=[0m"515710" [3mwindow[0m[2m=[0m2025-03-11..2025-04-09 [3mtotal[0m[2m=[0m247989
[2m2026-09-02T19:30:36.340103Z[0m [32m INFO[0m [2mtushare_sync[0m[2m:[0m window synced [3mcode[0m[2m=[0m"515710" [3mwindow[0m[2m=[0m2025-04-10..2025-05-09 [3mtotal[0m[2m=[0m252568
[2m2026-09-02T19:30:37.345367Z[0m [32m INFO[0m [2mtushare_sync[0m[2m:[0m window synced [3mcode[0m[2m=[0m"515710" [3mwindow[0m[2m=[0m2025-05-10..2025-06-08 [3mtotal[0m[2m=[0m257147
[2m2026-09-02T19:30:38.613775Z[0m [32m INFO[0m [2mtushare_sync[0m[2m:[0m window synced [3mcode[0m[2m=[0m"515710" [3mwindow[0m[2m=[0m2025-06-09..2025-07-08 [3mtotal[0m[2m=[0m262449
[2m2026-09-02T19:30:39.367931Z[0m [32m INFO[0m [2mtushare_sync[0m[2m:[0m window synced [3mcode[0m[2m=[0m"515710" [3mwindow[0m[2m=[0m2025-07-09..2025-08-07 [3mtotal[0m[2m=[0m267751
[2m2026-09-02T19:30:40.363451Z[0m [32m INFO[0m [2mtushare_sync[0m[2m:[0m window synced [3mcode[0m[2m=[0m"515710" [3mwindow[0m[2m=[0m2025-08-08..2025-09-06 [3mtotal[0m[2m=[0m272812
[2m2026-09-02T19:30:41.331890Z[0m [32m INFO[0m [2mtushare_sync[0m[2m:[0m window synced [3mcode[0m[2m=[0m"515710" [3mwindow[0m[2m=[0m2025-09-07..2025-10-06 [3mtotal[0m[2m=[0m276909
[2m2026-09-02T19:30:42.393129Z[0m [32m INFO[0m [2mtushare_sync[0m[2m:[0m window synced [3mcode[0m[2m=[0m"515710" [3mwindow[0m[2m=[0m2025-10-07..2025-11-05 [3mtotal[0m[2m=[0m281729
[2m2026-09-02T19:30:43.379899Z[0m [32m INFO[0m [2mtushare_sync[0m[2m:[0m window synced [3mcode[0m[2m=[0m"515710" [3mwindow[0m[2m=[0m2025-11-06..2025-12-05 [3mtotal[0m[2m=[0m287031
[2m2026-09-02T19:30:44.349529Z[0m [32m INFO[0m [2mtushare_sync[0m[2m:[0m window synced [3mcode[0m[2m=[0m"515710" [3mwindow[0m[2m=[0m2025-12-06..2026-01-04 [3mtotal[0m[2m=[0m291369
[2m2026-09-02T19:30:45.365333Z[0m [32m INFO[0m [2mtushare_sync[0m[2m:[0m window synced [3mcode[0m[2m=[0m"515710" [3mwindow[0m[2m=[0m2026-01-05..2026-02-03 [3mtotal[0m[2m=[0m296671
[2m2026-09-02T19:30:46.319247Z[0m [32m INFO[0m [2mtushare_sync[0m[2m:[0m window synced [3mcode[0m[2m=[0m"515710" [3mwindow[0m[2m=[0m2026-02-04..2026-03-05 [3mtotal[0m[2m=[0m300527
[2m2026-09-02T19:30:47.361974Z[0m [32m INFO[0m [2mtushare_sync[0m[2m:[0m window synced [3mcode[0m[2m=[0m"515710" [3mwindow[0m[2m=[0m2026-03-06..2026-04-04 [3mtotal[0m[2m=[0m305588
[2m2026-09-02T19:30:48.328648Z[0m [32m INFO[0m [2mtushare_sync[0m[2m:[0m window synced [3mcode[0m[2m=[0m"515710" [3mwindow[0m[2m=[0m2026-04-05..2026-05-04 [3mtotal[0m[2m=[0m309926
[2m2026-09-02T19:30:49.390732Z[0m [32m INFO[0m [2mtushare_sync[0m[2m:[0m window synced [3mcode[0m[2m=[0m"515710" [3mwindow[0m[2m=[0m2026-05-05..2026-06-03 [3mtotal[0m[2m=[0m314987
[2m2026-09-02T19:30:50.390117Z[0m [32m INFO[0m [2mtushare_sync[0m[2m:[0m window synced [3mcode[0m[2m=[0m"515710" [3mwindow[0m[2m=[0m2026-06-04..2026-07-03 [3mtotal[0m[2m=[0m320048
[2m2026-09-02T19:30:51.382628Z[0m [32m INFO[0m [2mtushare_sync[0m[2m:[0m window synced [3mcode[0m[2m=[0m"515710" [3mwindow[0m[2m=[0m2026-07-04..2026-08-02 [3mtotal[0m[2m=[0m324868
[2m2026-09-02T19:30:52.375771Z[0m [32m INFO[0m [2mtushare_sync[0m[2m:[0m window synced [3mcode[0m[2m=[0m"515710" [3mwindow[0m[2m=[0m2026-08-03..2026-09-01 [3mtotal[0m[2m=[0m330170
[2m2026-09-02T19:30:53.243698Z[0m [32m INFO[0m [2mtushare_sync[0m[2m:[0m window synced [3mcode[0m[2m=[0m"515710" [3mwindow[0m[2m=[0m2026-09-02..2026-09-03 [3mtotal[0m[2m=[0m330411
[2m2026-09-02T19:30:53.243730Z[0m [32m INFO[0m [2mtushare_sync[0m[2m:[0m === sync done === [3mcode[0m[2m=[0m"515710" [3mbars[0m[2m=[0m330411
[2m2026-09-02T19:30:53.243736Z[0m [32m INFO[0m [2mtushare_sync[0m[2m:[0m === sync start === [3mcode[0m[2m=[0m"515790"
[2m2026-09-02T19:31:02.500493Z[0m [32m INFO[0m [2mtushare_sync[0m[2m:[0m first data year found [3mcode[0m[2m=[0m"515790" [3mfirst_year[0m[2m=[0m2020
[2m2026-09-02T19:31:03.225275Z[0m [32m INFO[0m [2mtushare_sync[0m[2m:[0m window synced [3mcode[0m[2m=[0m"515790" [3mwindow[0m[2m=[0m2020-01-01..2020-01-30 [3mtotal[0m[2m=[0m0
[2m2026-09-02T19:31:04.233208Z[0m [32m INFO[0m [2mtushare_sync[0m[2m:[0m window synced [3mcode[0m[2m=[0m"515790" [3mwindow[0m[2m=[0m2020-01-31..2020-02-29 [3mtotal[0m[2m=[0m0
[2m2026-09-02T19:31:05.226258Z[0m [32m INFO[0m [2mtushare_sync[0m[2m:[0m window synced [3mcode[0m[2m=[0m"515790" [3mwindow[0m[2m=[0m2020-03-01..2020-03-30 [3mtotal[0m[2m=[0m0
[2m2026-09-02T19:31:06.266821Z[0m [32m INFO[0m [2mtushare_sync[0m[2m:[0m window synced [3mcode[0m[2m=[0m"515790" [3mwindow[0m[2m=[0m2020-03-31..2020-04-29 [3mtotal[0m[2m=[0m0
[2m2026-09-02T19:31:07.407987Z[0m [32m INFO[0m [2mtushare_sync[0m[2m:[0m window synced [3mcode[0m[2m=[0m"515790" [3mwindow[0m[2m=[0m2020-04-30..2020-05-29 [3mtotal[0m[2m=[0m0
[2m2026-09-02T19:31:08.270216Z[0m [32m INFO[0m [2mtushare_sync[0m[2m:[0m window synced [3mcode[0m[2m=[0m"515790" [3mwindow[0m[2m=[0m2020-05-30..2020-06-28 [3mtotal[0m[2m=[0m0
[2m2026-09-02T19:31:09.269787Z[0m [32m INFO[0m [2mtushare_sync[0m[2m:[0m window synced [3mcode[0m[2m=[0m"515790" [3mwindow[0m[2m=[0m2020-06-29..2020-07-28 [3mtotal[0m[2m=[0m0
[2m2026-09-02T19:31:10.242306Z[0m [32m INFO[0m [2mtushare_sync[0m[2m:[0m window synced [3mcode[0m[2m=[0m"515790" [3mwindow[0m[2m=[0m2020-07-29..2020-08-27 [3mtotal[0m[2m=[0m0
[2m2026-09-02T19:31:11.233796Z[0m [32m INFO[0m [2mtushare_sync[0m[2m:[0m window synced [3mcode[0m[2m=[0m"515790" [3mwindow[0m[2m=[0m2020-08-28..2020-09-26 [3mtotal[0m[2m=[0m0
[2m2026-09-02T19:31:12.251869Z[0m [32m INFO[0m [2mtushare_sync[0m[2m:[0m window synced [3mcode[0m[2m=[0m"515790" [3mwindow[0m[2m=[0m2020-09-27..2020-10-26 [3mtotal[0m[2m=[0m0
[2m2026-09-02T19:31:13.239080Z[0m [32m INFO[0m [2mtushare_sync[0m[2m:[0m window synced [3mcode[0m[2m=[0m"515790" [3mwindow[0m[2m=[0m2020-10-27..2020-11-25 [3mtotal[0m[2m=[0m0
[2m2026-09-02T19:31:14.318851Z[0m [32m INFO[0m [2mtushare_sync[0m[2m:[0m window synced [3mcode[0m[2m=[0m"515790" [3mwindow[0m[2m=[0m2020-11-26..2020-12-25 [3mtotal[0m[2m=[0m1446
[2m2026-09-02T19:31:15.401080Z[0m [32m INFO[0m [2mtushare_sync[0m[2m:[0m window synced [3mcode[0m[2m=[0m"515790" [3mwindow[0m[2m=[0m2020-12-26..2021-01-24 [3mtotal[0m[2m=[0m6025
[2m2026-09-02T19:31:16.395995Z[0m [32m INFO[0m [2mtushare_sync[0m[2m:[0m window synced [3mcode[0m[2m=[0m"515790" [3mwindow[0m[2m=[0m2021-01-25..2021-02-23 [3mtotal[0m[2m=[0m10122
[2m2026-09-02T19:31:17.415178Z[0m [32m INFO[0m [2mtushare_sync[0m[2m:[0m window synced [3mcode[0m[2m=[0m"515790" [3mwindow[0m[2m=[0m2021-02-24..2021-03-25 [3mtotal[0m[2m=[0m15424
[2m2026-09-02T19:31:18.400840Z[0m [32m INFO[0m [2mtushare_sync[0m[2m:[0m window synced [3mcode[0m[2m=[0m"515790" [3mwindow[0m[2m=[0m2021-03-26..2021-04-24 [3mtotal[0m[2m=[0m20244
[2m2026-09-02T19:31:19.402824Z[0m [32m INFO[0m [2mtushare_sync[0m[2m:[0m window synced [3mcode[0m[2m=[0m"515790" [3mwindow[0m[2m=[0m2021-04-25..2021-05-24 [3mtotal[0m[2m=[0m24582
[2m2026-09-02T19:31:20.433915Z[0m [32m INFO[0m [2mtushare_sync[0m[2m:[0m window synced [3mcode[0m[2m=[0m"515790" [3mwindow[0m[2m=[0m2021-05-25..2021-06-23 [3mtotal[0m[2m=[0m29643
[2m2026-09-02T19:31:21.422853Z[0m [32m INFO[0m [2mtushare_sync[0m[2m:[0m window synced [3mcode[0m[2m=[0m"515790" [3mwindow[0m[2m=[0m2021-06-24..2021-07-23 [3mtotal[0m[2m=[0m34945
[2m2026-09-02T19:31:22.528157Z[0m [32m INFO[0m [2mtushare_sync[0m[2m:[0m window synced [3mcode[0m[2m=[0m"515790" [3mwindow[0m[2m=[0m2021-07-24..2021-08-22 [3mtotal[0m[2m=[0m39765
[2m2026-09-02T19:31:23.393090Z[0m [32m INFO[0m [2mtushare_sync[0m[2m:[0m window synced [3mcode[0m[2m=[0m"515790" [3mwindow[0m[2m=[0m2021-08-23..2021-09-21 [3mtotal[0m[2m=[0m44585
[2m2026-09-02T19:31:24.378414Z[0m [32m INFO[0m [2mtushare_sync[0m[2m:[0m window synced [3mcode[0m[2m=[0m"515790" [3mwindow[0m[2m=[0m2021-09-22..2021-10-21 [3mtotal[0m[2m=[0m48682
[2m2026-09-02T19:31:25.404280Z[0m [32m INFO[0m [2mtushare_sync[0m[2m:[0m window synced [3mcode[0m[2m=[0m"515790" [3mwindow[0m[2m=[0m2021-10-22..2021-11-20 [3mtotal[0m[2m=[0m53743
[2m2026-09-02T19:31:26.394371Z[0m [32m INFO[0m [2mtushare_sync[0m[2m:[0m window synced [3mcode[0m[2m=[0m"515790" [3mwindow[0m[2m=[0m2021-11-21..2021-12-20 [3mtotal[0m[2m=[0m58804
[2m2026-09-02T19:31:27.400731Z[0m [32m INFO[0m [2mtushare_sync[0m[2m:[0m window synced [3mcode[0m[2m=[0m"515790" [3mwindow[0m[2m=[0m2021-12-21..2022-01-19 [3mtotal[0m[2m=[0m63865
[2m2026-09-02T19:31:28.400193Z[0m [32m INFO[0m [2mtushare_sync[0m[2m:[0m window synced [3mcode[0m[2m=[0m"515790" [3mwindow[0m[2m=[0m2022-01-20..2022-02-18 [3mtotal[0m[2m=[0m67962
[2m2026-09-02T19:31:29.418423Z[0m [32m INFO[0m [2mtushare_sync[0m[2m:[0m window synced [3mcode[0m[2m=[0m"515790" [3mwindow[0m[2m=[0m2022-02-19..2022-03-20 [3mtotal[0m[2m=[0m72782
[2m2026-09-02T19:31:30.425327Z[0m [32m INFO[0m [2mtushare_sync[0m[2m:[0m window synced [3mcode[0m[2m=[0m"515790" [3mwindow[0m[2m=[0m2022-03-21..2022-04-19 [3mtotal[0m[2m=[0m77602
[2m2026-09-02T19:31:31.406014Z[0m [32m INFO[0m [2mtushare_sync[0m[2m:[0m window synced [3mcode[0m[2m=[0m"515790" [3mwindow[0m[2m=[0m2022-04-20..2022-05-19 [3mtotal[0m[2m=[0m82181
[2m2026-09-02T19:31:32.437987Z[0m [32m INFO[0m [2mtushare_sync[0m[2m:[0m window synced [3mcode[0m[2m=[0m"515790" [3mwindow[0m[2m=[0m2022-05-20..2022-06-18 [3mtotal[0m[2m=[0m87001
[2m2026-09-02T19:31:33.424058Z[0m [32m INFO[0m [2mtushare_sync[0m[2m:[0m window synced [3mcode[0m[2m=[0m"515790" [3mwindow[0m[2m=[0m2022-06-19..2022-07-18 [3mtotal[0m[2m=[0m92062
[2m2026-09-02T19:31:34.748966Z[0m [32m INFO[0m [2mtushare_sync[0m[2m:[0m window synced [3mcode[0m[2m=[0m"515790" [3mwindow[0m[2m=[0m2022-07-19..2022-08-17 [3mtotal[0m[2m=[0m97364
[2m2026-09-02T19:31:35.449686Z[0m [32m INFO[0m [2mtushare_sync[0m[2m:[0m window synced [3mcode[0m[2m=[0m"515790" [3mwindow[0m[2m=[0m2022-08-18..2022-09-16 [3mtotal[0m[2m=[0m102425
[2m2026-09-02T19:31:36.384949Z[0m [32m INFO[0m [2mtushare_sync[0m[2m:[0m window synced [3mcode[0m[2m=[0m"515790" [3mwindow[0m[2m=[0m2022-09-17..2022-10-16 [3mtotal[0m[2m=[0m106040
[2m2026-09-02T19:31:37.437469Z[0m [32m INFO[0m [2mtushare_sync[0m[2m:[0m window synced [3mcode[0m[2m=[0m"515790" [3mwindow[0m[2m=[0m2022-10-17..2022-11-15 [3mtotal[0m[2m=[0m111342
[2m2026-09-02T19:31:38.454986Z[0m [32m INFO[0m [2mtushare_sync[0m[2m:[0m window synced [3mcode[0m[2m=[0m"515790" [3mwindow[0m[2m=[0m2022-11-16..2022-12-15 [3mtotal[0m[2m=[0m116644
[2m2026-09-02T19:31:39.442155Z[0m [32m INFO[0m [2mtushare_sync[0m[2m:[0m window synced [3mcode[0m[2m=[0m"515790" [3mwindow[0m[2m=[0m2022-12-16..2023-01-14 [3mtotal[0m[2m=[0m121464
[2m2026-09-02T19:31:40.436390Z[0m [32m INFO[0m [2mtushare_sync[0m[2m:[0m window synced [3mcode[0m[2m=[0m"515790" [3mwindow[0m[2m=[0m2023-01-15..2023-02-13 [3mtotal[0m[2m=[0m125320
[2m2026-09-02T19:31:41.480734Z[0m [32m INFO[0m [2mtushare_sync[0m[2m:[0m window synced [3mcode[0m[2m=[0m"515790" [3mwindow[0m[2m=[0m2023-02-14..2023-03-15 [3mtotal[0m[2m=[0m130622
[2m2026-09-02T19:31:42.482287Z[0m [32m INFO[0m [2mtushare_sync[0m[2m:[0m window synced [3mcode[0m[2m=[0m"515790" [3mwindow[0m[2m=[0m2023-03-16..2023-04-14 [3mtotal[0m[2m=[0m135683
[2m2026-09-02T19:31:43.455056Z[0m [32m INFO[0m [2mtushare_sync[0m[2m:[0m window synced [3mcode[0m[2m=[0m"515790" [3mwindow[0m[2m=[0m2023-04-15..2023-05-14 [3mtotal[0m[2m=[0m139780
[2m2026-09-02T19:31:44.493961Z[0m [32m INFO[0m [2mtushare_sync[0m[2m:[0m window synced [3mcode[0m[2m=[0m"515790" [3mwindow[0m[2m=[0m2023-05-15..2023-06-13 [3mtotal[0m[2m=[0m145082
[2m2026-09-02T19:31:45.462504Z[0m [32m INFO[0m [2mtushare_sync[0m[2m:[0m window synced [3mcode[0m[2m=[0m"515790" [3mwindow[0m[2m=[0m2023-06-14..2023-07-13 [3mtotal[0m[2m=[0m149902
[2m2026-09-02T19:31:46.499225Z[0m [32m INFO[0m [2mtushare_sync[0m[2m:[0m window synced [3mcode[0m[2m=[0m"515790" [3mwindow[0m[2m=[0m2023-07-14..2023-08-12 [3mtotal[0m[2m=[0m154963
[2m2026-09-02T19:31:47.544478Z[0m [32m INFO[0m [2mtushare_sync[0m[2m:[0m window synced [3mcode[0m[2m=[0m"515790" [3mwindow[0m[2m=[0m2023-08-13..2023-09-11 [3mtotal[0m[2m=[0m160024
[2m2026-09-02T19:31:48.477250Z[0m [32m INFO[0m [2mtushare_sync[0m[2m:[0m window synced [3mcode[0m[2m=[0m"515790" [3mwindow[0m[2m=[0m2023-09-12..2023-10-11 [3mtotal[0m[2m=[0m163880
[2m2026-09-02T19:31:49.588280Z[0m [32m INFO[0m [2mtushare_sync[0m[2m:[0m window synced [3mcode[0m[2m=[0m"515790" [3mwindow[0m[2m=[0m2023-10-12..2023-11-10 [3mtotal[0m[2m=[0m169182
[2m2026-09-02T19:31:50.657815Z[0m [32m INFO[0m [2mtushare_sync[0m[2m:[0m window synced [3mcode[0m[2m=[0m"515790" [3mwindow[0m[2m=[0m2023-11-11..2023-12-10 [3mtotal[0m[2m=[0m174002
[2m2026-09-02T19:31:51.619074Z[0m [32m INFO[0m [2mtushare_sync[0m[2m:[0m window synced [3mcode[0m[2m=[0m"515790" [3mwindow[0m[2m=[0m2023-12-11..2024-01-09 [3mtotal[0m[2m=[0m179063
[2m2026-09-02T19:31:52.650003Z[0m [32m INFO[0m [2mtushare_sync[0m[2m:[0m window synced [3mcode[0m[2m=[0m"515790" [3mwindow[0m[2m=[0m2024-01-10..2024-02-08 [3mtotal[0m[2m=[0m184365
[2m2026-09-02T19:31:53.687608Z[0m [32m INFO[0m [2mtushare_sync[0m[2m:[0m window synced [3mcode[0m[2m=[0m"515790" [3mwindow[0m[2m=[0m2024-02-09..2024-03-09 [3mtotal[0m[2m=[0m187980
[2m2026-09-02T19:31:54.798199Z[0m [32m INFO[0m [2mtushare_sync[0m[2m:[0m window synced [3mcode[0m[2m=[0m"515790" [3mwindow[0m[2m=[0m2024-03-10..2024-04-08 [3mtotal[0m[2m=[0m192559
[2m2026-09-02T19:31:55.581986Z[0m [32m INFO[0m [2mtushare_sync[0m[2m:[0m window synced [3mcode[0m[2m=[0m"515790" [3mwindow[0m[2m=[0m2024-04-09..2024-05-08 [3mtotal[0m[2m=[0m197138
[2m2026-09-02T19:31:56.591568Z[0m [32m INFO[0m [2mtushare_sync[0m[2m:[0m window synced [3mcode[0m[2m=[0m"515790" [3mwindow[0m[2m=[0m2024-05-09..2024-06-07 [3mtotal[0m[2m=[0m202440
[2m2026-09-02T19:31:57.792612Z[0m [32m INFO[0m [2mtushare_sync[0m[2m:[0m window synced [3mcode[0m[2m=[0m"515790" [3mwindow[0m[2m=[0m2024-06-08..2024-07-07 [3mtotal[0m[2m=[0m207019
[2m2026-09-02T19:31:58.712151Z[0m [32m INFO[0m [2mtushare_sync[0m[2m:[0m window synced [3mcode[0m[2m=[0m"515790" [3mwindow[0m[2m=[0m2024-07-08..2024-08-06 [3mtotal[0m[2m=[0m212321
[2m2026-09-02T19:31:59.642782Z[0m [32m INFO[0m [2mtushare_sync[0m[2m:[0m window synced [3mcode[0m[2m=[0m"515790" [3mwindow[0m[2m=[0m2024-08-07..2024-09-05 [3mtotal[0m[2m=[0m217623
[2m2026-09-02T19:32:00.705872Z[0m [32m INFO[0m [2mtushare_sync[0m[2m:[0m window synced [3mcode[0m[2m=[0m"515790" [3mwindow[0m[2m=[0m2024-09-06..2024-10-05 [3mtotal[0m[2m=[0m221238
[2m2026-09-02T19:32:01.796736Z[0m [32m INFO[0m [2mtushare_sync[0m[2m:[0m window synced [3mcode[0m[2m=[0m"515790" [3mwindow[0m[2m=[0m2024-10-06..2024-11-04 [3mtotal[0m[2m=[0m226058
[2m2026-09-02T19:32:02.854715Z[0m [32m INFO[0m [2mtushare_sync[0m[2m:[0m window synced [3mcode[0m[2m=[0m"515790" [3mwindow[0m[2m=[0m2024-11-05..2024-12-04 [3mtotal[0m[2m=[0m231360
[2m2026-09-02T19:32:03.774190Z[0m [32m INFO[0m [2mtushare_sync[0m[2m:[0m window synced [3mcode[0m[2m=[0m"515790" [3mwindow[0m[2m=[0m2024-12-05..2025-01-03 [3mtotal[0m[2m=[0m236421
[2m2026-09-02T19:32:04.706191Z[0m [32m INFO[0m [2mtushare_sync[0m[2m:[0m window synced [3mcode[0m[2m=[0m"515790" [3mwindow[0m[2m=[0m2025-01-04..2025-02-02 [3mtotal[0m[2m=[0m240277
[2m2026-09-02T19:32:05.823700Z[0m [32m INFO[0m [2mtushare_sync[0m[2m:[0m window synced [3mcode[0m[2m=[0m"515790" [3mwindow[0m[2m=[0m2025-02-03..2025-03-04 [3mtotal[0m[2m=[0m245097
[2m2026-09-02T19:32:06.793048Z[0m [32m INFO[0m [2mtushare_sync[0m[2m:[0m window synced [3mcode[0m[2m=[0m"515790" [3mwindow[0m[2m=[0m2025-03-05..2025-04-03 [3mtotal[0m[2m=[0m250399
[2m2026-09-02T19:32:07.481994Z[0m [32m INFO[0m [2mtushare_sync[0m[2m:[0m window synced [3mcode[0m[2m=[0m"515790" [3mwindow[0m[2m=[0m2025-04-04..2025-05-03 [3mtotal[0m[2m=[0m254737
[2m2026-09-02T19:32:08.803043Z[0m [32m INFO[0m [2mtushare_sync[0m[2m:[0m window synced [3mcode[0m[2m=[0m"515790" [3mwindow[0m[2m=[0m2025-05-04..2025-06-02 [3mtotal[0m[2m=[0m259316
[2m2026-09-02T19:32:09.888476Z[0m [32m INFO[0m [2mtushare_sync[0m[2m:[0m window synced [3mcode[0m[2m=[0m"515790" [3mwindow[0m[2m=[0m2025-06-03..2025-07-02 [3mtotal[0m[2m=[0m264618
[2m2026-09-02T19:32:10.742677Z[0m [32m INFO[0m [2mtushare_sync[0m[2m:[0m window synced [3mcode[0m[2m=[0m"515790" [3mwindow[0m[2m=[0m2025-07-03..2025-08-01 [3mtotal[0m[2m=[0m269920
[2m2026-09-02T19:32:11.827219Z[0m [32m INFO[0m [2mtushare_sync[0m[2m:[0m window synced [3mcode[0m[2m=[0m"515790" [3mwindow[0m[2m=[0m2025-08-02..2025-08-31 [3mtotal[0m[2m=[0m274740
[2m2026-09-02T19:32:12.871829Z[0m [32m INFO[0m [2mtushare_sync[0m[2m:[0m window synced [3mcode[0m[2m=[0m"515790" [3mwindow[0m[2m=[0m2025-09-01..2025-09-30 [3mtotal[0m[2m=[0m280042
[2m2026-09-02T19:32:13.713308Z[0m [32m INFO[0m [2mtushare_sync[0m[2m:[0m window synced [3mcode[0m[2m=[0m"515790" [3mwindow[0m[2m=[0m2025-10-01..2025-10-30 [3mtotal[0m[2m=[0m283898
[2m2026-09-02T19:32:14.722229Z[0m [32m INFO[0m [2mtushare_sync[0m[2m:[0m window synced [3mcode[0m[2m=[0m"515790" [3mwindow[0m[2m=[0m2025-10-31..2025-11-29 [3mtotal[0m[2m=[0m288959
[2m2026-09-02T19:32:15.782593Z[0m [32m INFO[0m [2mtushare_sync[0m[2m:[0m window synced [3mcode[0m[2m=[0m"515790" [3mwindow[0m[2m=[0m2025-11-30..2025-12-29 [3mtotal[0m[2m=[0m294020
[2m2026-09-02T19:32:16.718052Z[0m [32m INFO[0m [2mtushare_sync[0m[2m:[0m window synced [3mcode[0m[2m=[0m"515790" [3mwindow[0m[2m=[0m2025-12-30..2026-01-28 [3mtotal[0m[2m=[0m298840
[2m2026-09-02T19:32:17.605536Z[0m [32m INFO[0m [2mtushare_sync[0m[2m:[0m window synced [3mcode[0m[2m=[0m"515790" [3mwindow[0m[2m=[0m2026-01-29..2026-02-27 [3mtotal[0m[2m=[0m302696
[2m2026-09-02T19:32:18.465008Z[0m [32m INFO[0m [2mtushare_sync[0m[2m:[0m window synced [3mcode[0m[2m=[0m"515790" [3mwindow[0m[2m=[0m2026-02-28..2026-03-29 [3mtotal[0m[2m=[0m307516
[2m2026-09-02T19:32:19.919171Z[0m [32m INFO[0m [2mtushare_sync[0m[2m:[0m window synced [3mcode[0m[2m=[0m"515790" [3mwindow[0m[2m=[0m2026-03-30..2026-04-28 [3mtotal[0m[2m=[0m312577
[2m2026-09-02T19:32:20.898269Z[0m [32m INFO[0m [2mtushare_sync[0m[2m:[0m window synced [3mcode[0m[2m=[0m"515790" [3mwindow[0m[2m=[0m2026-04-29..2026-05-28 [3mtotal[0m[2m=[0m317156
[2m2026-09-02T19:32:21.815820Z[0m [32m INFO[0m [2mtushare_sync[0m[2m:[0m window synced [3mcode[0m[2m=[0m"515790" [3mwindow[0m[2m=[0m2026-05-29..2026-06-27 [3mtotal[0m[2m=[0m321976
[2m2026-09-02T19:32:22.890214Z[0m [32m INFO[0m [2mtushare_sync[0m[2m:[0m window synced [3mcode[0m[2m=[0m"515790" [3mwindow[0m[2m=[0m2026-06-28..2026-07-27 [3mtotal[0m[2m=[0m327037
[2m2026-09-02T19:32:23.921972Z[0m [32m INFO[0m [2mtushare_sync[0m[2m:[0m window synced [3mcode[0m[2m=[0m"515790" [3mwindow[0m[2m=[0m2026-07-28..2026-08-26 [3mtotal[0m[2m=[0m332339
[2m2026-09-02T19:32:24.820093Z[0m [32m INFO[0m [2mtushare_sync[0m[2m:[0m window synced [3mcode[0m[2m=[0m"515790" [3mwindow[0m[2m=[0m2026-08-27..2026-09-03 [3mtotal[0m[2m=[0m333544
[2m2026-09-02T19:32:24.820129Z[0m [32m INFO[0m [2mtushare_sync[0m[2m:[0m === sync done === [3mcode[0m[2m=[0m"515790" [3mbars[0m[2m=[0m333544
[2m2026-09-02T19:32:24.820136Z[0m [32m INFO[0m [2mtushare_sync[0m[2m:[0m === sync start === [3mcode[0m[2m=[0m"516380"
[2m2026-09-02T19:32:34.723941Z[0m [32m INFO[0m [2mtushare_sync[0m[2m:[0m first data year found [3mcode[0m[2m=[0m"516380" [3mfirst_year[0m[2m=[0m2021
[2m2026-09-02T19:32:35.575830Z[0m [32m INFO[0m [2mtushare_sync[0m[2m:[0m window synced [3mcode[0m[2m=[0m"516380" [3mwindow[0m[2m=[0m2021-01-01..2021-01-30 [3mtotal[0m[2m=[0m0
[2m2026-09-02T19:32:36.584686Z[0m [32m INFO[0m [2mtushare_sync[0m[2m:[0m window synced [3mcode[0m[2m=[0m"516380" [3mwindow[0m[2m=[0m2021-01-31..2021-03-01 [3mtotal[0m[2m=[0m0
[2m2026-09-02T19:32:37.626276Z[0m [32m INFO[0m [2mtushare_sync[0m[2m:[0m window synced [3mcode[0m[2m=[0m"516380" [3mwindow[0m[2m=[0m2021-03-02..2021-03-31 [3mtotal[0m[2m=[0m0
[2m2026-09-02T19:32:38.635787Z[0m [32m INFO[0m [2mtushare_sync[0m[2m:[0m window synced [3mcode[0m[2m=[0m"516380" [3mwindow[0m[2m=[0m2021-04-01..2021-04-30 [3mtotal[0m[2m=[0m0
[2m2026-09-02T19:32:39.440885Z[0m [32m INFO[0m [2mtushare_sync[0m[2m:[0m window synced [3mcode[0m[2m=[0m"516380" [3mwindow[0m[2m=[0m2021-05-01..2021-05-30 [3mtotal[0m[2m=[0m0
[2m2026-09-02T19:32:40.642571Z[0m [32m INFO[0m [2mtushare_sync[0m[2m:[0m window synced [3mcode[0m[2m=[0m"516380" [3mwindow[0m[2m=[0m2021-05-31..2021-06-29 [3mtotal[0m[2m=[0m1928
[2m2026-09-02T19:32:41.936995Z[0m [32m INFO[0m [2mtushare_sync[0m[2m:[0m window synced [3mcode[0m[2m=[0m"516380" [3mwindow[0m[2m=[0m2021-06-30..2021-07-29 [3mtotal[0m[2m=[0m7230
[2m2026-09-02T19:32:42.787767Z[0m [32m INFO[0m [2mtushare_sync[0m[2m:[0m window synced [3mcode[0m[2m=[0m"516380" [3mwindow[0m[2m=[0m2021-07-30..2021-08-28 [3mtotal[0m[2m=[0m12291
[2m2026-09-02T19:32:43.778959Z[0m [32m INFO[0m [2mtushare_sync[0m[2m:[0m window synced [3mcode[0m[2m=[0m"516380" [3mwindow[0m[2m=[0m2021-08-29..2021-09-27 [3mtotal[0m[2m=[0m16870
[2m2026-09-02T19:32:44.742637Z[0m [32m INFO[0m [2mtushare_sync[0m[2m:[0m window synced [3mcode[0m[2m=[0m"516380" [3mwindow[0m[2m=[0m2021-09-28..2021-10-27 [3mtotal[0m[2m=[0m20967
[2m2026-09-02T19:32:45.776056Z[0m [32m INFO[0m [2mtushare_sync[0m[2m:[0m window synced [3mcode[0m[2m=[0m"516380" [3mwindow[0m[2m=[0m2021-10-28..2021-11-26 [3mtotal[0m[2m=[0m26269
[2m2026-09-02T19:32:46.780953Z[0m [32m INFO[0m [2mtushare_sync[0m[2m:[0m window synced [3mcode[0m[2m=[0m"516380" [3mwindow[0m[2m=[0m2021-11-27..2021-12-26 [3mtotal[0m[2m=[0m31089
[2m2026-09-02T19:32:47.836176Z[0m [32m INFO[0m [2mtushare_sync[0m[2m:[0m window synced [3mcode[0m[2m=[0m"516380" [3mwindow[0m[2m=[0m2021-12-27..2022-01-25 [3mtotal[0m[2m=[0m36150
[2m2026-09-02T19:32:48.756103Z[0m [32m INFO[0m [2mtushare_sync[0m[2m:[0m window synced [3mcode[0m[2m=[0m"516380" [3mwindow[0m[2m=[0m2022-01-26..2022-02-24 [3mtotal[0m[2m=[0m40247
[2m2026-09-02T19:32:49.775722Z[0m [32m INFO[0m [2mtushare_sync[0m[2m:[0m window synced [3mcode[0m[2m=[0m"516380" [3mwindow[0m[2m=[0m2022-02-25..2022-03-26 [3mtotal[0m[2m=[0m45308
[2m2026-09-02T19:32:50.499946Z[0m [32m INFO[0m [2mtushare_sync[0m[2m:[0m window synced [3mcode[0m[2m=[0m"516380" [3mwindow[0m[2m=[0m2022-03-27..2022-04-25 [3mtotal[0m[2m=[0m49887
[2m2026-09-02T19:32:51.735850Z[0m [32m INFO[0m [2mtushare_sync[0m[2m:[0m window synced [3mcode[0m[2m=[0m"516380" [3mwindow[0m[2m=[0m2022-04-26..2022-05-25 [3mtotal[0m[2m=[0m54466
[2m2026-09-02T19:32:52.842051Z[0m [32m INFO[0m [2mtushare_sync[0m[2m:[0m window synced [3mcode[0m[2m=[0m"516380" [3mwindow[0m[2m=[0m2022-05-26..2022-06-24 [3mtotal[0m[2m=[0m59527
[2m2026-09-02T19:32:53.837904Z[0m [32m INFO[0m [2mtushare_sync[0m[2m:[0m window synced [3mcode[0m[2m=[0m"516380" [3mwindow[0m[2m=[0m2022-06-25..2022-07-24 [3mtotal[0m[2m=[0m64347
[2m2026-09-02T19:32:54.902470Z[0m [32m INFO[0m [2mtushare_sync[0m[2m:[0m window synced [3mcode[0m[2m=[0m"516380" [3mwindow[0m[2m=[0m2022-07-25..2022-08-23 [3mtotal[0m[2m=[0m69649
[2m2026-09-02T19:32:55.826160Z[0m [32m INFO[0m [2mtushare_sync[0m[2m:[0m window synced [3mcode[0m[2m=[0m"516380" [3mwindow[0m[2m=[0m2022-08-24..2022-09-22 [3mtotal[0m[2m=[0m74710
[2m2026-09-02T19:32:56.694453Z[0m [32m INFO[0m [2mtushare_sync[0m[2m:[0m window synced [3mcode[0m[2m=[0m"516380" [3mwindow[0m[2m=[0m2022-09-23..2022-10-22 [3mtotal[0m[2m=[0m78566
[2m2026-09-02T19:32:57.775113Z[0m [32m INFO[0m [2mtushare_sync[0m[2m:[0m window synced [3mcode[0m[2m=[0m"516380" [3mwindow[0m[2m=[0m2022-10-23..2022-11-21 [3mtotal[0m[2m=[0m83627
[2m2026-09-02T19:32:58.771886Z[0m [32m INFO[0m [2mtushare_sync[0m[2m:[0m window synced [3mcode[0m[2m=[0m"516380" [3mwindow[0m[2m=[0m2022-11-22..2022-12-21 [3mtotal[0m[2m=[0m88929
[2m2026-09-02T19:33:00.066088Z[0m [32m INFO[0m [2mtushare_sync[0m[2m:[0m window synced [3mcode[0m[2m=[0m"516380" [3mwindow[0m[2m=[0m2022-12-22..2023-01-20 [3mtotal[0m[2m=[0m93990
[2m2026-09-02T19:33:00.932636Z[0m [32m INFO[0m [2mtushare_sync[0m[2m:[0m window synced [3mcode[0m[2m=[0m"516380" [3mwindow[0m[2m=[0m2023-01-21..2023-02-19 [3mtotal[0m[2m=[0m97605
[2m2026-09-02T19:33:01.587053Z[0m [32m INFO[0m [2mtushare_sync[0m[2m:[0m window synced [3mcode[0m[2m=[0m"516380" [3mwindow[0m[2m=[0m2023-02-20..2023-03-21 [3mtotal[0m[2m=[0m102907
[2m2026-09-02T19:33:02.862700Z[0m [32m INFO[0m [2mtushare_sync[0m[2m:[0m window synced [3mcode[0m[2m=[0m"516380" [3mwindow[0m[2m=[0m2023-03-22..2023-04-20 [3mtotal[0m[2m=[0m107968
[2m2026-09-02T19:33:03.962567Z[0m [32m INFO[0m [2mtushare_sync[0m[2m:[0m window synced [3mcode[0m[2m=[0m"516380" [3mwindow[0m[2m=[0m2023-04-21..2023-05-20 [3mtotal[0m[2m=[0m112306
[2m2026-09-02T19:33:04.925591Z[0m [32m INFO[0m [2mtushare_sync[0m[2m:[0m window synced [3mcode[0m[2m=[0m"516380" [3mwindow[0m[2m=[0m2023-05-21..2023-06-19 [3mtotal[0m[2m=[0m117367
[2m2026-09-02T19:33:05.967809Z[0m [32m INFO[0m [2mtushare_sync[0m[2m:[0m window synced [3mcode[0m[2m=[0m"516380" [3mwindow[0m[2m=[0m2023-06-20..2023-07-19 [3mtotal[0m[2m=[0m122187
[2m2026-09-02T19:33:06.923473Z[0m [32m INFO[0m [2mtushare_sync[0m[2m:[0m window synced [3mcode[0m[2m=[0m"516380" [3mwindow[0m[2m=[0m2023-07-20..2023-08-18 [3mtotal[0m[2m=[0m127489
[2m2026-09-02T19:33:07.731662Z[0m [32m INFO[0m [2mtushare_sync[0m[2m:[0m window synced [3mcode[0m[2m=[0m"516380" [3mwindow[0m[2m=[0m2023-08-19..2023-09-17 [3mtotal[0m[2m=[0m132309
[2m2026-09-02T19:33:08.618702Z[0m [32m INFO[0m [2mtushare_sync[0m[2m:[0m window synced [3mcode[0m[2m=[0m"516380" [3mwindow[0m[2m=[0m2023-09-18..2023-10-17 [3mtotal[0m[2m=[0m136165
[2m2026-09-02T19:33:09.645460Z[0m [32m INFO[0m [2mtushare_sync[0m[2m:[0m window synced [3mcode[0m[2m=[0m"516380" [3mwindow[0m[2m=[0m2023-10-18..2023-11-16 [3mtotal[0m[2m=[0m141467
[2m2026-09-02T19:33:10.730163Z[0m [32m INFO[0m [2mtushare_sync[0m[2m:[0m window synced [3mcode[0m[2m=[0m"516380" [3mwindow[0m[2m=[0m2023-11-17..2023-12-16 [3mtotal[0m[2m=[0m146528
[2m2026-09-02T19:33:11.809182Z[0m [32m INFO[0m [2mtushare_sync[0m[2m:[0m window synced [3mcode[0m[2m=[0m"516380" [3mwindow[0m[2m=[0m2023-12-17..2024-01-15 [3mtotal[0m[2m=[0m151348
[2m2026-09-02T19:33:12.573356Z[0m [32m INFO[0m [2mtushare_sync[0m[2m:[0m window synced [3mcode[0m[2m=[0m"516380" [3mwindow[0m[2m=[0m2024-01-16..2024-02-14 [3mtotal[0m[2m=[0m155686
[2m2026-09-02T19:33:13.671040Z[0m [32m INFO[0m [2mtushare_sync[0m[2m:[0m window synced [3mcode[0m[2m=[0m"516380" [3mwindow[0m[2m=[0m2024-02-15..2024-03-15 [3mtotal[0m[2m=[0m160506
[2m2026-09-02T19:33:16.428701Z[0m [32m INFO[0m [2mtushare_sync[0m[2m:[0m window synced [3mcode[0m[2m=[0m"516380" [3mwindow[0m[2m=[0m2024-03-16..2024-04-14 [3mtotal[0m[2m=[0m164844
[2m2026-09-02T19:33:17.294265Z[0m [32m INFO[0m [2mtushare_sync[0m[2m:[0m window synced [3mcode[0m[2m=[0m"516380" [3mwindow[0m[2m=[0m2024-04-15..2024-05-14 [3mtotal[0m[2m=[0m169423
[2m2026-09-02T19:33:18.213893Z[0m [32m INFO[0m [2mtushare_sync[0m[2m:[0m window synced [3mcode[0m[2m=[0m"516380" [3mwindow[0m[2m=[0m2024-05-15..2024-06-13 [3mtotal[0m[2m=[0m174484
[2m2026-09-02T19:33:19.028646Z[0m [32m INFO[0m [2mtushare_sync[0m[2m:[0m window synced [3mcode[0m[2m=[0m"516380" [3mwindow[0m[2m=[0m2024-06-14..2024-07-13 [3mtotal[0m[2m=[0m179545
[2m2026-09-02T19:33:20.038507Z[0m [32m INFO[0m [2mtushare_sync[0m[2m:[0m window synced [3mcode[0m[2m=[0m"516380" [3mwindow[0m[2m=[0m2024-07-14..2024-08-12 [3mtotal[0m[2m=[0m184606
[2m2026-09-02T19:33:21.065490Z[0m [32m INFO[0m [2mtushare_sync[0m[2m:[0m window synced [3mcode[0m[2m=[0m"516380" [3mwindow[0m[2m=[0m2024-08-13..2024-09-11 [3mtotal[0m[2m=[0m189908
[2m2026-09-02T19:33:22.106335Z[0m [32m INFO[0m [2mtushare_sync[0m[2m:[0m window synced [3mcode[0m[2m=[0m"516380" [3mwindow[0m[2m=[0m2024-09-12..2024-10-11 [3mtotal[0m[2m=[0m193523
[2m2026-09-02T19:33:22.908367Z[0m [32m INFO[0m [2mtushare_sync[0m[2m:[0m window synced [3mcode[0m[2m=[0m"516380" [3mwindow[0m[2m=[0m2024-10-12..2024-11-10 [3mtotal[0m[2m=[0m198343
[2m2026-09-02T19:33:23.930539Z[0m [32m INFO[0m [2mtushare_sync[0m[2m:[0m window synced [3mcode[0m[2m=[0m"516380" [3mwindow[0m[2m=[0m2024-11-11..2024-12-10 [3mtotal[0m[2m=[0m203645
[2m2026-09-02T19:33:25.043764Z[0m [32m INFO[0m [2mtushare_sync[0m[2m:[0m window synced [3mcode[0m[2m=[0m"516380" [3mwindow[0m[2m=[0m2024-12-11..2025-01-09 [3mtotal[0m[2m=[0m208706
[2m2026-09-02T19:33:26.004091Z[0m [32m INFO[0m [2mtushare_sync[0m[2m:[0m window synced [3mcode[0m[2m=[0m"516380" [3mwindow[0m[2m=[0m2025-01-10..2025-02-08 [3mtotal[0m[2m=[0m212321
[2m2026-09-02T19:33:26.979355Z[0m [32m INFO[0m [2mtushare_sync[0m[2m:[0m window synced [3mcode[0m[2m=[0m"516380" [3mwindow[0m[2m=[0m2025-02-09..2025-03-10 [3mtotal[0m[2m=[0m217382
[2m2026-09-02T19:33:27.998544Z[0m [32m INFO[0m [2mtushare_sync[0m[2m:[0m window synced [3mcode[0m[2m=[0m"516380" [3mwindow[0m[2m=[0m2025-03-11..2025-04-09 [3mtotal[0m[2m=[0m222443
[2m2026-09-02T19:33:29.077357Z[0m [32m INFO[0m [2mtushare_sync[0m[2m:[0m window synced [3mcode[0m[2m=[0m"516380" [3mwindow[0m[2m=[0m2025-04-10..2025-05-09 [3mtotal[0m[2m=[0m227022
[2m2026-09-02T19:33:30.035458Z[0m [32m INFO[0m [2mtushare_sync[0m[2m:[0m window synced [3mcode[0m[2m=[0m"516380" [3mwindow[0m[2m=[0m2025-05-10..2025-06-08 [3mtotal[0m[2m=[0m231601
[2m2026-09-02T19:33:31.138036Z[0m [32m INFO[0m [2mtushare_sync[0m[2m:[0m window synced [3mcode[0m[2m=[0m"516380" [3mwindow[0m[2m=[0m2025-06-09..2025-07-08 [3mtotal[0m[2m=[0m236903
[2m2026-09-02T19:33:32.024332Z[0m [32m INFO[0m [2mtushare_sync[0m[2m:[0m window synced [3mcode[0m[2m=[0m"516380" [3mwindow[0m[2m=[0m2025-07-09..2025-08-07 [3mtotal[0m[2m=[0m242205
[2m2026-09-02T19:33:33.034536Z[0m [32m INFO[0m [2mtushare_sync[0m[2m:[0m window synced [3mcode[0m[2m=[0m"516380" [3mwindow[0m[2m=[0m2025-08-08..2025-09-06 [3mtotal[0m[2m=[0m247266
[2m2026-09-02T19:33:33.773710Z[0m [32m INFO[0m [2mtushare_sync[0m[2m:[0m window synced [3mcode[0m[2m=[0m"516380" [3mwindow[0m[2m=[0m2025-09-07..2025-10-06 [3mtotal[0m[2m=[0m251363
[2m2026-09-02T19:33:34.948791Z[0m [32m INFO[0m [2mtushare_sync[0m[2m:[0m window synced [3mcode[0m[2m=[0m"516380" [3mwindow[0m[2m=[0m2025-10-07..2025-11-05 [3mtotal[0m[2m=[0m256183
[2m2026-09-02T19:33:36.054183Z[0m [32m INFO[0m [2mtushare_sync[0m[2m:[0m window synced [3mcode[0m[2m=[0m"516380" [3mwindow[0m[2m=[0m2025-11-06..2025-12-05 [3mtotal[0m[2m=[0m261485
[2m2026-09-02T19:33:36.938515Z[0m [32m INFO[0m [2mtushare_sync[0m[2m:[0m window synced [3mcode[0m[2m=[0m"516380" [3mwindow[0m[2m=[0m2025-12-06..2026-01-04 [3mtotal[0m[2m=[0m265823
[2m2026-09-02T19:33:38.076647Z[0m [32m INFO[0m [2mtushare_sync[0m[2m:[0m window synced [3mcode[0m[2m=[0m"516380" [3mwindow[0m[2m=[0m2026-01-05..2026-02-03 [3mtotal[0m[2m=[0m271125
[2m2026-09-02T19:33:39.075986Z[0m [32m INFO[0m [2mtushare_sync[0m[2m:[0m window synced [3mcode[0m[2m=[0m"516380" [3mwindow[0m[2m=[0m2026-02-04..2026-03-05 [3mtotal[0m[2m=[0m274981
[2m2026-09-02T19:33:40.194937Z[0m [32m INFO[0m [2mtushare_sync[0m[2m:[0m window synced [3mcode[0m[2m=[0m"516380" [3mwindow[0m[2m=[0m2026-03-06..2026-04-04 [3mtotal[0m[2m=[0m280042
[2m2026-09-02T19:33:41.072315Z[0m [32m INFO[0m [2mtushare_sync[0m[2m:[0m window synced [3mcode[0m[2m=[0m"516380" [3mwindow[0m[2m=[0m2026-04-05..2026-05-04 [3mtotal[0m[2m=[0m284380
[2m2026-09-02T19:33:42.154922Z[0m [32m INFO[0m [2mtushare_sync[0m[2m:[0m window synced [3mcode[0m[2m=[0m"516380" [3mwindow[0m[2m=[0m2026-05-05..2026-06-03 [3mtotal[0m[2m=[0m289441
[2m2026-09-02T19:33:43.291152Z[0m [32m INFO[0m [2mtushare_sync[0m[2m:[0m window synced [3mcode[0m[2m=[0m"516380" [3mwindow[0m[2m=[0m2026-06-04..2026-07-03 [3mtotal[0m[2m=[0m294502
[2m2026-09-02T19:33:44.259276Z[0m [32m INFO[0m [2mtushare_sync[0m[2m:[0m window synced [3mcode[0m[2m=[0m"516380" [3mwindow[0m[2m=[0m2026-07-04..2026-08-02 [3mtotal[0m[2m=[0m299322
[2m2026-09-02T19:33:44.731025Z[0m [32m INFO[0m [2mtushare_sync[0m[2m:[0m window synced [3mcode[0m[2m=[0m"516380" [3mwindow[0m[2m=[0m2026-08-03..2026-09-01 [3mtotal[0m[2m=[0m304624
[2m2026-09-02T19:33:45.812133Z[0m [32m INFO[0m [2mtushare_sync[0m[2m:[0m window synced [3mcode[0m[2m=[0m"516380" [3mwindow[0m[2m=[0m2026-09-02..2026-09-03 [3mtotal[0m[2m=[0m304865
[2m2026-09-02T19:33:45.812167Z[0m [32m INFO[0m [2mtushare_sync[0m[2m:[0m === sync done === [3mcode[0m[2m=[0m"516380" [3mbars[0m[2m=[0m304865
[2m2026-09-02T19:33:45.812174Z[0m [32m INFO[0m [2mtushare_sync[0m[2m:[0m === sync start === [3mcode[0m[2m=[0m"551000"
[2m2026-09-02T19:34:00.034317Z[0m [32m INFO[0m [2mtushare_sync[0m[2m:[0m first data year found [3mcode[0m[2m=[0m"551000" [3mfirst_year[0m[2m=[0m2025
[2m2026-09-02T19:34:00.885413Z[0m [32m INFO[0m [2mtushare_sync[0m[2m:[0m window synced [3mcode[0m[2m=[0m"551000" [3mwindow[0m[2m=[0m2025-01-01..2025-01-30 [3mtotal[0m[2m=[0m0
[2m2026-09-02T19:34:01.844130Z[0m [32m INFO[0m [2mtushare_sync[0m[2m:[0m window synced [3mcode[0m[2m=[0m"551000" [3mwindow[0m[2m=[0m2025-01-31..2025-03-01 [3mtotal[0m[2m=[0m0
[2m2026-09-02T19:34:02.865285Z[0m [32m INFO[0m [2mtushare_sync[0m[2m:[0m window synced [3mcode[0m[2m=[0m"551000" [3mwindow[0m[2m=[0m2025-03-02..2025-03-31 [3mtotal[0m[2m=[0m0
[2m2026-09-02T19:34:03.826919Z[0m [32m INFO[0m [2mtushare_sync[0m[2m:[0m window synced [3mcode[0m[2m=[0m"551000" [3mwindow[0m[2m=[0m2025-04-01..2025-04-30 [3mtotal[0m[2m=[0m0
[2m2026-09-02T19:34:04.874368Z[0m [32m INFO[0m [2mtushare_sync[0m[2m:[0m window synced [3mcode[0m[2m=[0m"551000" [3mwindow[0m[2m=[0m2025-05-01..2025-05-30 [3mtotal[0m[2m=[0m0
[2m2026-09-02T19:34:06.040518Z[0m [32m INFO[0m [2mtushare_sync[0m[2m:[0m window synced [3mcode[0m[2m=[0m"551000" [3mwindow[0m[2m=[0m2025-05-31..2025-06-29 [3mtotal[0m[2m=[0m0
[2m2026-09-02T19:34:06.643504Z[0m [32m INFO[0m [2mtushare_sync[0m[2m:[0m window synced [3mcode[0m[2m=[0m"551000" [3mwindow[0m[2m=[0m2025-06-30..2025-07-29 [3mtotal[0m[2m=[0m2169
[2m2026-09-02T19:34:08.007758Z[0m [32m INFO[0m [2mtushare_sync[0m[2m:[0m window synced [3mcode[0m[2m=[0m"551000" [3mwindow[0m[2m=[0m2025-07-30..2025-08-28 [3mtotal[0m[2m=[0m7471
[2m2026-09-02T19:34:09.016369Z[0m [32m INFO[0m [2mtushare_sync[0m[2m:[0m window synced [3mcode[0m[2m=[0m"551000" [3mwindow[0m[2m=[0m2025-08-29..2025-09-27 [3mtotal[0m[2m=[0m12532
[2m2026-09-02T19:34:10.076039Z[0m [32m INFO[0m [2mtushare_sync[0m[2m:[0m window synced [3mcode[0m[2m=[0m"551000" [3mwindow[0m[2m=[0m2025-09-28..2025-10-27 [3mtotal[0m[2m=[0m16147
[2m2026-09-02T19:34:11.186724Z[0m [32m INFO[0m [2mtushare_sync[0m[2m:[0m window synced [3mcode[0m[2m=[0m"551000" [3mwindow[0m[2m=[0m2025-10-28..2025-11-26 [3mtotal[0m[2m=[0m21449
[2m2026-09-02T19:34:12.168192Z[0m [32m INFO[0m [2mtushare_sync[0m[2m:[0m window synced [3mcode[0m[2m=[0m"551000" [3mwindow[0m[2m=[0m2025-11-27..2025-12-26 [3mtotal[0m[2m=[0m26751
[2m2026-09-02T19:34:13.253114Z[0m [32m INFO[0m [2mtushare_sync[0m[2m:[0m window synced [3mcode[0m[2m=[0m"551000" [3mwindow[0m[2m=[0m2025-12-27..2026-01-25 [3mtotal[0m[2m=[0m31089
[2m2026-09-02T19:34:14.031000Z[0m [32m INFO[0m [2mtushare_sync[0m[2m:[0m window synced [3mcode[0m[2m=[0m"551000" [3mwindow[0m[2m=[0m2026-01-26..2026-02-24 [3mtotal[0m[2m=[0m34945
[2m2026-09-02T19:34:14.956810Z[0m [32m INFO[0m [2mtushare_sync[0m[2m:[0m window synced [3mcode[0m[2m=[0m"551000" [3mwindow[0m[2m=[0m2026-02-25..2026-03-26 [3mtotal[0m[2m=[0m40247
[2m2026-09-02T19:34:16.078083Z[0m [32m INFO[0m [2mtushare_sync[0m[2m:[0m window synced [3mcode[0m[2m=[0m"551000" [3mwindow[0m[2m=[0m2026-03-27..2026-04-25 [3mtotal[0m[2m=[0m45067
[2m2026-09-02T19:34:17.063263Z[0m [32m INFO[0m [2mtushare_sync[0m[2m:[0m window synced [3mcode[0m[2m=[0m"551000" [3mwindow[0m[2m=[0m2026-04-26..2026-05-25 [3mtotal[0m[2m=[0m49405
[2m2026-09-02T19:34:17.735403Z[0m [32m INFO[0m [2mtushare_sync[0m[2m:[0m window synced [3mcode[0m[2m=[0m"551000" [3mwindow[0m[2m=[0m2026-05-26..2026-06-24 [3mtotal[0m[2m=[0m54466
[2m2026-09-02T19:34:19.124890Z[0m [32m INFO[0m [2mtushare_sync[0m[2m:[0m window synced [3mcode[0m[2m=[0m"551000" [3mwindow[0m[2m=[0m2026-06-25..2026-07-24 [3mtotal[0m[2m=[0m59768
[2m2026-09-02T19:34:20.107875Z[0m [32m INFO[0m [2mtushare_sync[0m[2m:[0m window synced [3mcode[0m[2m=[0m"551000" [3mwindow[0m[2m=[0m2026-07-25..2026-08-23 [3mtotal[0m[2m=[0m64588
[2m2026-09-02T19:34:21.107945Z[0m [32m INFO[0m [2mtushare_sync[0m[2m:[0m window synced [3mcode[0m[2m=[0m"551000" [3mwindow[0m[2m=[0m2026-08-24..2026-09-03 [3mtotal[0m[2m=[0m66516
[2m2026-09-02T19:34:21.107978Z[0m [32m INFO[0m [2mtushare_sync[0m[2m:[0m === sync done === [3mcode[0m[2m=[0m"551000" [3mbars[0m[2m=[0m66516
[2m2026-09-02T19:34:21.107985Z[0m [32m INFO[0m [2mtushare_sync[0m[2m:[0m === sync start === [3mcode[0m[2m=[0m"561910"
[2m2026-09-02T19:34:31.084792Z[0m [32m INFO[0m [2mtushare_sync[0m[2m:[0m first data year found [3mcode[0m[2m=[0m"561910" [3mfirst_year[0m[2m=[0m2021
[2m2026-09-02T19:34:31.899570Z[0m [32m INFO[0m [2mtushare_sync[0m[2m:[0m window synced [3mcode[0m[2m=[0m"561910" [3mwindow[0m[2m=[0m2021-01-01..2021-01-30 [3mtotal[0m[2m=[0m0
[2m2026-09-02T19:34:32.769066Z[0m [32m INFO[0m [2mtushare_sync[0m[2m:[0m window synced [3mcode[0m[2m=[0m"561910" [3mwindow[0m[2m=[0m2021-01-31..2021-03-01 [3mtotal[0m[2m=[0m0
[2m2026-09-02T19:34:33.891762Z[0m [32m INFO[0m [2mtushare_sync[0m[2m:[0m window synced [3mcode[0m[2m=[0m"561910" [3mwindow[0m[2m=[0m2021-03-02..2021-03-31 [3mtotal[0m[2m=[0m0
[2m2026-09-02T19:34:34.830602Z[0m [32m INFO[0m [2mtushare_sync[0m[2m:[0m window synced [3mcode[0m[2m=[0m"561910" [3mwindow[0m[2m=[0m2021-04-01..2021-04-30 [3mtotal[0m[2m=[0m0
[2m2026-09-02T19:34:35.906643Z[0m [32m INFO[0m [2mtushare_sync[0m[2m:[0m window synced [3mcode[0m[2m=[0m"561910" [3mwindow[0m[2m=[0m2021-05-01..2021-05-30 [3mtotal[0m[2m=[0m0
[2m2026-09-02T19:34:36.914161Z[0m [32m INFO[0m [2mtushare_sync[0m[2m:[0m window synced [3mcode[0m[2m=[0m"561910" [3mwindow[0m[2m=[0m2021-05-31..2021-06-29 [3mtotal[0m[2m=[0m0
[2m2026-09-02T19:34:37.935920Z[0m [32m INFO[0m [2mtushare_sync[0m[2m:[0m window synced [3mcode[0m[2m=[0m"561910" [3mwindow[0m[2m=[0m2021-06-30..2021-07-29 [3mtotal[0m[2m=[0m0
[2m2026-09-02T19:34:38.688248Z[0m [32m INFO[0m [2mtushare_sync[0m[2m:[0m window synced [3mcode[0m[2m=[0m"561910" [3mwindow[0m[2m=[0m2021-07-30..2021-08-28 [3mtotal[0m[2m=[0m2892
[2m2026-09-02T19:34:39.914862Z[0m [32m INFO[0m [2mtushare_sync[0m[2m:[0m window synced [3mcode[0m[2m=[0m"561910" [3mwindow[0m[2m=[0m2021-08-29..2021-09-27 [3mtotal[0m[2m=[0m7471
[2m2026-09-02T19:34:41.089527Z[0m [32m INFO[0m [2mtushare_sync[0m[2m:[0m window synced [3mcode[0m[2m=[0m"561910" [3mwindow[0m[2m=[0m2021-09-28..2021-10-27 [3mtotal[0m[2m=[0m11568
[2m2026-09-02T19:34:42.110604Z[0m [32m INFO[0m [2mtushare_sync[0m[2m:[0m window synced [3mcode[0m[2m=[0m"561910" [3mwindow[0m[2m=[0m2021-10-28..2021-11-26 [3mtotal[0m[2m=[0m16870
[2m2026-09-02T19:34:43.070945Z[0m [32m INFO[0m [2mtushare_sync[0m[2m:[0m window synced [3mcode[0m[2m=[0m"561910" [3mwindow[0m[2m=[0m2021-11-27..2021-12-26 [3mtotal[0m[2m=[0m21690
[2m2026-09-02T19:34:44.087380Z[0m [32m INFO[0m [2mtushare_sync[0m[2m:[0m window synced [3mcode[0m[2m=[0m"561910" [3mwindow[0m[2m=[0m2021-12-27..2022-01-25 [3mtotal[0m[2m=[0m26751
[2m2026-09-02T19:34:45.034182Z[0m [32m INFO[0m [2mtushare_sync[0m[2m:[0m window synced [3mcode[0m[2m=[0m"561910" [3mwindow[0m[2m=[0m2022-01-26..2022-02-24 [3mtotal[0m[2m=[0m30848
[2m2026-09-02T19:34:46.141458Z[0m [32m INFO[0m [2mtushare_sync[0m[2m:[0m window synced [3mcode[0m[2m=[0m"561910" [3mwindow[0m[2m=[0m2022-02-25..2022-03-26 [3mtotal[0m[2m=[0m35909
[2m2026-09-02T19:34:47.053767Z[0m [32m INFO[0m [2mtushare_sync[0m[2m:[0m window synced [3mcode[0m[2m=[0m"561910" [3mwindow[0m[2m=[0m2022-03-27..2022-04-25 [3mtotal[0m[2m=[0m40488
[2m2026-09-02T19:34:47.962335Z[0m [32m INFO[0m [2mtushare_sync[0m[2m:[0m window synced [3mcode[0m[2m=[0m"561910" [3mwindow[0m[2m=[0m2022-04-26..2022-05-25 [3mtotal[0m[2m=[0m45067
[2m2026-09-02T19:34:49.317313Z[0m [32m INFO[0m [2mtushare_sync[0m[2m:[0m window synced [3mcode[0m[2m=[0m"561910" [3mwindow[0m[2m=[0m2022-05-26..2022-06-24 [3mtotal[0m[2m=[0m50128
[2m2026-09-02T19:34:49.768995Z[0m [32m INFO[0m [2mtushare_sync[0m[2m:[0m window synced [3mcode[0m[2m=[0m"561910" [3mwindow[0m[2m=[0m2022-06-25..2022-07-24 [3mtotal[0m[2m=[0m54948
[2m2026-09-02T19:34:51.073515Z[0m [32m INFO[0m [2mtushare_sync[0m[2m:[0m window synced [3mcode[0m[2m=[0m"561910" [3mwindow[0m[2m=[0m2022-07-25..2022-08-23 [3mtotal[0m[2m=[0m60250
[2m2026-09-02T19:34:52.312140Z[0m [32m INFO[0m [2mtushare_sync[0m[2m:[0m window synced [3mcode[0m[2m=[0m"561910" [3mwindow[0m[2m=[0m2022-08-24..2022-09-22 [3mtotal[0m[2m=[0m65311
[2m2026-09-02T19:34:53.274511Z[0m [32m INFO[0m [2mtushare_sync[0m[2m:[0m window synced [3mcode[0m[2m=[0m"561910" [3mwindow[0m[2m=[0m2022-09-23..2022-10-22 [3mtotal[0m[2m=[0m69167
[2m2026-09-02T19:34:54.080103Z[0m [32m INFO[0m [2mtushare_sync[0m[2m:[0m window synced [3mcode[0m[2m=[0m"561910" [3mwindow[0m[2m=[0m2022-10-23..2022-11-21 [3mtotal[0m[2m=[0m74228
[2m2026-09-02T19:34:55.218345Z[0m [32m INFO[0m [2mtushare_sync[0m[2m:[0m window synced [3mcode[0m[2m=[0m"561910" [3mwindow[0m[2m=[0m2022-11-22..2022-12-21 [3mtotal[0m[2m=[0m79530
[2m2026-09-02T19:34:58.216700Z[0m [32m INFO[0m [2mtushare_sync[0m[2m:[0m window synced [3mcode[0m[2m=[0m"561910" [3mwindow[0m[2m=[0m2022-12-22..2023-01-20 [3mtotal[0m[2m=[0m84591
[2m2026-09-02T19:34:58.650279Z[0m [32m INFO[0m [2mtushare_sync[0m[2m:[0m window synced [3mcode[0m[2m=[0m"561910" [3mwindow[0m[2m=[0m2023-01-21..2023-02-19 [3mtotal[0m[2m=[0m88206
[2m2026-09-02T19:35:00.040099Z[0m [32m INFO[0m [2mtushare_sync[0m[2m:[0m window synced [3mcode[0m[2m=[0m"561910" [3mwindow[0m[2m=[0m2023-02-20..2023-03-21 [3mtotal[0m[2m=[0m93508
[2m2026-09-02T19:35:00.557098Z[0m [32m INFO[0m [2mtushare_sync[0m[2m:[0m window synced [3mcode[0m[2m=[0m"561910" [3mwindow[0m[2m=[0m2023-03-22..2023-04-20 [3mtotal[0m[2m=[0m98569
[2m2026-09-02T19:35:02.150086Z[0m [32m INFO[0m [2mtushare_sync[0m[2m:[0m window synced [3mcode[0m[2m=[0m"561910" [3mwindow[0m[2m=[0m2023-04-21..2023-05-20 [3mtotal[0m[2m=[0m102907
[2m2026-09-02T19:35:02.637208Z[0m [32m INFO[0m [2mtushare_sync[0m[2m:[0m window synced [3mcode[0m[2m=[0m"561910" [3mwindow[0m[2m=[0m2023-05-21..2023-06-19 [3mtotal[0m[2m=[0m107968
[2m2026-09-02T19:35:03.734154Z[0m [32m INFO[0m [2mtushare_sync[0m[2m:[0m window synced [3mcode[0m[2m=[0m"561910" [3mwindow[0m[2m=[0m2023-06-20..2023-07-19 [3mtotal[0m[2m=[0m112788
[2m2026-09-02T19:35:04.771190Z[0m [32m INFO[0m [2mtushare_sync[0m[2m:[0m window synced [3mcode[0m[2m=[0m"561910" [3mwindow[0m[2m=[0m2023-07-20..2023-08-18 [3mtotal[0m[2m=[0m118090
[2m2026-09-02T19:35:05.754559Z[0m [32m INFO[0m [2mtushare_sync[0m[2m:[0m window synced [3mcode[0m[2m=[0m"561910" [3mwindow[0m[2m=[0m2023-08-19..2023-09-17 [3mtotal[0m[2m=[0m122910
[2m2026-09-02T19:35:06.767231Z[0m [32m INFO[0m [2mtushare_sync[0m[2m:[0m window synced [3mcode[0m[2m=[0m"561910" [3mwindow[0m[2m=[0m2023-09-18..2023-10-17 [3mtotal[0m[2m=[0m126766
[2m2026-09-02T19:35:07.770209Z[0m [32m INFO[0m [2mtushare_sync[0m[2m:[0m window synced [3mcode[0m[2m=[0m"561910" [3mwindow[0m[2m=[0m2023-10-18..2023-11-16 [3mtotal[0m[2m=[0m132068
[2m2026-09-02T19:35:08.732927Z[0m [32m INFO[0m [2mtushare_sync[0m[2m:[0m window synced [3mcode[0m[2m=[0m"561910" [3mwindow[0m[2m=[0m2023-11-17..2023-12-16 [3mtotal[0m[2m=[0m137129
[2m2026-09-02T19:35:09.742437Z[0m [32m INFO[0m [2mtushare_sync[0m[2m:[0m window synced [3mcode[0m[2m=[0m"561910" [3mwindow[0m[2m=[0m2023-12-17..2024-01-15 [3mtotal[0m[2m=[0m141949
[2m2026-09-02T19:35:10.894414Z[0m [32m INFO[0m [2mtushare_sync[0m[2m:[0m window synced [3mcode[0m[2m=[0m"561910" [3mwindow[0m[2m=[0m2024-01-16..2024-02-14 [3mtotal[0m[2m=[0m146287
[2m2026-09-02T19:35:11.490593Z[0m [32m INFO[0m [2mtushare_sync[0m[2m:[0m window synced [3mcode[0m[2m=[0m"561910" [3mwindow[0m[2m=[0m2024-02-15..2024-03-15 [3mtotal[0m[2m=[0m151107
[2m2026-09-02T19:35:12.701668Z[0m [32m INFO[0m [2mtushare_sync[0m[2m:[0m window synced [3mcode[0m[2m=[0m"561910" [3mwindow[0m[2m=[0m2024-03-16..2024-04-14 [3mtotal[0m[2m=[0m155445
[2m2026-09-02T19:35:13.813319Z[0m [32m INFO[0m [2mtushare_sync[0m[2m:[0m window synced [3mcode[0m[2m=[0m"561910" [3mwindow[0m[2m=[0m2024-04-15..2024-05-14 [3mtotal[0m[2m=[0m160024
[2m2026-09-02T19:35:14.661957Z[0m [32m INFO[0m [2mtushare_sync[0m[2m:[0m window synced [3mcode[0m[2m=[0m"561910" [3mwindow[0m[2m=[0m2024-05-15..2024-06-13 [3mtotal[0m[2m=[0m165085
[2m2026-09-02T19:35:15.792396Z[0m [32m INFO[0m [2mtushare_sync[0m[2m:[0m window synced [3mcode[0m[2m=[0m"561910" [3mwindow[0m[2m=[0m2024-06-14..2024-07-13 [3mtotal[0m[2m=[0m170146
[2m2026-09-02T19:35:16.809813Z[0m [32m INFO[0m [2mtushare_sync[0m[2m:[0m window synced [3mcode[0m[2m=[0m"561910" [3mwindow[0m[2m=[0m2024-07-14..2024-08-12 [3mtotal[0m[2m=[0m175207
[2m2026-09-02T19:35:17.799923Z[0m [32m INFO[0m [2mtushare_sync[0m[2m:[0m window synced [3mcode[0m[2m=[0m"561910" [3mwindow[0m[2m=[0m2024-08-13..2024-09-11 [3mtotal[0m[2m=[0m180509
[2m2026-09-02T19:35:18.663018Z[0m [32m INFO[0m [2mtushare_sync[0m[2m:[0m window synced [3mcode[0m[2m=[0m"561910" [3mwindow[0m[2m=[0m2024-09-12..2024-10-11 [3mtotal[0m[2m=[0m184124
[2m2026-09-02T19:35:19.745700Z[0m [32m INFO[0m [2mtushare_sync[0m[2m:[0m window synced [3mcode[0m[2m=[0m"561910" [3mwindow[0m[2m=[0m2024-10-12..2024-11-10 [3mtotal[0m[2m=[0m188944
[2m2026-09-02T19:35:20.805121Z[0m [32m INFO[0m [2mtushare_sync[0m[2m:[0m window synced [3mcode[0m[2m=[0m"561910" [3mwindow[0m[2m=[0m2024-11-11..2024-12-10 [3mtotal[0m[2m=[0m194246
[2m2026-09-02T19:35:21.885714Z[0m [32m INFO[0m [2mtushare_sync[0m[2m:[0m window synced [3mcode[0m[2m=[0m"561910" [3mwindow[0m[2m=[0m2024-12-11..2025-01-09 [3mtotal[0m[2m=[0m199307
[2m2026-09-02T19:35:22.452376Z[0m [32m INFO[0m [2mtushare_sync[0m[2m:[0m window synced [3mcode[0m[2m=[0m"561910" [3mwindow[0m[2m=[0m2025-01-10..2025-02-08 [3mtotal[0m[2m=[0m202922
[2m2026-09-02T19:35:23.872557Z[0m [32m INFO[0m [2mtushare_sync[0m[2m:[0m window synced [3mcode[0m[2m=[0m"561910" [3mwindow[0m[2m=[0m2025-02-09..2025-03-10 [3mtotal[0m[2m=[0m207983
[2m2026-09-02T19:35:24.777501Z[0m [32m INFO[0m [2mtushare_sync[0m[2m:[0m window synced [3mcode[0m[2m=[0m"561910" [3mwindow[0m[2m=[0m2025-03-11..2025-04-09 [3mtotal[0m[2m=[0m213044
[2m2026-09-02T19:35:25.838534Z[0m [32m INFO[0m [2mtushare_sync[0m[2m:[0m window synced [3mcode[0m[2m=[0m"561910" [3mwindow[0m[2m=[0m2025-04-10..2025-05-09 [3mtotal[0m[2m=[0m217623
[2m2026-09-02T19:35:26.915363Z[0m [32m INFO[0m [2mtushare_sync[0m[2m:[0m window synced [3mcode[0m[2m=[0m"561910" [3mwindow[0m[2m=[0m2025-05-10..2025-06-08 [3mtotal[0m[2m=[0m222202
[2m2026-09-02T19:35:28.004044Z[0m [32m INFO[0m [2mtushare_sync[0m[2m:[0m window synced [3mcode[0m[2m=[0m"561910" [3mwindow[0m[2m=[0m2025-06-09..2025-07-08 [3mtotal[0m[2m=[0m227504
[2m2026-09-02T19:35:28.869555Z[0m [32m INFO[0m [2mtushare_sync[0m[2m:[0m window synced [3mcode[0m[2m=[0m"561910" [3mwindow[0m[2m=[0m2025-07-09..2025-08-07 [3mtotal[0m[2m=[0m232806
[2m2026-09-02T19:35:29.954085Z[0m [32m INFO[0m [2mtushare_sync[0m[2m:[0m window synced [3mcode[0m[2m=[0m"561910" [3mwindow[0m[2m=[0m2025-08-08..2025-09-06 [3mtotal[0m[2m=[0m237867
[2m2026-09-02T19:35:31.029482Z[0m [32m INFO[0m [2mtushare_sync[0m[2m:[0m window synced [3mcode[0m[2m=[0m"561910" [3mwindow[0m[2m=[0m2025-09-07..2025-10-06 [3mtotal[0m[2m=[0m241964
[2m2026-09-02T19:35:31.927706Z[0m [32m INFO[0m [2mtushare_sync[0m[2m:[0m window synced [3mcode[0m[2m=[0m"561910" [3mwindow[0m[2m=[0m2025-10-07..2025-11-05 [3mtotal[0m[2m=[0m246784
[2m2026-09-02T19:35:32.896080Z[0m [32m INFO[0m [2mtushare_sync[0m[2m:[0m window synced [3mcode[0m[2m=[0m"561910" [3mwindow[0m[2m=[0m2025-11-06..2025-12-05 [3mtotal[0m[2m=[0m252086
[2m2026-09-02T19:35:33.481966Z[0m [32m INFO[0m [2mtushare_sync[0m[2m:[0m window synced [3mcode[0m[2m=[0m"561910" [3mwindow[0m[2m=[0m2025-12-06..2026-01-04 [3mtotal[0m[2m=[0m256424
[2m2026-09-02T19:35:34.788565Z[0m [32m INFO[0m [2mtushare_sync[0m[2m:[0m window synced [3mcode[0m[2m=[0m"561910" [3mwindow[0m[2m=[0m2026-01-05..2026-02-03 [3mtotal[0m[2m=[0m261726
[2m2026-09-02T19:35:35.865079Z[0m [32m INFO[0m [2mtushare_sync[0m[2m:[0m window synced [3mcode[0m[2m=[0m"561910" [3mwindow[0m[2m=[0m2026-02-04..2026-03-05 [3mtotal[0m[2m=[0m265582
[2m2026-09-02T19:35:36.814777Z[0m [32m INFO[0m [2mtushare_sync[0m[2m:[0m window synced [3mcode[0m[2m=[0m"561910" [3mwindow[0m[2m=[0m2026-03-06..2026-04-04 [3mtotal[0m[2m=[0m270643
[2m2026-09-02T19:35:37.956153Z[0m [32m INFO[0m [2mtushare_sync[0m[2m:[0m window synced [3mcode[0m[2m=[0m"561910" [3mwindow[0m[2m=[0m2026-04-05..2026-05-04 [3mtotal[0m[2m=[0m274981
[2m2026-09-02T19:35:38.869860Z[0m [32m INFO[0m [2mtushare_sync[0m[2m:[0m window synced [3mcode[0m[2m=[0m"561910" [3mwindow[0m[2m=[0m2026-05-05..2026-06-03 [3mtotal[0m[2m=[0m280042
[2m2026-09-02T19:35:39.934597Z[0m [32m INFO[0m [2mtushare_sync[0m[2m:[0m window synced [3mcode[0m[2m=[0m"561910" [3mwindow[0m[2m=[0m2026-06-04..2026-07-03 [3mtotal[0m[2m=[0m285103
[2m2026-09-02T19:35:40.923870Z[0m [32m INFO[0m [2mtushare_sync[0m[2m:[0m window synced [3mcode[0m[2m=[0m"561910" [3mwindow[0m[2m=[0m2026-07-04..2026-08-02 [3mtotal[0m[2m=[0m289923
[2m2026-09-02T19:35:41.789369Z[0m [32m INFO[0m [2mtushare_sync[0m[2m:[0m window synced [3mcode[0m[2m=[0m"561910" [3mwindow[0m[2m=[0m2026-08-03..2026-09-01 [3mtotal[0m[2m=[0m295225
[2m2026-09-02T19:35:42.533746Z[0m [32m INFO[0m [2mtushare_sync[0m[2m:[0m window synced [3mcode[0m[2m=[0m"561910" [3mwindow[0m[2m=[0m2026-09-02..2026-09-03 [3mtotal[0m[2m=[0m295466
[2m2026-09-02T19:35:42.533780Z[0m [32m INFO[0m [2mtushare_sync[0m[2m:[0m === sync done === [3mcode[0m[2m=[0m"561910" [3mbars[0m[2m=[0m295466
[2m2026-09-02T19:35:42.533787Z[0m [32m INFO[0m [2mtushare_sync[0m[2m:[0m === sync start === [3mcode[0m[2m=[0m"562500"
[2m2026-09-02T19:35:52.730440Z[0m [32m INFO[0m [2mtushare_sync[0m[2m:[0m first data year found [3mcode[0m[2m=[0m"562500" [3mfirst_year[0m[2m=[0m2021
[2m2026-09-02T19:35:53.707239Z[0m [32m INFO[0m [2mtushare_sync[0m[2m:[0m window synced [3mcode[0m[2m=[0m"562500" [3mwindow[0m[2m=[0m2021-01-01..2021-01-30 [3mtotal[0m[2m=[0m0
[2m2026-09-02T19:35:54.582378Z[0m [32m INFO[0m [2mtushare_sync[0m[2m:[0m window synced [3mcode[0m[2m=[0m"562500" [3mwindow[0m[2m=[0m2021-01-31..2021-03-01 [3mtotal[0m[2m=[0m0
[2m2026-09-02T19:35:55.500810Z[0m [32m INFO[0m [2mtushare_sync[0m[2m:[0m window synced [3mcode[0m[2m=[0m"562500" [3mwindow[0m[2m=[0m2021-03-02..2021-03-31 [3mtotal[0m[2m=[0m0
[2m2026-09-02T19:35:56.649008Z[0m [32m INFO[0m [2mtushare_sync[0m[2m:[0m window synced [3mcode[0m[2m=[0m"562500" [3mwindow[0m[2m=[0m2021-04-01..2021-04-30 [3mtotal[0m[2m=[0m0
[2m2026-09-02T19:35:57.672650Z[0m [32m INFO[0m [2mtushare_sync[0m[2m:[0m window synced [3mcode[0m[2m=[0m"562500" [3mwindow[0m[2m=[0m2021-05-01..2021-05-30 [3mtotal[0m[2m=[0m0
[2m2026-09-02T19:35:58.682390Z[0m [32m INFO[0m [2mtushare_sync[0m[2m:[0m window synced [3mcode[0m[2m=[0m"562500" [3mwindow[0m[2m=[0m2021-05-31..2021-06-29 [3mtotal[0m[2m=[0m0
[2m2026-09-02T19:35:59.821598Z[0m [32m INFO[0m [2mtushare_sync[0m[2m:[0m window synced [3mcode[0m[2m=[0m"562500" [3mwindow[0m[2m=[0m2021-06-30..2021-07-29 [3mtotal[0m[2m=[0m0
[2m2026-09-02T19:36:00.776140Z[0m [32m INFO[0m [2mtushare_sync[0m[2m:[0m window synced [3mcode[0m[2m=[0m"562500" [3mwindow[0m[2m=[0m2021-07-30..2021-08-28 [3mtotal[0m[2m=[0m0
[2m2026-09-02T19:36:01.744768Z[0m [32m INFO[0m [2mtushare_sync[0m[2m:[0m window synced [3mcode[0m[2m=[0m"562500" [3mwindow[0m[2m=[0m2021-08-29..2021-09-27 [3mtotal[0m[2m=[0m0
[2m2026-09-02T19:36:02.821123Z[0m [32m INFO[0m [2mtushare_sync[0m[2m:[0m window synced [3mcode[0m[2m=[0m"562500" [3mwindow[0m[2m=[0m2021-09-28..2021-10-27 [3mtotal[0m[2m=[0m0
[2m2026-09-02T19:36:03.810236Z[0m [32m INFO[0m [2mtushare_sync[0m[2m:[0m window synced [3mcode[0m[2m=[0m"562500" [3mwindow[0m[2m=[0m2021-10-28..2021-11-26 [3mtotal[0m[2m=[0m0
[2m2026-09-02T19:36:04.834936Z[0m [32m INFO[0m [2mtushare_sync[0m[2m:[0m window synced [3mcode[0m[2m=[0m"562500" [3mwindow[0m[2m=[0m2021-11-27..2021-12-26 [3mtotal[0m[2m=[0m0
[2m2026-09-02T19:36:05.648435Z[0m [32m INFO[0m [2mtushare_sync[0m[2m:[0m window synced [3mcode[0m[2m=[0m"562500" [3mwindow[0m[2m=[0m2021-12-27..2022-01-25 [3mtotal[0m[2m=[0m4579
[2m2026-09-02T19:36:06.883600Z[0m [32m INFO[0m [2mtushare_sync[0m[2m:[0m window synced [3mcode[0m[2m=[0m"562500" [3mwindow[0m[2m=[0m2022-01-26..2022-02-24 [3mtotal[0m[2m=[0m8676
[2m2026-09-02T19:36:08.049857Z[0m [32m INFO[0m [2mtushare_sync[0m[2m:[0m window synced [3mcode[0m[2m=[0m"562500" [3mwindow[0m[2m=[0m2022-02-25..2022-03-26 [3mtotal[0m[2m=[0m13737
[2m2026-09-02T19:36:08.909989Z[0m [32m INFO[0m [2mtushare_sync[0m[2m:[0m window synced [3mcode[0m[2m=[0m"562500" [3mwindow[0m[2m=[0m2022-03-27..2022-04-25 [3mtotal[0m[2m=[0m18316
[2m2026-09-02T19:36:09.836781Z[0m [32m INFO[0m [2mtushare_sync[0m[2m:[0m window synced [3mcode[0m[2m=[0m"562500" [3mwindow[0m[2m=[0m2022-04-26..2022-05-25 [3mtotal[0m[2m=[0m22895
[2m2026-09-02T19:36:10.809836Z[0m [32m INFO[0m [2mtushare_sync[0m[2m:[0m window synced [3mcode[0m[2m=[0m"562500" [3mwindow[0m[2m=[0m2022-05-26..2022-06-24 [3mtotal[0m[2m=[0m27956
[2m2026-09-02T19:36:11.786532Z[0m [32m INFO[0m [2mtushare_sync[0m[2m:[0m window synced [3mcode[0m[2m=[0m"562500" [3mwindow[0m[2m=[0m2022-06-25..2022-07-24 [3mtotal[0m[2m=[0m32776
[2m2026-09-02T19:36:12.774867Z[0m [32m INFO[0m [2mtushare_sync[0m[2m:[0m window synced [3mcode[0m[2m=[0m"562500" [3mwindow[0m[2m=[0m2022-07-25..2022-08-23 [3mtotal[0m[2m=[0m38078
[2m2026-09-02T19:36:13.840460Z[0m [32m INFO[0m [2mtushare_sync[0m[2m:[0m window synced [3mcode[0m[2m=[0m"562500" [3mwindow[0m[2m=[0m2022-08-24..2022-09-22 [3mtotal[0m[2m=[0m43139
[2m2026-09-02T19:36:14.664726Z[0m [32m INFO[0m [2mtushare_sync[0m[2m:[0m window synced [3mcode[0m[2m=[0m"562500" [3mwindow[0m[2m=[0m2022-09-23..2022-10-22 [3mtotal[0m[2m=[0m46995
[2m2026-09-02T19:36:15.908859Z[0m [32m INFO[0m [2mtushare_sync[0m[2m:[0m window synced [3mcode[0m[2m=[0m"562500" [3mwindow[0m[2m=[0m2022-10-23..2022-11-21 [3mtotal[0m[2m=[0m52056
[2m2026-09-02T19:36:16.543848Z[0m [32m INFO[0m [2mtushare_sync[0m[2m:[0m window synced [3mcode[0m[2m=[0m"562500" [3mwindow[0m[2m=[0m2022-11-22..2022-12-21 [3mtotal[0m[2m=[0m57358
[2m2026-09-02T19:36:17.746513Z[0m [32m INFO[0m [2mtushare_sync[0m[2m:[0m window synced [3mcode[0m[2m=[0m"562500" [3mwindow[0m[2m=[0m2022-12-22..2023-01-20 [3mtotal[0m[2m=[0m62419
[2m2026-09-02T19:36:18.807179Z[0m [32m INFO[0m [2mtushare_sync[0m[2m:[0m window synced [3mcode[0m[2m=[0m"562500" [3mwindow[0m[2m=[0m2023-01-21..2023-02-19 [3mtotal[0m[2m=[0m66034
[2m2026-09-02T19:36:19.824205Z[0m [32m INFO[0m [2mtushare_sync[0m[2m:[0m window synced [3mcode[0m[2m=[0m"562500" [3mwindow[0m[2m=[0m2023-02-20..2023-03-21 [3mtotal[0m[2m=[0m71336
[2m2026-09-02T19:36:20.953179Z[0m [32m INFO[0m [2mtushare_sync[0m[2m:[0m window synced [3mcode[0m[2m=[0m"562500" [3mwindow[0m[2m=[0m2023-03-22..2023-04-20 [3mtotal[0m[2m=[0m76397
[2m2026-09-02T19:36:21.958467Z[0m [32m INFO[0m [2mtushare_sync[0m[2m:[0m window synced [3mcode[0m[2m=[0m"562500" [3mwindow[0m[2m=[0m2023-04-21..2023-05-20 [3mtotal[0m[2m=[0m80735
[2m2026-09-02T19:36:22.895148Z[0m [32m INFO[0m [2mtushare_sync[0m[2m:[0m window synced [3mcode[0m[2m=[0m"562500" [3mwindow[0m[2m=[0m2023-05-21..2023-06-19 [3mtotal[0m[2m=[0m85796
[2m2026-09-02T19:36:23.845013Z[0m [32m INFO[0m [2mtushare_sync[0m[2m:[0m window synced [3mcode[0m[2m=[0m"562500" [3mwindow[0m[2m=[0m2023-06-20..2023-07-19 [3mtotal[0m[2m=[0m90616
[2m2026-09-02T19:36:24.886833Z[0m [32m INFO[0m [2mtushare_sync[0m[2m:[0m window synced [3mcode[0m[2m=[0m"562500" [3mwindow[0m[2m=[0m2023-07-20..2023-08-18 [3mtotal[0m[2m=[0m95918
[2m2026-09-02T19:36:25.828552Z[0m [32m INFO[0m [2mtushare_sync[0m[2m:[0m window synced [3mcode[0m[2m=[0m"562500" [3mwindow[0m[2m=[0m2023-08-19..2023-09-17 [3mtotal[0m[2m=[0m100738
[2m2026-09-02T19:36:26.786809Z[0m [32m INFO[0m [2mtushare_sync[0m[2m:[0m window synced [3mcode[0m[2m=[0m"562500" [3mwindow[0m[2m=[0m2023-09-18..2023-10-17 [3mtotal[0m[2m=[0m104594
[2m2026-09-02T19:36:27.603866Z[0m [32m INFO[0m [2mtushare_sync[0m[2m:[0m window synced [3mcode[0m[2m=[0m"562500" [3mwindow[0m[2m=[0m2023-10-18..2023-11-16 [3mtotal[0m[2m=[0m109896
[2m2026-09-02T19:36:28.745062Z[0m [32m INFO[0m [2mtushare_sync[0m[2m:[0m window synced [3mcode[0m[2m=[0m"562500" [3mwindow[0m[2m=[0m2023-11-17..2023-12-16 [3mtotal[0m[2m=[0m114957
[2m2026-09-02T19:36:29.927226Z[0m [32m INFO[0m [2mtushare_sync[0m[2m:[0m window synced [3mcode[0m[2m=[0m"562500" [3mwindow[0m[2m=[0m2023-12-17..2024-01-15 [3mtotal[0m[2m=[0m119777
[2m2026-09-02T19:36:31.141187Z[0m [32m INFO[0m [2mtushare_sync[0m[2m:[0m window synced [3mcode[0m[2m=[0m"562500" [3mwindow[0m[2m=[0m2024-01-16..2024-02-14 [3mtotal[0m[2m=[0m124115
[2m2026-09-02T19:36:31.927665Z[0m [32m INFO[0m [2mtushare_sync[0m[2m:[0m window synced [3mcode[0m[2m=[0m"562500" [3mwindow[0m[2m=[0m2024-02-15..2024-03-15 [3mtotal[0m[2m=[0m128935
[2m2026-09-02T19:36:32.862412Z[0m [32m INFO[0m [2mtushare_sync[0m[2m:[0m window synced [3mcode[0m[2m=[0m"562500" [3mwindow[0m[2m=[0m2024-03-16..2024-04-14 [3mtotal[0m[2m=[0m133273
[2m2026-09-02T19:36:33.920301Z[0m [32m INFO[0m [2mtushare_sync[0m[2m:[0m window synced [3mcode[0m[2m=[0m"562500" [3mwindow[0m[2m=[0m2024-04-15..2024-05-14 [3mtotal[0m[2m=[0m137852
[2m2026-09-02T19:36:34.953739Z[0m [32m INFO[0m [2mtushare_sync[0m[2m:[0m window synced [3mcode[0m[2m=[0m"562500" [3mwindow[0m[2m=[0m2024-05-15..2024-06-13 [3mtotal[0m[2m=[0m142913
[2m2026-09-02T19:36:35.926480Z[0m [32m INFO[0m [2mtushare_sync[0m[2m:[0m window synced [3mcode[0m[2m=[0m"562500" [3mwindow[0m[2m=[0m2024-06-14..2024-07-13 [3mtotal[0m[2m=[0m147974
[2m2026-09-02T19:36:36.877588Z[0m [32m INFO[0m [2mtushare_sync[0m[2m:[0m window synced [3mcode[0m[2m=[0m"562500" [3mwindow[0m[2m=[0m2024-07-14..2024-08-12 [3mtotal[0m[2m=[0m153035
[2m2026-09-02T19:36:39.708145Z[0m [32m INFO[0m [2mtushare_sync[0m[2m:[0m window synced [3mcode[0m[2m=[0m"562500" [3mwindow[0m[2m=[0m2024-08-13..2024-09-11 [3mtotal[0m[2m=[0m158337
[2m2026-09-02T19:36:42.450807Z[0m [32m INFO[0m [2mtushare_sync[0m[2m:[0m window synced [3mcode[0m[2m=[0m"562500" [3mwindow[0m[2m=[0m2024-09-12..2024-10-11 [3mtotal[0m[2m=[0m161952
[2m2026-09-02T19:36:46.556578Z[0m [32m INFO[0m [2mtushare_sync[0m[2m:[0m window synced [3mcode[0m[2m=[0m"562500" [3mwindow[0m[2m=[0m2024-10-12..2024-11-10 [3mtotal[0m[2m=[0m166772
[2m2026-09-02T19:36:52.292007Z[0m [32m INFO[0m [2mtushare_sync[0m[2m:[0m window synced [3mcode[0m[2m=[0m"562500" [3mwindow[0m[2m=[0m2024-11-11..2024-12-10 [3mtotal[0m[2m=[0m172074
[2m2026-09-02T19:37:03.870149Z[0m [32m INFO[0m [2mtushare_sync[0m[2m:[0m window synced [3mcode[0m[2m=[0m"562500" [3mwindow[0m[2m=[0m2024-12-11..2025-01-09 [3mtotal[0m[2m=[0m177135
[2m2026-09-02T19:37:15.707543Z[0m [32m INFO[0m [2mtushare_sync[0m[2m:[0m window synced [3mcode[0m[2m=[0m"562500" [3mwindow[0m[2m=[0m2025-01-10..2025-02-08 [3mtotal[0m[2m=[0m180750
[2m2026-09-02T19:37:31.145067Z[0m [32m INFO[0m [2mtushare_sync[0m[2m:[0m window synced [3mcode[0m[2m=[0m"562500" [3mwindow[0m[2m=[0m2025-02-09..2025-03-10 [3mtotal[0m[2m=[0m185811
[2m2026-09-02T19:37:47.662491Z[0m [32m INFO[0m [2mtushare_sync[0m[2m:[0m window synced [3mcode[0m[2m=[0m"562500" [3mwindow[0m[2m=[0m2025-03-11..2025-04-09 [3mtotal[0m[2m=[0m190872
[2m2026-09-02T19:37:58.674181Z[0m [32m INFO[0m [2mtushare_sync[0m[2m:[0m window synced [3mcode[0m[2m=[0m"562500" [3mwindow[0m[2m=[0m2025-04-10..2025-05-09 [3mtotal[0m[2m=[0m195451
[2m2026-09-02T19:37:59.477485Z[0m [32m INFO[0m [2mtushare_sync[0m[2m:[0m window synced [3mcode[0m[2m=[0m"562500" [3mwindow[0m[2m=[0m2025-05-10..2025-06-08 [3mtotal[0m[2m=[0m200030
[2m2026-09-02T19:38:00.221412Z[0m [32m INFO[0m [2mtushare_sync[0m[2m:[0m window synced [3mcode[0m[2m=[0m"562500" [3mwindow[0m[2m=[0m2025-06-09..2025-07-08 [3mtotal[0m[2m=[0m205332
[2m2026-09-02T19:38:01.143329Z[0m [32m INFO[0m [2mtushare_sync[0m[2m:[0m window synced [3mcode[0m[2m=[0m"562500" [3mwindow[0m[2m=[0m2025-07-09..2025-08-07 [3mtotal[0m[2m=[0m210634
[2m2026-09-02T19:38:02.086958Z[0m [32m INFO[0m [2mtushare_sync[0m[2m:[0m window synced [3mcode[0m[2m=[0m"562500" [3mwindow[0m[2m=[0m2025-08-08..2025-09-06 [3mtotal[0m[2m=[0m215695
[2m2026-09-02T19:38:02.986236Z[0m [32m INFO[0m [2mtushare_sync[0m[2m:[0m window synced [3mcode[0m[2m=[0m"562500" [3mwindow[0m[2m=[0m2025-09-07..2025-10-06 [3mtotal[0m[2m=[0m219792
[2m2026-09-02T19:38:04.013464Z[0m [32m INFO[0m [2mtushare_sync[0m[2m:[0m window synced [3mcode[0m[2m=[0m"562500" [3mwindow[0m[2m=[0m2025-10-07..2025-11-05 [3mtotal[0m[2m=[0m224612
[2m2026-09-02T19:38:05.033834Z[0m [32m INFO[0m [2mtushare_sync[0m[2m:[0m window synced [3mcode[0m[2m=[0m"562500" [3mwindow[0m[2m=[0m2025-11-06..2025-12-05 [3mtotal[0m[2m=[0m229914
[2m2026-09-02T19:38:06.003042Z[0m [32m INFO[0m [2mtushare_sync[0m[2m:[0m window synced [3mcode[0m[2m=[0m"562500" [3mwindow[0m[2m=[0m2025-12-06..2026-01-04 [3mtotal[0m[2m=[0m234252
[2m2026-09-02T19:38:07.015418Z[0m [32m INFO[0m [2mtushare_sync[0m[2m:[0m window synced [3mcode[0m[2m=[0m"562500" [3mwindow[0m[2m=[0m2026-01-05..2026-02-03 [3mtotal[0m[2m=[0m239554
[2m2026-09-02T19:38:07.936184Z[0m [32m INFO[0m [2mtushare_sync[0m[2m:[0m window synced [3mcode[0m[2m=[0m"562500" [3mwindow[0m[2m=[0m2026-02-04..2026-03-05 [3mtotal[0m[2m=[0m243410
[2m2026-09-02T19:38:08.973617Z[0m [32m INFO[0m [2mtushare_sync[0m[2m:[0m window synced [3mcode[0m[2m=[0m"562500" [3mwindow[0m[2m=[0m2026-03-06..2026-04-04 [3mtotal[0m[2m=[0m248471
[2m2026-09-02T19:38:09.943588Z[0m [32m INFO[0m [2mtushare_sync[0m[2m:[0m window synced [3mcode[0m[2m=[0m"562500" [3mwindow[0m[2m=[0m2026-04-05..2026-05-04 [3mtotal[0m[2m=[0m252809
[2m2026-09-02T19:38:10.952710Z[0m [32m INFO[0m [2mtushare_sync[0m[2m:[0m window synced [3mcode[0m[2m=[0m"562500" [3mwindow[0m[2m=[0m2026-05-05..2026-06-03 [3mtotal[0m[2m=[0m257870
[2m2026-09-02T19:38:11.960363Z[0m [32m INFO[0m [2mtushare_sync[0m[2m:[0m window synced [3mcode[0m[2m=[0m"562500" [3mwindow[0m[2m=[0m2026-06-04..2026-07-03 [3mtotal[0m[2m=[0m262931
[2m2026-09-02T19:38:12.945056Z[0m [32m INFO[0m [2mtushare_sync[0m[2m:[0m window synced [3mcode[0m[2m=[0m"562500" [3mwindow[0m[2m=[0m2026-07-04..2026-08-02 [3mtotal[0m[2m=[0m267751
[2m2026-09-02T19:38:13.956518Z[0m [32m INFO[0m [2mtushare_sync[0m[2m:[0m window synced [3mcode[0m[2m=[0m"562500" [3mwindow[0m[2m=[0m2026-08-03..2026-09-01 [3mtotal[0m[2m=[0m273053
[2m2026-09-02T19:38:14.772374Z[0m [32m INFO[0m [2mtushare_sync[0m[2m:[0m window synced [3mcode[0m[2m=[0m"562500" [3mwindow[0m[2m=[0m2026-09-02..2026-09-03 [3mtotal[0m[2m=[0m273294
[2m2026-09-02T19:38:14.772406Z[0m [32m INFO[0m [2mtushare_sync[0m[2m:[0m === sync done === [3mcode[0m[2m=[0m"562500" [3mbars[0m[2m=[0m273294
[2m2026-09-02T19:38:14.772412Z[0m [32m INFO[0m [2mtushare_sync[0m[2m:[0m === sync start === [3mcode[0m[2m=[0m"562800"
[2m2026-09-02T19:38:25.034689Z[0m [32m INFO[0m [2mtushare_sync[0m[2m:[0m first data year found [3mcode[0m[2m=[0m"562800" [3mfirst_year[0m[2m=[0m2021
[2m2026-09-02T19:38:25.779639Z[0m [32m INFO[0m [2mtushare_sync[0m[2m:[0m window synced [3mcode[0m[2m=[0m"562800" [3mwindow[0m[2m=[0m2021-01-01..2021-01-30 [3mtotal[0m[2m=[0m0
[2m2026-09-02T19:38:26.772965Z[0m [32m INFO[0m [2mtushare_sync[0m[2m:[0m window synced [3mcode[0m[2m=[0m"562800" [3mwindow[0m[2m=[0m2021-01-31..2021-03-01 [3mtotal[0m[2m=[0m0
[2m2026-09-02T19:38:27.784647Z[0m [32m INFO[0m [2mtushare_sync[0m[2m:[0m window synced [3mcode[0m[2m=[0m"562800" [3mwindow[0m[2m=[0m2021-03-02..2021-03-31 [3mtotal[0m[2m=[0m0
[2m2026-09-02T19:38:28.777879Z[0m [32m INFO[0m [2mtushare_sync[0m[2m:[0m window synced [3mcode[0m[2m=[0m"562800" [3mwindow[0m[2m=[0m2021-04-01..2021-04-30 [3mtotal[0m[2m=[0m0
[2m2026-09-02T19:38:29.774190Z[0m [32m INFO[0m [2mtushare_sync[0m[2m:[0m window synced [3mcode[0m[2m=[0m"562800" [3mwindow[0m[2m=[0m2021-05-01..2021-05-30 [3mtotal[0m[2m=[0m0
[2m2026-09-02T19:38:30.783876Z[0m [32m INFO[0m [2mtushare_sync[0m[2m:[0m window synced [3mcode[0m[2m=[0m"562800" [3mwindow[0m[2m=[0m2021-05-31..2021-06-29 [3mtotal[0m[2m=[0m0
[2m2026-09-02T19:38:31.785895Z[0m [32m INFO[0m [2mtushare_sync[0m[2m:[0m window synced [3mcode[0m[2m=[0m"562800" [3mwindow[0m[2m=[0m2021-06-30..2021-07-29 [3mtotal[0m[2m=[0m0
[2m2026-09-02T19:38:32.789127Z[0m [32m INFO[0m [2mtushare_sync[0m[2m:[0m window synced [3mcode[0m[2m=[0m"562800" [3mwindow[0m[2m=[0m2021-07-30..2021-08-28 [3mtotal[0m[2m=[0m0
[2m2026-09-02T19:38:33.825370Z[0m [32m INFO[0m [2mtushare_sync[0m[2m:[0m window synced [3mcode[0m[2m=[0m"562800" [3mwindow[0m[2m=[0m2021-08-29..2021-09-27 [3mtotal[0m[2m=[0m241
[2m2026-09-02T19:38:34.960574Z[0m [32m INFO[0m [2mtushare_sync[0m[2m:[0m window synced [3mcode[0m[2m=[0m"562800" [3mwindow[0m[2m=[0m2021-09-28..2021-10-27 [3mtotal[0m[2m=[0m4338
[2m2026-09-02T19:38:35.979868Z[0m [32m INFO[0m [2mtushare_sync[0m[2m:[0m window synced [3mcode[0m[2m=[0m"562800" [3mwindow[0m[2m=[0m2021-10-28..2021-11-26 [3mtotal[0m[2m=[0m9640
[2m2026-09-02T19:38:36.966836Z[0m [32m INFO[0m [2mtushare_sync[0m[2m:[0m window synced [3mcode[0m[2m=[0m"562800" [3mwindow[0m[2m=[0m2021-11-27..2021-12-26 [3mtotal[0m[2m=[0m14460
[2m2026-09-02T19:38:37.991258Z[0m [32m INFO[0m [2mtushare_sync[0m[2m:[0m window synced [3mcode[0m[2m=[0m"562800" [3mwindow[0m[2m=[0m2021-12-27..2022-01-25 [3mtotal[0m[2m=[0m19521
[2m2026-09-02T19:38:38.960017Z[0m [32m INFO[0m [2mtushare_sync[0m[2m:[0m window synced [3mcode[0m[2m=[0m"562800" [3mwindow[0m[2m=[0m2022-01-26..2022-02-24 [3mtotal[0m[2m=[0m23618
[2m2026-09-02T19:38:39.988239Z[0m [32m INFO[0m [2mtushare_sync[0m[2m:[0m window synced [3mcode[0m[2m=[0m"562800" [3mwindow[0m[2m=[0m2022-02-25..2022-03-26 [3mtotal[0m[2m=[0m28679
[2m2026-09-02T19:38:40.975770Z[0m [32m INFO[0m [2mtushare_sync[0m[2m:[0m window synced [3mcode[0m[2m=[0m"562800" [3mwindow[0m[2m=[0m2022-03-27..2022-04-25 [3mtotal[0m[2m=[0m33258
[2m2026-09-02T19:38:41.963103Z[0m [32m INFO[0m [2mtushare_sync[0m[2m:[0m window synced [3mcode[0m[2m=[0m"562800" [3mwindow[0m[2m=[0m2022-04-26..2022-05-25 [3mtotal[0m[2m=[0m37837
[2m2026-09-02T19:38:42.982050Z[0m [32m INFO[0m [2mtushare_sync[0m[2m:[0m window synced [3mcode[0m[2m=[0m"562800" [3mwindow[0m[2m=[0m2022-05-26..2022-06-24 [3mtotal[0m[2m=[0m42898
[2m2026-09-02T19:38:43.965926Z[0m [32m INFO[0m [2mtushare_sync[0m[2m:[0m window synced [3mcode[0m[2m=[0m"562800" [3mwindow[0m[2m=[0m2022-06-25..2022-07-24 [3mtotal[0m[2m=[0m47718
[2m2026-09-02T19:38:44.979029Z[0m [32m INFO[0m [2mtushare_sync[0m[2m:[0m window synced [3mcode[0m[2m=[0m"562800" [3mwindow[0m[2m=[0m2022-07-25..2022-08-23 [3mtotal[0m[2m=[0m53020
[2m2026-09-02T19:38:45.986978Z[0m [32m INFO[0m [2mtushare_sync[0m[2m:[0m window synced [3mcode[0m[2m=[0m"562800" [3mwindow[0m[2m=[0m2022-08-24..2022-09-22 [3mtotal[0m[2m=[0m58081
[2m2026-09-02T19:38:46.943162Z[0m [32m INFO[0m [2mtushare_sync[0m[2m:[0m window synced [3mcode[0m[2m=[0m"562800" [3mwindow[0m[2m=[0m2022-09-23..2022-10-22 [3mtotal[0m[2m=[0m61937
[2m2026-09-02T19:38:47.983052Z[0m [32m INFO[0m [2mtushare_sync[0m[2m:[0m window synced [3mcode[0m[2m=[0m"562800" [3mwindow[0m[2m=[0m2022-10-23..2022-11-21 [3mtotal[0m[2m=[0m66998
[2m2026-09-02T19:38:48.987752Z[0m [32m INFO[0m [2mtushare_sync[0m[2m:[0m window synced [3mcode[0m[2m=[0m"562800" [3mwindow[0m[2m=[0m2022-11-22..2022-12-21 [3mtotal[0m[2m=[0m72300
[2m2026-09-02T19:38:50.001111Z[0m [32m INFO[0m [2mtushare_sync[0m[2m:[0m window synced [3mcode[0m[2m=[0m"562800" [3mwindow[0m[2m=[0m2022-12-22..2023-01-20 [3mtotal[0m[2m=[0m77361
[2m2026-09-02T19:38:50.968672Z[0m [32m INFO[0m [2mtushare_sync[0m[2m:[0m window synced [3mcode[0m[2m=[0m"562800" [3mwindow[0m[2m=[0m2023-01-21..2023-02-19 [3mtotal[0m[2m=[0m80976
[2m2026-09-02T19:38:52.045070Z[0m [32m INFO[0m [2mtushare_sync[0m[2m:[0m window synced [3mcode[0m[2m=[0m"562800" [3mwindow[0m[2m=[0m2023-02-20..2023-03-21 [3mtotal[0m[2m=[0m86278
[2m2026-09-02T19:38:53.016044Z[0m [32m INFO[0m [2mtushare_sync[0m[2m:[0m window synced [3mcode[0m[2m=[0m"562800" [3mwindow[0m[2m=[0m2023-03-22..2023-04-20 [3mtotal[0m[2m=[0m91339
[2m2026-09-02T19:38:54.031245Z[0m [32m INFO[0m [2mtushare_sync[0m[2m:[0m window synced [3mcode[0m[2m=[0m"562800" [3mwindow[0m[2m=[0m2023-04-21..2023-05-20 [3mtotal[0m[2m=[0m95677
[2m2026-09-02T19:38:55.022306Z[0m [32m INFO[0m [2mtushare_sync[0m[2m:[0m window synced [3mcode[0m[2m=[0m"562800" [3mwindow[0m[2m=[0m2023-05-21..2023-06-19 [3mtotal[0m[2m=[0m100738
[2m2026-09-02T19:38:56.031889Z[0m [32m INFO[0m [2mtushare_sync[0m[2m:[0m window synced [3mcode[0m[2m=[0m"562800" [3mwindow[0m[2m=[0m2023-06-20..2023-07-19 [3mtotal[0m[2m=[0m105558
[2m2026-09-02T19:38:57.015831Z[0m [32m INFO[0m [2mtushare_sync[0m[2m:[0m window synced [3mcode[0m[2m=[0m"562800" [3mwindow[0m[2m=[0m2023-07-20..2023-08-18 [3mtotal[0m[2m=[0m110860
[2m2026-09-02T19:38:57.989078Z[0m [32m INFO[0m [2mtushare_sync[0m[2m:[0m window synced [3mcode[0m[2m=[0m"562800" [3mwindow[0m[2m=[0m2023-08-19..2023-09-17 [3mtotal[0m[2m=[0m115680
[2m2026-09-02T19:38:58.988813Z[0m [32m INFO[0m [2mtushare_sync[0m[2m:[0m window synced [3mcode[0m[2m=[0m"562800" [3mwindow[0m[2m=[0m2023-09-18..2023-10-17 [3mtotal[0m[2m=[0m119536
[2m2026-09-02T19:39:00.026837Z[0m [32m INFO[0m [2mtushare_sync[0m[2m:[0m window synced [3mcode[0m[2m=[0m"562800" [3mwindow[0m[2m=[0m2023-10-18..2023-11-16 [3mtotal[0m[2m=[0m124838
[2m2026-09-02T19:39:01.071222Z[0m [32m INFO[0m [2mtushare_sync[0m[2m:[0m window synced [3mcode[0m[2m=[0m"562800" [3mwindow[0m[2m=[0m2023-11-17..2023-12-16 [3mtotal[0m[2m=[0m129899
[2m2026-09-02T19:39:02.015103Z[0m [32m INFO[0m [2mtushare_sync[0m[2m:[0m window synced [3mcode[0m[2m=[0m"562800" [3mwindow[0m[2m=[0m2023-12-17..2024-01-15 [3mtotal[0m[2m=[0m134719
[2m2026-09-02T19:39:03.008696Z[0m [32m INFO[0m [2mtushare_sync[0m[2m:[0m window synced [3mcode[0m[2m=[0m"562800" [3mwindow[0m[2m=[0m2024-01-16..2024-02-14 [3mtotal[0m[2m=[0m139057
[2m2026-09-02T19:39:04.045125Z[0m [32m INFO[0m [2mtushare_sync[0m[2m:[0m window synced [3mcode[0m[2m=[0m"562800" [3mwindow[0m[2m=[0m2024-02-15..2024-03-15 [3mtotal[0m[2m=[0m143877
[2m2026-09-02T19:39:04.996060Z[0m [32m INFO[0m [2mtushare_sync[0m[2m:[0m window synced [3mcode[0m[2m=[0m"562800" [3mwindow[0m[2m=[0m2024-03-16..2024-04-14 [3mtotal[0m[2m=[0m148215
[2m2026-09-02T19:39:05.995038Z[0m [32m INFO[0m [2mtushare_sync[0m[2m:[0m window synced [3mcode[0m[2m=[0m"562800" [3mwindow[0m[2m=[0m2024-04-15..2024-05-14 [3mtotal[0m[2m=[0m152794
[2m2026-09-02T19:39:07.286533Z[0m [32m INFO[0m [2mtushare_sync[0m[2m:[0m window synced [3mcode[0m[2m=[0m"562800" [3mwindow[0m[2m=[0m2024-05-15..2024-06-13 [3mtotal[0m[2m=[0m157855
[2m2026-09-02T19:39:08.038027Z[0m [32m INFO[0m [2mtushare_sync[0m[2m:[0m window synced [3mcode[0m[2m=[0m"562800" [3mwindow[0m[2m=[0m2024-06-14..2024-07-13 [3mtotal[0m[2m=[0m162916
[2m2026-09-02T19:39:09.011399Z[0m [32m INFO[0m [2mtushare_sync[0m[2m:[0m window synced [3mcode[0m[2m=[0m"562800" [3mwindow[0m[2m=[0m2024-07-14..2024-08-12 [3mtotal[0m[2m=[0m167977
[2m2026-09-02T19:39:10.023191Z[0m [32m INFO[0m [2mtushare_sync[0m[2m:[0m window synced [3mcode[0m[2m=[0m"562800" [3mwindow[0m[2m=[0m2024-08-13..2024-09-11 [3mtotal[0m[2m=[0m173279
[2m2026-09-02T19:39:10.989482Z[0m [32m INFO[0m [2mtushare_sync[0m[2m:[0m window synced [3mcode[0m[2m=[0m"562800" [3mwindow[0m[2m=[0m2024-09-12..2024-10-11 [3mtotal[0m[2m=[0m176894
[2m2026-09-02T19:39:12.053549Z[0m [32m INFO[0m [2mtushare_sync[0m[2m:[0m window synced [3mcode[0m[2m=[0m"562800" [3mwindow[0m[2m=[0m2024-10-12..2024-11-10 [3mtotal[0m[2m=[0m181714
[2m2026-09-02T19:39:13.038502Z[0m [32m INFO[0m [2mtushare_sync[0m[2m:[0m window synced [3mcode[0m[2m=[0m"562800" [3mwindow[0m[2m=[0m2024-11-11..2024-12-10 [3mtotal[0m[2m=[0m187016
[2m2026-09-02T19:39:14.040339Z[0m [32m INFO[0m [2mtushare_sync[0m[2m:[0m window synced [3mcode[0m[2m=[0m"562800" [3mwindow[0m[2m=[0m2024-12-11..2025-01-09 [3mtotal[0m[2m=[0m192077
[2m2026-09-02T19:39:14.954898Z[0m [32m INFO[0m [2mtushare_sync[0m[2m:[0m window synced [3mcode[0m[2m=[0m"562800" [3mwindow[0m[2m=[0m2025-01-10..2025-02-08 [3mtotal[0m[2m=[0m195692
[2m2026-09-02T19:39:16.025367Z[0m [32m INFO[0m [2mtushare_sync[0m[2m:[0m window synced [3mcode[0m[2m=[0m"562800" [3mwindow[0m[2m=[0m2025-02-09..2025-03-10 [3mtotal[0m[2m=[0m200753
[2m2026-09-02T19:39:17.008099Z[0m [32m INFO[0m [2mtushare_sync[0m[2m:[0m window synced [3mcode[0m[2m=[0m"562800" [3mwindow[0m[2m=[0m2025-03-11..2025-04-09 [3mtotal[0m[2m=[0m205814
[2m2026-09-02T19:39:18.011547Z[0m [32m INFO[0m [2mtushare_sync[0m[2m:[0m window synced [3mcode[0m[2m=[0m"562800" [3mwindow[0m[2m=[0m2025-04-10..2025-05-09 [3mtotal[0m[2m=[0m210393
[2m2026-09-02T19:39:18.988441Z[0m [32m INFO[0m [2mtushare_sync[0m[2m:[0m window synced [3mcode[0m[2m=[0m"562800" [3mwindow[0m[2m=[0m2025-05-10..2025-06-08 [3mtotal[0m[2m=[0m214972
[2m2026-09-02T19:39:20.047824Z[0m [32m INFO[0m [2mtushare_sync[0m[2m:[0m window synced [3mcode[0m[2m=[0m"562800" [3mwindow[0m[2m=[0m2025-06-09..2025-07-08 [3mtotal[0m[2m=[0m220274
[2m2026-09-02T19:39:21.040595Z[0m [32m INFO[0m [2mtushare_sync[0m[2m:[0m window synced [3mcode[0m[2m=[0m"562800" [3mwindow[0m[2m=[0m2025-07-09..2025-08-07 [3mtotal[0m[2m=[0m225576
[2m2026-09-02T19:39:22.016277Z[0m [32m INFO[0m [2mtushare_sync[0m[2m:[0m window synced [3mcode[0m[2m=[0m"562800" [3mwindow[0m[2m=[0m2025-08-08..2025-09-06 [3mtotal[0m[2m=[0m230637
[2m2026-09-02T19:39:22.990942Z[0m [32m INFO[0m [2mtushare_sync[0m[2m:[0m window synced [3mcode[0m[2m=[0m"562800" [3mwindow[0m[2m=[0m2025-09-07..2025-10-06 [3mtotal[0m[2m=[0m234734
[2m2026-09-02T19:39:24.009302Z[0m [32m INFO[0m [2mtushare_sync[0m[2m:[0m window synced [3mcode[0m[2m=[0m"562800" [3mwindow[0m[2m=[0m2025-10-07..2025-11-05 [3mtotal[0m[2m=[0m239554
[2m2026-09-02T19:39:25.028986Z[0m [32m INFO[0m [2mtushare_sync[0m[2m:[0m window synced [3mcode[0m[2m=[0m"562800" [3mwindow[0m[2m=[0m2025-11-06..2025-12-05 [3mtotal[0m[2m=[0m244856
[2m2026-09-02T19:39:26.005832Z[0m [32m INFO[0m [2mtushare_sync[0m[2m:[0m window synced [3mcode[0m[2m=[0m"562800" [3mwindow[0m[2m=[0m2025-12-06..2026-01-04 [3mtotal[0m[2m=[0m249194
[2m2026-09-02T19:39:27.026604Z[0m [32m INFO[0m [2mtushare_sync[0m[2m:[0m window synced [3mcode[0m[2m=[0m"562800" [3mwindow[0m[2m=[0m2026-01-05..2026-02-03 [3mtotal[0m[2m=[0m254496
[2m2026-09-02T19:39:27.973634Z[0m [32m INFO[0m [2mtushare_sync[0m[2m:[0m window synced [3mcode[0m[2m=[0m"562800" [3mwindow[0m[2m=[0m2026-02-04..2026-03-05 [3mtotal[0m[2m=[0m258352
[2m2026-09-02T19:39:29.265031Z[0m [32m INFO[0m [2mtushare_sync[0m[2m:[0m window synced [3mcode[0m[2m=[0m"562800" [3mwindow[0m[2m=[0m2026-03-06..2026-04-04 [3mtotal[0m[2m=[0m263413
[2m2026-09-02T19:39:30.340641Z[0m [32m INFO[0m [2mtushare_sync[0m[2m:[0m window synced [3mcode[0m[2m=[0m"562800" [3mwindow[0m[2m=[0m2026-04-05..2026-05-04 [3mtotal[0m[2m=[0m267751
[2m2026-09-02T19:39:31.184915Z[0m [32m INFO[0m [2mtushare_sync[0m[2m:[0m window synced [3mcode[0m[2m=[0m"562800" [3mwindow[0m[2m=[0m2026-05-05..2026-06-03 [3mtotal[0m[2m=[0m272812
[2m2026-09-02T19:39:32.003423Z[0m [32m INFO[0m [2mtushare_sync[0m[2m:[0m window synced [3mcode[0m[2m=[0m"562800" [3mwindow[0m[2m=[0m2026-06-04..2026-07-03 [3mtotal[0m[2m=[0m277873
[2m2026-09-02T19:39:32.996110Z[0m [32m INFO[0m [2mtushare_sync[0m[2m:[0m window synced [3mcode[0m[2m=[0m"562800" [3mwindow[0m[2m=[0m2026-07-04..2026-08-02 [3mtotal[0m[2m=[0m282693
[2m2026-09-02T19:39:34.008987Z[0m [32m INFO[0m [2mtushare_sync[0m[2m:[0m window synced [3mcode[0m[2m=[0m"562800" [3mwindow[0m[2m=[0m2026-08-03..2026-09-01 [3mtotal[0m[2m=[0m287995
[2m2026-09-02T19:39:34.866639Z[0m [32m INFO[0m [2mtushare_sync[0m[2m:[0m window synced [3mcode[0m[2m=[0m"562800" [3mwindow[0m[2m=[0m2026-09-02..2026-09-03 [3mtotal[0m[2m=[0m288236
[2m2026-09-02T19:39:34.866671Z[0m [32m INFO[0m [2mtushare_sync[0m[2m:[0m === sync done === [3mcode[0m[2m=[0m"562800" [3mbars[0m[2m=[0m288236
[2m2026-09-02T19:39:34.866678Z[0m [32m INFO[0m [2mtushare_sync[0m[2m:[0m === sync start === [3mcode[0m[2m=[0m"588000"
[2m2026-09-02T19:39:44.009321Z[0m [32m INFO[0m [2mtushare_sync[0m[2m:[0m first data year found [3mcode[0m[2m=[0m"588000" [3mfirst_year[0m[2m=[0m2020
[2m2026-09-02T19:39:44.860577Z[0m [32m INFO[0m [2mtushare_sync[0m[2m:[0m window synced [3mcode[0m[2m=[0m"588000" [3mwindow[0m[2m=[0m2020-01-01..2020-01-30 [3mtotal[0m[2m=[0m0
[2m2026-09-02T19:39:45.860070Z[0m [32m INFO[0m [2mtushare_sync[0m[2m:[0m window synced [3mcode[0m[2m=[0m"588000" [3mwindow[0m[2m=[0m2020-01-31..2020-02-29 [3mtotal[0m[2m=[0m0
[2m2026-09-02T19:39:46.859896Z[0m [32m INFO[0m [2mtushare_sync[0m[2m:[0m window synced [3mcode[0m[2m=[0m"588000" [3mwindow[0m[2m=[0m2020-03-01..2020-03-30 [3mtotal[0m[2m=[0m0
[2m2026-09-02T19:39:47.861603Z[0m [32m INFO[0m [2mtushare_sync[0m[2m:[0m window synced [3mcode[0m[2m=[0m"588000" [3mwindow[0m[2m=[0m2020-03-31..2020-04-29 [3mtotal[0m[2m=[0m0
[2m2026-09-02T19:39:48.861956Z[0m [32m INFO[0m [2mtushare_sync[0m[2m:[0m window synced [3mcode[0m[2m=[0m"588000" [3mwindow[0m[2m=[0m2020-04-30..2020-05-29 [3mtotal[0m[2m=[0m0
[2m2026-09-02T19:39:49.863015Z[0m [32m INFO[0m [2mtushare_sync[0m[2m:[0m window synced [3mcode[0m[2m=[0m"588000" [3mwindow[0m[2m=[0m2020-05-30..2020-06-28 [3mtotal[0m[2m=[0m0
[2m2026-09-02T19:39:50.869132Z[0m [32m INFO[0m [2mtushare_sync[0m[2m:[0m window synced [3mcode[0m[2m=[0m"588000" [3mwindow[0m[2m=[0m2020-06-29..2020-07-28 [3mtotal[0m[2m=[0m0
[2m2026-09-02T19:39:51.874690Z[0m [32m INFO[0m [2mtushare_sync[0m[2m:[0m window synced [3mcode[0m[2m=[0m"588000" [3mwindow[0m[2m=[0m2020-07-29..2020-08-27 [3mtotal[0m[2m=[0m0
[2m2026-09-02T19:39:52.867102Z[0m [32m INFO[0m [2mtushare_sync[0m[2m:[0m window synced [3mcode[0m[2m=[0m"588000" [3mwindow[0m[2m=[0m2020-08-28..2020-09-26 [3mtotal[0m[2m=[0m0
[2m2026-09-02T19:39:53.873137Z[0m [32m INFO[0m [2mtushare_sync[0m[2m:[0m window synced [3mcode[0m[2m=[0m"588000" [3mwindow[0m[2m=[0m2020-09-27..2020-10-26 [3mtotal[0m[2m=[0m0
[2m2026-09-02T19:39:54.968257Z[0m [32m INFO[0m [2mtushare_sync[0m[2m:[0m window synced [3mcode[0m[2m=[0m"588000" [3mwindow[0m[2m=[0m2020-10-27..2020-11-25 [3mtotal[0m[2m=[0m1928
[2m2026-09-02T19:39:56.030182Z[0m [32m INFO[0m [2mtushare_sync[0m[2m:[0m window synced [3mcode[0m[2m=[0m"588000" [3mwindow[0m[2m=[0m2020-11-26..2020-12-25 [3mtotal[0m[2m=[0m7230
[2m2026-09-02T19:39:57.032349Z[0m [32m INFO[0m [2mtushare_sync[0m[2m:[0m window synced [3mcode[0m[2m=[0m"588000" [3mwindow[0m[2m=[0m2020-12-26..2021-01-24 [3mtotal[0m[2m=[0m11809
[2m2026-09-02T19:39:58.022251Z[0m [32m INFO[0m [2mtushare_sync[0m[2m:[0m window synced [3mcode[0m[2m=[0m"588000" [3mwindow[0m[2m=[0m2021-01-25..2021-02-23 [3mtotal[0m[2m=[0m15906
[2m2026-09-02T19:39:59.078187Z[0m [32m INFO[0m [2mtushare_sync[0m[2m:[0m window synced [3mcode[0m[2m=[0m"588000" [3mwindow[0m[2m=[0m2021-02-24..2021-03-25 [3mtotal[0m[2m=[0m21208
[2m2026-09-02T19:40:00.078537Z[0m [32m INFO[0m [2mtushare_sync[0m[2m:[0m window synced [3mcode[0m[2m=[0m"588000" [3mwindow[0m[2m=[0m2021-03-26..2021-04-24 [3mtotal[0m[2m=[0m26028
[2m2026-09-02T19:40:01.032791Z[0m [32m INFO[0m [2mtushare_sync[0m[2m:[0m window synced [3mcode[0m[2m=[0m"588000" [3mwindow[0m[2m=[0m2021-04-25..2021-05-24 [3mtotal[0m[2m=[0m30366
[2m2026-09-02T19:40:02.205836Z[0m [32m INFO[0m [2mtushare_sync[0m[2m:[0m window synced [3mcode[0m[2m=[0m"588000" [3mwindow[0m[2m=[0m2021-05-25..2021-06-23 [3mtotal[0m[2m=[0m35427
[2m2026-09-02T19:40:03.064028Z[0m [32m INFO[0m [2mtushare_sync[0m[2m:[0m window synced [3mcode[0m[2m=[0m"588000" [3mwindow[0m[2m=[0m2021-06-24..2021-07-23 [3mtotal[0m[2m=[0m40729
[2m2026-09-02T19:40:04.048685Z[0m [32m INFO[0m [2mtushare_sync[0m[2m:[0m window synced [3mcode[0m[2m=[0m"588000" [3mwindow[0m[2m=[0m2021-07-24..2021-08-22 [3mtotal[0m[2m=[0m45549
[2m2026-09-02T19:40:05.046760Z[0m [32m INFO[0m [2mtushare_sync[0m[2m:[0m window synced [3mcode[0m[2m=[0m"588000" [3mwindow[0m[2m=[0m2021-08-23..2021-09-21 [3mtotal[0m[2m=[0m50369
[2m2026-09-02T19:40:06.026676Z[0m [32m INFO[0m [2mtushare_sync[0m[2m:[0m window synced [3mcode[0m[2m=[0m"588000" [3mwindow[0m[2m=[0m2021-09-22..2021-10-21 [3mtotal[0m[2m=[0m54466
[2m2026-09-02T19:40:07.088731Z[0m [32m INFO[0m [2mtushare_sync[0m[2m:[0m window synced [3mcode[0m[2m=[0m"588000" [3mwindow[0m[2m=[0m2021-10-22..2021-11-20 [3mtotal[0m[2m=[0m59527
[2m2026-09-02T19:40:08.205509Z[0m [32m INFO[0m [2mtushare_sync[0m[2m:[0m window synced [3mcode[0m[2m=[0m"588000" [3mwindow[0m[2m=[0m2021-11-21..2021-12-20 [3mtotal[0m[2m=[0m64588
[2m2026-09-02T19:40:09.062650Z[0m [32m INFO[0m [2mtushare_sync[0m[2m:[0m window synced [3mcode[0m[2m=[0m"588000" [3mwindow[0m[2m=[0m2021-12-21..2022-01-19 [3mtotal[0m[2m=[0m69649
[2m2026-09-02T19:40:10.022440Z[0m [32m INFO[0m [2mtushare_sync[0m[2m:[0m window synced [3mcode[0m[2m=[0m"588000" [3mwindow[0m[2m=[0m2022-01-20..2022-02-18 [3mtotal[0m[2m=[0m73746
[2m2026-09-02T19:40:11.110879Z[0m [32m INFO[0m [2mtushare_sync[0m[2m:[0m window synced [3mcode[0m[2m=[0m"588000" [3mwindow[0m[2m=[0m2022-02-19..2022-03-20 [3mtotal[0m[2m=[0m78566
[2m2026-09-02T19:40:12.049054Z[0m [32m INFO[0m [2mtushare_sync[0m[2m:[0m window synced [3mcode[0m[2m=[0m"588000" [3mwindow[0m[2m=[0m2022-03-21..2022-04-19 [3mtotal[0m[2m=[0m83386
[2m2026-09-02T19:40:13.051000Z[0m [32m INFO[0m [2mtushare_sync[0m[2m:[0m window synced [3mcode[0m[2m=[0m"588000" [3mwindow[0m[2m=[0m2022-04-20..2022-05-19 [3mtotal[0m[2m=[0m87965
[2m2026-09-02T19:40:14.057788Z[0m [32m INFO[0m [2mtushare_sync[0m[2m:[0m window synced [3mcode[0m[2m=[0m"588000" [3mwindow[0m[2m=[0m2022-05-20..2022-06-18 [3mtotal[0m[2m=[0m92785
[2m2026-09-02T19:40:15.050776Z[0m [32m INFO[0m [2mtushare_sync[0m[2m:[0m window synced [3mcode[0m[2m=[0m"588000" [3mwindow[0m[2m=[0m2022-06-19..2022-07-18 [3mtotal[0m[2m=[0m97846
[2m2026-09-02T19:40:16.070959Z[0m [32m INFO[0m [2mtushare_sync[0m[2m:[0m window synced [3mcode[0m[2m=[0m"588000" [3mwindow[0m[2m=[0m2022-07-19..2022-08-17 [3mtotal[0m[2m=[0m103148
[2m2026-09-02T19:40:17.068858Z[0m [32m INFO[0m [2mtushare_sync[0m[2m:[0m window synced [3mcode[0m[2m=[0m"588000" [3mwindow[0m[2m=[0m2022-08-18..2022-09-16 [3mtotal[0m[2m=[0m108209
[2m2026-09-02T19:40:18.041704Z[0m [32m INFO[0m [2mtushare_sync[0m[2m:[0m window synced [3mcode[0m[2m=[0m"588000" [3mwindow[0m[2m=[0m2022-09-17..2022-10-16 [3mtotal[0m[2m=[0m111824
[2m2026-09-02T19:40:19.065653Z[0m [32m INFO[0m [2mtushare_sync[0m[2m:[0m window synced [3mcode[0m[2m=[0m"588000" [3mwindow[0m[2m=[0m2022-10-17..2022-11-15 [3mtotal[0m[2m=[0m117126
[2m2026-09-02T19:40:20.092189Z[0m [32m INFO[0m [2mtushare_sync[0m[2m:[0m window synced [3mcode[0m[2m=[0m"588000" [3mwindow[0m[2m=[0m2022-11-16..2022-12-15 [3mtotal[0m[2m=[0m122428
[2m2026-09-02T19:40:21.113901Z[0m [32m INFO[0m [2mtushare_sync[0m[2m:[0m window synced [3mcode[0m[2m=[0m"588000" [3mwindow[0m[2m=[0m2022-12-16..2023-01-14 [3mtotal[0m[2m=[0m127248
[2m2026-09-02T19:40:22.067841Z[0m [32m INFO[0m [2mtushare_sync[0m[2m:[0m window synced [3mcode[0m[2m=[0m"588000" [3mwindow[0m[2m=[0m2023-01-15..2023-02-13 [3mtotal[0m[2m=[0m131104
[2m2026-09-02T19:40:23.094182Z[0m [32m INFO[0m [2mtushare_sync[0m[2m:[0m window synced [3mcode[0m[2m=[0m"588000" [3mwindow[0m[2m=[0m2023-02-14..2023-03-15 [3mtotal[0m[2m=[0m136406
[2m2026-09-02T19:40:24.092185Z[0m [32m INFO[0m [2mtushare_sync[0m[2m:[0m window synced [3mcode[0m[2m=[0m"588000" [3mwindow[0m[2m=[0m2023-03-16..2023-04-14 [3mtotal[0m[2m=[0m141467
[2m2026-09-02T19:40:25.085539Z[0m [32m INFO[0m [2mtushare_sync[0m[2m:[0m window synced [3mcode[0m[2m=[0m"588000" [3mwindow[0m[2m=[0m2023-04-15..2023-05-14 [3mtotal[0m[2m=[0m145564
[2m2026-09-02T19:40:26.103268Z[0m [32m INFO[0m [2mtushare_sync[0m[2m:[0m window synced [3mcode[0m[2m=[0m"588000" [3mwindow[0m[2m=[0m2023-05-15..2023-06-13 [3mtotal[0m[2m=[0m150866
[2m2026-09-02T19:40:27.087565Z[0m [32m INFO[0m [2mtushare_sync[0m[2m:[0m window synced [3mcode[0m[2m=[0m"588000" [3mwindow[0m[2m=[0m2023-06-14..2023-07-13 [3mtotal[0m[2m=[0m155686
[2m2026-09-02T19:40:28.115226Z[0m [32m INFO[0m [2mtushare_sync[0m[2m:[0m window synced [3mcode[0m[2m=[0m"588000" [3mwindow[0m[2m=[0m2023-07-14..2023-08-12 [3mtotal[0m[2m=[0m160747
[2m2026-09-02T19:40:29.254652Z[0m [32m INFO[0m [2mtushare_sync[0m[2m:[0m window synced [3mcode[0m[2m=[0m"588000" [3mwindow[0m[2m=[0m2023-08-13..2023-09-11 [3mtotal[0m[2m=[0m165808
[2m2026-09-02T19:40:30.112592Z[0m [32m INFO[0m [2mtushare_sync[0m[2m:[0m window synced [3mcode[0m[2m=[0m"588000" [3mwindow[0m[2m=[0m2023-09-12..2023-10-11 [3mtotal[0m[2m=[0m169664
[2m2026-09-02T19:40:31.111284Z[0m [32m INFO[0m [2mtushare_sync[0m[2m:[0m window synced [3mcode[0m[2m=[0m"588000" [3mwindow[0m[2m=[0m2023-10-12..2023-11-10 [3mtotal[0m[2m=[0m174966
[2m2026-09-02T19:40:32.092381Z[0m [32m INFO[0m [2mtushare_sync[0m[2m:[0m window synced [3mcode[0m[2m=[0m"588000" [3mwindow[0m[2m=[0m2023-11-11..2023-12-10 [3mtotal[0m[2m=[0m179786
[2m2026-09-02T19:40:33.113044Z[0m [32m INFO[0m [2mtushare_sync[0m[2m:[0m window synced [3mcode[0m[2m=[0m"588000" [3mwindow[0m[2m=[0m2023-12-11..2024-01-09 [3mtotal[0m[2m=[0m184847
[2m2026-09-02T19:40:34.104720Z[0m [32m INFO[0m [2mtushare_sync[0m[2m:[0m window synced [3mcode[0m[2m=[0m"588000" [3mwindow[0m[2m=[0m2024-01-10..2024-02-08 [3mtotal[0m[2m=[0m190149
[2m2026-09-02T19:40:35.078993Z[0m [32m INFO[0m [2mtushare_sync[0m[2m:[0m window synced [3mcode[0m[2m=[0m"588000" [3mwindow[0m[2m=[0m2024-02-09..2024-03-09 [3mtotal[0m[2m=[0m193764
[2m2026-09-02T19:40:36.092852Z[0m [32m INFO[0m [2mtushare_sync[0m[2m:[0m window synced [3mcode[0m[2m=[0m"588000" [3mwindow[0m[2m=[0m2024-03-10..2024-04-08 [3mtotal[0m[2m=[0m198343
[2m2026-09-02T19:40:37.128492Z[0m [32m INFO[0m [2mtushare_sync[0m[2m:[0m window synced [3mcode[0m[2m=[0m"588000" [3mwindow[0m[2m=[0m2024-04-09..2024-05-08 [3mtotal[0m[2m=[0m202922
[2m2026-09-02T19:40:38.146836Z[0m [32m INFO[0m [2mtushare_sync[0m[2m:[0m window synced [3mcode[0m[2m=[0m"588000" [3mwindow[0m[2m=[0m2024-05-09..2024-06-07 [3mtotal[0m[2m=[0m208224
[2m2026-09-02T19:40:39.117048Z[0m [32m INFO[0m [2mtushare_sync[0m[2m:[0m window synced [3mcode[0m[2m=[0m"588000" [3mwindow[0m[2m=[0m2024-06-08..2024-07-07 [3mtotal[0m[2m=[0m212803
[2m2026-09-02T19:40:40.118839Z[0m [32m INFO[0m [2mtushare_sync[0m[2m:[0m window synced [3mcode[0m[2m=[0m"588000" [3mwindow[0m[2m=[0m2024-07-08..2024-08-06 [3mtotal[0m[2m=[0m218105
[2m2026-09-02T19:40:41.120464Z[0m [32m INFO[0m [2mtushare_sync[0m[2m:[0m window synced [3mcode[0m[2m=[0m"588000" [3mwindow[0m[2m=[0m2024-08-07..2024-09-05 [3mtotal[0m[2m=[0m223407
[2m2026-09-02T19:40:42.107732Z[0m [32m INFO[0m [2mtushare_sync[0m[2m:[0m window synced [3mcode[0m[2m=[0m"588000" [3mwindow[0m[2m=[0m2024-09-06..2024-10-05 [3mtotal[0m[2m=[0m227022
[2m2026-09-02T19:40:43.120392Z[0m [32m INFO[0m [2mtushare_sync[0m[2m:[0m window synced [3mcode[0m[2m=[0m"588000" [3mwindow[0m[2m=[0m2024-10-06..2024-11-04 [3mtotal[0m[2m=[0m231842
[2m2026-09-02T19:40:44.108772Z[0m [32m INFO[0m [2mtushare_sync[0m[2m:[0m window synced [3mcode[0m[2m=[0m"588000" [3mwindow[0m[2m=[0m2024-11-05..2024-12-04 [3mtotal[0m[2m=[0m237144
[2m2026-09-02T19:40:45.122037Z[0m [32m INFO[0m [2mtushare_sync[0m[2m:[0m window synced [3mcode[0m[2m=[0m"588000" [3mwindow[0m[2m=[0m2024-12-05..2025-01-03 [3mtotal[0m[2m=[0m242205
[2m2026-09-02T19:40:46.073509Z[0m [32m INFO[0m [2mtushare_sync[0m[2m:[0m window synced [3mcode[0m[2m=[0m"588000" [3mwindow[0m[2m=[0m2025-01-04..2025-02-02 [3mtotal[0m[2m=[0m246061
[2m2026-09-02T19:40:47.105984Z[0m [32m INFO[0m [2mtushare_sync[0m[2m:[0m window synced [3mcode[0m[2m=[0m"588000" [3mwindow[0m[2m=[0m2025-02-03..2025-03-04 [3mtotal[0m[2m=[0m250881
[2m2026-09-02T19:40:48.103450Z[0m [32m INFO[0m [2mtushare_sync[0m[2m:[0m window synced [3mcode[0m[2m=[0m"588000" [3mwindow[0m[2m=[0m2025-03-05..2025-04-03 [3mtotal[0m[2m=[0m256183
[2m2026-09-02T19:40:49.087468Z[0m [32m INFO[0m [2mtushare_sync[0m[2m:[0m window synced [3mcode[0m[2m=[0m"588000" [3mwindow[0m[2m=[0m2025-04-04..2025-05-03 [3mtotal[0m[2m=[0m260521
[2m2026-09-02T19:40:50.117373Z[0m [32m INFO[0m [2mtushare_sync[0m[2m:[0m window synced [3mcode[0m[2m=[0m"588000" [3mwindow[0m[2m=[0m2025-05-04..2025-06-02 [3mtotal[0m[2m=[0m265100
[2m2026-09-02T19:40:51.116009Z[0m [32m INFO[0m [2mtushare_sync[0m[2m:[0m window synced [3mcode[0m[2m=[0m"588000" [3mwindow[0m[2m=[0m2025-06-03..2025-07-02 [3mtotal[0m[2m=[0m270402
[2m2026-09-02T19:40:52.100267Z[0m [32m INFO[0m [2mtushare_sync[0m[2m:[0m window synced [3mcode[0m[2m=[0m"588000" [3mwindow[0m[2m=[0m2025-07-03..2025-08-01 [3mtotal[0m[2m=[0m275704
[2m2026-09-02T19:40:53.090811Z[0m [32m INFO[0m [2mtushare_sync[0m[2m:[0m window synced [3mcode[0m[2m=[0m"588000" [3mwindow[0m[2m=[0m2025-08-02..2025-08-31 [3mtotal[0m[2m=[0m280524
[2m2026-09-02T19:40:54.116767Z[0m [32m INFO[0m [2mtushare_sync[0m[2m:[0m window synced [3mcode[0m[2m=[0m"588000" [3mwindow[0m[2m=[0m2025-09-01..2025-09-30 [3mtotal[0m[2m=[0m285826
[2m2026-09-02T19:40:55.072185Z[0m [32m INFO[0m [2mtushare_sync[0m[2m:[0m window synced [3mcode[0m[2m=[0m"588000" [3mwindow[0m[2m=[0m2025-10-01..2025-10-30 [3mtotal[0m[2m=[0m289682
[2m2026-09-02T19:40:56.101395Z[0m [32m INFO[0m [2mtushare_sync[0m[2m:[0m window synced [3mcode[0m[2m=[0m"588000" [3mwindow[0m[2m=[0m2025-10-31..2025-11-29 [3mtotal[0m[2m=[0m294743
[2m2026-09-02T19:40:57.501969Z[0m [32m INFO[0m [2mtushare_sync[0m[2m:[0m window synced [3mcode[0m[2m=[0m"588000" [3mwindow[0m[2m=[0m2025-11-30..2025-12-29 [3mtotal[0m[2m=[0m299804
[2m2026-09-02T19:40:58.114083Z[0m [32m INFO[0m [2mtushare_sync[0m[2m:[0m window synced [3mcode[0m[2m=[0m"588000" [3mwindow[0m[2m=[0m2025-12-30..2026-01-28 [3mtotal[0m[2m=[0m304624
[2m2026-09-02T19:40:59.135737Z[0m [32m INFO[0m [2mtushare_sync[0m[2m:[0m window synced [3mcode[0m[2m=[0m"588000" [3mwindow[0m[2m=[0m2026-01-29..2026-02-27 [3mtotal[0m[2m=[0m308480
[2m2026-09-02T19:41:00.100211Z[0m [32m INFO[0m [2mtushare_sync[0m[2m:[0m window synced [3mcode[0m[2m=[0m"588000" [3mwindow[0m[2m=[0m2026-02-28..2026-03-29 [3mtotal[0m[2m=[0m313300
[2m2026-09-02T19:41:01.105630Z[0m [32m INFO[0m [2mtushare_sync[0m[2m:[0m window synced [3mcode[0m[2m=[0m"588000" [3mwindow[0m[2m=[0m2026-03-30..2026-04-28 [3mtotal[0m[2m=[0m318361
[2m2026-09-02T19:41:02.196342Z[0m [32m INFO[0m [2mtushare_sync[0m[2m:[0m window synced [3mcode[0m[2m=[0m"588000" [3mwindow[0m[2m=[0m2026-04-29..2026-05-28 [3mtotal[0m[2m=[0m322940
[2m2026-09-02T19:41:03.105937Z[0m [32m INFO[0m [2mtushare_sync[0m[2m:[0m window synced [3mcode[0m[2m=[0m"588000" [3mwindow[0m[2m=[0m2026-05-29..2026-06-27 [3mtotal[0m[2m=[0m327760
[2m2026-09-02T19:41:04.103644Z[0m [32m INFO[0m [2mtushare_sync[0m[2m:[0m window synced [3mcode[0m[2m=[0m"588000" [3mwindow[0m[2m=[0m2026-06-28..2026-07-27 [3mtotal[0m[2m=[0m332821
[2m2026-09-02T19:41:05.189795Z[0m [32m INFO[0m [2mtushare_sync[0m[2m:[0m window synced [3mcode[0m[2m=[0m"588000" [3mwindow[0m[2m=[0m2026-07-28..2026-08-26 [3mtotal[0m[2m=[0m338123
[2m2026-09-02T19:41:06.079640Z[0m [32m INFO[0m [2mtushare_sync[0m[2m:[0m window synced [3mcode[0m[2m=[0m"588000" [3mwindow[0m[2m=[0m2026-08-27..2026-09-03 [3mtotal[0m[2m=[0m339328
[2m2026-09-02T19:41:06.079673Z[0m [32m INFO[0m [2mtushare_sync[0m[2m:[0m === sync done === [3mcode[0m[2m=[0m"588000" [3mbars[0m[2m=[0m339328
[2m2026-09-02T19:41:06.079688Z[0m [32m INFO[0m [2mtushare_sync[0m[2m:[0m all done [3mdone[0m[2m=[0m44 [3mtotal[0m[2m=[0m44
